<?xml version="1.0" encoding="UTF-8"?><ValueSet xmlns="http://hl7.org/fhir"><id value="DDCC-Composition-Category-ValueSet"/><text><status value="generated"/><div xmlns="http://www.w3.org/1999/xhtml"><ul><li>Include all codes defined in <a href="CodeSystem-DDCC-Composition-Category-CodeSystem.html"><code>http://worldhealthorganization.github.io/ddcc/CodeSystem/DDCC-Composition-Category-CodeSystem</code></a></li></ul></div></text><url value="http://worldhealthorganization.github.io/ddcc/ValueSet/DDCC-Composition-Category-ValueSet"/><version value="1.0.0"/><name value="DDCC_Composition_Category_ValueSet"/><title value="DDCC Composition Category Codes"/><status value="active"/><date value="2022-11-23T04:26:34+00:00"/><publisher value="WHO"/><contact><name value="WHO"/><telecom><system value="url"/><value value="http://who.int"/></telecom></contact><description value="Categorization of DDCC Composition"/><jurisdiction><coding><system value="http://unstats.un.org/unsd/methods/m49/m49.htm"/><code value="001"/></coding></jurisdiction><compose><include><system value="http://worldhealthorganization.github.io/ddcc/CodeSystem/DDCC-Composition-Category-CodeSystem"/></include></compose></ValueSet>