<?xml version="1.0" encoding="UTF-8"?><StructureDefinition xmlns="http://hl7.org/fhir"><id value="v"/><text><status value="extensions"/><div xmlns="http://www.w3.org/1999/xhtml"><table border="0" cellpadding="0" cellspacing="0" style="border: 0px #F0F0F0 solid; font-size: 11px; font-family: verdana; vertical-align: top;"><tr style="border: 1px #F0F0F0 solid; font-size: 11px; font-family: verdana; vertical-align: top"><th style="vertical-align: top; text-align : left; background-color: white; border: 0px #F0F0F0 solid; padding:0px 4px 0px 4px" class="hierarchy"><a href="http://hl7.org/fhir/R4/formats.html#table" title="The logical name of the element">Name</a></th><th style="vertical-align: top; text-align : left; background-color: white; border: 0px #F0F0F0 solid; padding:0px 4px 0px 4px" class="hierarchy"><a href="http://hl7.org/fhir/R4/formats.html#table" title="Information about the use of the element">Flags</a></th><th style="vertical-align: top; text-align : left; background-color: white; border: 0px #F0F0F0 solid; padding:0px 4px 0px 4px" class="hierarchy"><a href="http://hl7.org/fhir/R4/formats.html#table" title="Minimum and Maximum # of times the the element can appear in the instance">Card.</a></th><th style="width: 100px" class="hierarchy"><a href="http://hl7.org/fhir/R4/formats.html#table" title="Reference to the type of the element">Type</a></th><th style="vertical-align: top; text-align : left; background-color: white; border: 0px #F0F0F0 solid; padding:0px 4px 0px 4px" class="hierarchy"><a href="http://hl7.org/fhir/R4/formats.html#table" title="Additional information about the element">Description &amp; Constraints</a><span style="float: right"><a href="http://hl7.org/fhir/R4/formats.html#table" title="Legend for this format"><img src="http://hl7.org/fhir/R4/help16.png" alt="doco" style="background-color: inherit"/></a></span></th></tr><tr style="border: 0px #F0F0F0 solid; padding:0px; vertical-align: top; background-color: white"><td style="vertical-align: top; text-align : left; background-color: white; border: 0px #F0F0F0 solid; padding:0px 4px 0px 4px; white-space: nowrap; background-image: url(tbl_bck1.png)" class="hierarchy"><img src="tbl_spacer.png" alt="." style="background-color: inherit" class="hierarchy"/><img src="icon_element.gif" alt="." style="background-color: white; background-color: inherit" title="Element" class="hierarchy"/> <a href="StructureDefinition-v-definitions.html#v" title="Vaccination Group">v</a><a name="v"> </a></td><td style="vertical-align: top; text-align : left; background-color: white; border: 0px #F0F0F0 solid; padding:0px 4px 0px 4px" class="hierarchy"/><td style="vertical-align: top; text-align : left; background-color: white; border: 0px #F0F0F0 solid; padding:0px 4px 0px 4px" class="hierarchy">1..1</td><td style="vertical-align: top; text-align : left; background-color: white; border: 0px #F0F0F0 solid; padding:0px 4px 0px 4px" class="hierarchy"><a href="http://hl7.org/fhir/R4/datatypes.html#Element">Element</a></td><td style="vertical-align: top; text-align : left; background-color: white; border: 0px #F0F0F0 solid; padding:0px 4px 0px 4px" class="hierarchy">This is an abstract profile<br/>Vaccination Group</td></tr>
<tr style="border: 0px #F0F0F0 solid; padding:0px; vertical-align: top; background-color: #F7F7F7"><td style="vertical-align: top; text-align : left; background-color: #F7F7F7; border: 0px #F0F0F0 solid; padding:0px 4px 0px 4px; white-space: nowrap; background-image: url(tbl_bck10.png)" class="hierarchy"><img src="tbl_spacer.png" alt="." style="background-color: inherit" class="hierarchy"/><img src="tbl_vjoin.png" alt="." style="background-color: inherit" class="hierarchy"/><img src="icon_primitive.png" alt="." style="background-color: #F7F7F7; background-color: inherit" title="Primitive Data Type" class="hierarchy"/> <a href="StructureDefinition-v-definitions.html#v.tg" title="disease or agent targeted">tg</a><a name="v.tg"> </a></td><td style="vertical-align: top; text-align : left; background-color: #F7F7F7; border: 0px #F0F0F0 solid; padding:0px 4px 0px 4px" class="hierarchy"/><td style="vertical-align: top; text-align : left; background-color: #F7F7F7; border: 0px #F0F0F0 solid; padding:0px 4px 0px 4px" class="hierarchy">1..1</td><td style="vertical-align: top; text-align : left; background-color: #F7F7F7; border: 0px #F0F0F0 solid; padding:0px 4px 0px 4px" class="hierarchy"><a href="http://hl7.org/fhir/R4/datatypes.html#code">code</a></td><td style="vertical-align: top; text-align : left; background-color: #F7F7F7; border: 0px #F0F0F0 solid; padding:0px 4px 0px 4px" class="hierarchy">disease or agent targeted</td></tr>
<tr style="border: 0px #F0F0F0 solid; padding:0px; vertical-align: top; background-color: white"><td style="vertical-align: top; text-align : left; background-color: white; border: 0px #F0F0F0 solid; padding:0px 4px 0px 4px; white-space: nowrap; background-image: url(tbl_bck10.png)" class="hierarchy"><img src="tbl_spacer.png" alt="." style="background-color: inherit" class="hierarchy"/><img src="tbl_vjoin.png" alt="." style="background-color: inherit" class="hierarchy"/><img src="icon_primitive.png" alt="." style="background-color: white; background-color: inherit" title="Primitive Data Type" class="hierarchy"/> <a href="StructureDefinition-v-definitions.html#v.vp" title="vaccine or prophylaxis">vp</a><a name="v.vp"> </a></td><td style="vertical-align: top; text-align : left; background-color: white; border: 0px #F0F0F0 solid; padding:0px 4px 0px 4px" class="hierarchy"/><td style="vertical-align: top; text-align : left; background-color: white; border: 0px #F0F0F0 solid; padding:0px 4px 0px 4px" class="hierarchy">1..1</td><td style="vertical-align: top; text-align : left; background-color: white; border: 0px #F0F0F0 solid; padding:0px 4px 0px 4px" class="hierarchy"><a href="http://hl7.org/fhir/R4/datatypes.html#code">code</a></td><td style="vertical-align: top; text-align : left; background-color: white; border: 0px #F0F0F0 solid; padding:0px 4px 0px 4px" class="hierarchy">vaccine or prophylaxis</td></tr>
<tr style="border: 0px #F0F0F0 solid; padding:0px; vertical-align: top; background-color: #F7F7F7"><td style="vertical-align: top; text-align : left; background-color: #F7F7F7; border: 0px #F0F0F0 solid; padding:0px 4px 0px 4px; white-space: nowrap; background-image: url(tbl_bck10.png)" class="hierarchy"><img src="tbl_spacer.png" alt="." style="background-color: inherit" class="hierarchy"/><img src="tbl_vjoin.png" alt="." style="background-color: inherit" class="hierarchy"/><img src="icon_primitive.png" alt="." style="background-color: #F7F7F7; background-color: inherit" title="Primitive Data Type" class="hierarchy"/> <a href="StructureDefinition-v-definitions.html#v.mp" title="vaccine medicinal product">mp</a><a name="v.mp"> </a></td><td style="vertical-align: top; text-align : left; background-color: #F7F7F7; border: 0px #F0F0F0 solid; padding:0px 4px 0px 4px" class="hierarchy"/><td style="vertical-align: top; text-align : left; background-color: #F7F7F7; border: 0px #F0F0F0 solid; padding:0px 4px 0px 4px" class="hierarchy">1..1</td><td style="vertical-align: top; text-align : left; background-color: #F7F7F7; border: 0px #F0F0F0 solid; padding:0px 4px 0px 4px" class="hierarchy"><a href="http://hl7.org/fhir/R4/datatypes.html#code">code</a></td><td style="vertical-align: top; text-align : left; background-color: #F7F7F7; border: 0px #F0F0F0 solid; padding:0px 4px 0px 4px" class="hierarchy">vaccine medicinal product</td></tr>
<tr style="border: 0px #F0F0F0 solid; padding:0px; vertical-align: top; background-color: white"><td style="vertical-align: top; text-align : left; background-color: white; border: 0px #F0F0F0 solid; padding:0px 4px 0px 4px; white-space: nowrap; background-image: url(tbl_bck10.png)" class="hierarchy"><img src="tbl_spacer.png" alt="." style="background-color: inherit" class="hierarchy"/><img src="tbl_vjoin.png" alt="." style="background-color: inherit" class="hierarchy"/><img src="icon_primitive.png" alt="." style="background-color: white; background-color: inherit" title="Primitive Data Type" class="hierarchy"/> <a href="StructureDefinition-v-definitions.html#v.ma" title="Marketing Authorization Holder - if no MAH present, then manufacturer">ma</a><a name="v.ma"> </a></td><td style="vertical-align: top; text-align : left; background-color: white; border: 0px #F0F0F0 solid; padding:0px 4px 0px 4px" class="hierarchy"/><td style="vertical-align: top; text-align : left; background-color: white; border: 0px #F0F0F0 solid; padding:0px 4px 0px 4px" class="hierarchy">1..1</td><td style="vertical-align: top; text-align : left; background-color: white; border: 0px #F0F0F0 solid; padding:0px 4px 0px 4px" class="hierarchy"><a href="http://hl7.org/fhir/R4/datatypes.html#code">code</a></td><td style="vertical-align: top; text-align : left; background-color: white; border: 0px #F0F0F0 solid; padding:0px 4px 0px 4px" class="hierarchy">Marketing Authorization Holder - if no MAH present, then manufacturer</td></tr>
<tr style="border: 0px #F0F0F0 solid; padding:0px; vertical-align: top; background-color: #F7F7F7"><td style="vertical-align: top; text-align : left; background-color: #F7F7F7; border: 0px #F0F0F0 solid; padding:0px 4px 0px 4px; white-space: nowrap; background-image: url(tbl_bck10.png)" class="hierarchy"><img src="tbl_spacer.png" alt="." style="background-color: inherit" class="hierarchy"/><img src="tbl_vjoin.png" alt="." style="background-color: inherit" class="hierarchy"/><img src="icon_primitive.png" alt="." style="background-color: #F7F7F7; background-color: inherit" title="Primitive Data Type" class="hierarchy"/> <a href="StructureDefinition-v-definitions.html#v.dn" title="Dose Number">dn</a><a name="v.dn"> </a></td><td style="vertical-align: top; text-align : left; background-color: #F7F7F7; border: 0px #F0F0F0 solid; padding:0px 4px 0px 4px" class="hierarchy"/><td style="vertical-align: top; text-align : left; background-color: #F7F7F7; border: 0px #F0F0F0 solid; padding:0px 4px 0px 4px" class="hierarchy">1..1</td><td style="vertical-align: top; text-align : left; background-color: #F7F7F7; border: 0px #F0F0F0 solid; padding:0px 4px 0px 4px" class="hierarchy"><a href="http://hl7.org/fhir/R4/datatypes.html#integer">integer</a></td><td style="vertical-align: top; text-align : left; background-color: #F7F7F7; border: 0px #F0F0F0 solid; padding:0px 4px 0px 4px" class="hierarchy">Dose Number</td></tr>
<tr style="border: 0px #F0F0F0 solid; padding:0px; vertical-align: top; background-color: white"><td style="vertical-align: top; text-align : left; background-color: white; border: 0px #F0F0F0 solid; padding:0px 4px 0px 4px; white-space: nowrap; background-image: url(tbl_bck10.png)" class="hierarchy"><img src="tbl_spacer.png" alt="." style="background-color: inherit" class="hierarchy"/><img src="tbl_vjoin.png" alt="." style="background-color: inherit" class="hierarchy"/><img src="icon_primitive.png" alt="." style="background-color: white; background-color: inherit" title="Primitive Data Type" class="hierarchy"/> <a href="StructureDefinition-v-definitions.html#v.sd" title="Total Series of Doses">sd</a><a name="v.sd"> </a></td><td style="vertical-align: top; text-align : left; background-color: white; border: 0px #F0F0F0 solid; padding:0px 4px 0px 4px" class="hierarchy"/><td style="vertical-align: top; text-align : left; background-color: white; border: 0px #F0F0F0 solid; padding:0px 4px 0px 4px" class="hierarchy">1..1</td><td style="vertical-align: top; text-align : left; background-color: white; border: 0px #F0F0F0 solid; padding:0px 4px 0px 4px" class="hierarchy"><a href="http://hl7.org/fhir/R4/datatypes.html#integer">integer</a></td><td style="vertical-align: top; text-align : left; background-color: white; border: 0px #F0F0F0 solid; padding:0px 4px 0px 4px" class="hierarchy">Total Series of Doses</td></tr>
<tr style="border: 0px #F0F0F0 solid; padding:0px; vertical-align: top; background-color: #F7F7F7"><td style="vertical-align: top; text-align : left; background-color: #F7F7F7; border: 0px #F0F0F0 solid; padding:0px 4px 0px 4px; white-space: nowrap; background-image: url(tbl_bck10.png)" class="hierarchy"><img src="tbl_spacer.png" alt="." style="background-color: inherit" class="hierarchy"/><img src="tbl_vjoin.png" alt="." style="background-color: inherit" class="hierarchy"/><img src="icon_primitive.png" alt="." style="background-color: #F7F7F7; background-color: inherit" title="Primitive Data Type" class="hierarchy"/> <a href="StructureDefinition-v-definitions.html#v.dt" title="ISO8601 complete date: Date of Vaccination">dt</a><a name="v.dt"> </a></td><td style="vertical-align: top; text-align : left; background-color: #F7F7F7; border: 0px #F0F0F0 solid; padding:0px 4px 0px 4px" class="hierarchy"/><td style="vertical-align: top; text-align : left; background-color: #F7F7F7; border: 0px #F0F0F0 solid; padding:0px 4px 0px 4px" class="hierarchy">1..1</td><td style="vertical-align: top; text-align : left; background-color: #F7F7F7; border: 0px #F0F0F0 solid; padding:0px 4px 0px 4px" class="hierarchy"><a href="http://hl7.org/fhir/R4/datatypes.html#date">date</a></td><td style="vertical-align: top; text-align : left; background-color: #F7F7F7; border: 0px #F0F0F0 solid; padding:0px 4px 0px 4px" class="hierarchy">ISO8601 complete date: Date of Vaccination</td></tr>
<tr style="border: 0px #F0F0F0 solid; padding:0px; vertical-align: top; background-color: white"><td style="vertical-align: top; text-align : left; background-color: white; border: 0px #F0F0F0 solid; padding:0px 4px 0px 4px; white-space: nowrap; background-image: url(tbl_bck10.png)" class="hierarchy"><img src="tbl_spacer.png" alt="." style="background-color: inherit" class="hierarchy"/><img src="tbl_vjoin.png" alt="." style="background-color: inherit" class="hierarchy"/><img src="icon_primitive.png" alt="." style="background-color: white; background-color: inherit" title="Primitive Data Type" class="hierarchy"/> <a href="StructureDefinition-v-definitions.html#v.co" title="Country of Vaccination">co</a><a name="v.co"> </a></td><td style="vertical-align: top; text-align : left; background-color: white; border: 0px #F0F0F0 solid; padding:0px 4px 0px 4px" class="hierarchy"/><td style="vertical-align: top; text-align : left; background-color: white; border: 0px #F0F0F0 solid; padding:0px 4px 0px 4px" class="hierarchy">1..1</td><td style="vertical-align: top; text-align : left; background-color: white; border: 0px #F0F0F0 solid; padding:0px 4px 0px 4px" class="hierarchy"><a href="http://hl7.org/fhir/R4/datatypes.html#code">code</a></td><td style="vertical-align: top; text-align : left; background-color: white; border: 0px #F0F0F0 solid; padding:0px 4px 0px 4px" class="hierarchy">Country of Vaccination</td></tr>
<tr style="border: 0px #F0F0F0 solid; padding:0px; vertical-align: top; background-color: #F7F7F7"><td style="vertical-align: top; text-align : left; background-color: #F7F7F7; border: 0px #F0F0F0 solid; padding:0px 4px 0px 4px; white-space: nowrap; background-image: url(tbl_bck10.png)" class="hierarchy"><img src="tbl_spacer.png" alt="." style="background-color: inherit" class="hierarchy"/><img src="tbl_vjoin.png" alt="." style="background-color: inherit" class="hierarchy"/><img src="icon_primitive.png" alt="." style="background-color: #F7F7F7; background-color: inherit" title="Primitive Data Type" class="hierarchy"/> <a href="StructureDefinition-v-definitions.html#v.is" title="Certificate Issuer">is</a><a name="v.is"> </a></td><td style="vertical-align: top; text-align : left; background-color: #F7F7F7; border: 0px #F0F0F0 solid; padding:0px 4px 0px 4px" class="hierarchy"/><td style="vertical-align: top; text-align : left; background-color: #F7F7F7; border: 0px #F0F0F0 solid; padding:0px 4px 0px 4px" class="hierarchy">1..1</td><td style="vertical-align: top; text-align : left; background-color: #F7F7F7; border: 0px #F0F0F0 solid; padding:0px 4px 0px 4px" class="hierarchy"><a href="http://hl7.org/fhir/R4/datatypes.html#string">string</a></td><td style="vertical-align: top; text-align : left; background-color: #F7F7F7; border: 0px #F0F0F0 solid; padding:0px 4px 0px 4px" class="hierarchy">Certificate Issuer</td></tr>
<tr style="border: 0px #F0F0F0 solid; padding:0px; vertical-align: top; background-color: white"><td style="vertical-align: top; text-align : left; background-color: white; border: 0px #F0F0F0 solid; padding:0px 4px 0px 4px; white-space: nowrap; background-image: url(tbl_bck00.png)" class="hierarchy"><img src="tbl_spacer.png" alt="." style="background-color: inherit" class="hierarchy"/><img src="tbl_vjoin_end.png" alt="." style="background-color: inherit" class="hierarchy"/><img src="icon_primitive.png" alt="." style="background-color: white; background-color: inherit" title="Primitive Data Type" class="hierarchy"/> <a href="StructureDefinition-v-definitions.html#v.ci" title="Unique Certificate Identifier: UVCI">ci</a><a name="v.ci"> </a></td><td style="vertical-align: top; text-align : left; background-color: white; border: 0px #F0F0F0 solid; padding:0px 4px 0px 4px" class="hierarchy"/><td style="vertical-align: top; text-align : left; background-color: white; border: 0px #F0F0F0 solid; padding:0px 4px 0px 4px" class="hierarchy">1..1</td><td style="vertical-align: top; text-align : left; background-color: white; border: 0px #F0F0F0 solid; padding:0px 4px 0px 4px" class="hierarchy"><a href="http://hl7.org/fhir/R4/datatypes.html#string">string</a></td><td style="vertical-align: top; text-align : left; background-color: white; border: 0px #F0F0F0 solid; padding:0px 4px 0px 4px" class="hierarchy">Unique Certificate Identifier: UVCI</td></tr>
<tr><td colspan="5" class="hierarchy"><br/><a href="http://hl7.org/fhir/R4/formats.html#table" title="Legend for this format"><img src="http://hl7.org/fhir/R4/help16.png" alt="doco" style="background-color: inherit"/> Documentation for this format</a></td></tr></table></div></text><url value="http://hl7.eu/fhir/ig/dcc/StructureDefinition/v"/><version value="1.0.0"/><name value="v"/><title value="Vaccination Group"/><status value="draft"/><experimental value="true"/><date value="2021-07-29T18:57:54+00:00"/><publisher value="WHO"/><contact><name value="WHO"/><telecom><system value="url"/><value value="http://who.int"/></telecom></contact><description value="Vaccination Group"/><jurisdiction><coding><system value="http://unstats.un.org/unsd/methods/m49/m49.htm"/><code value="001"/></coding></jurisdiction><fhirVersion value="4.0.1"/><mapping><identity value="fhir"/><uri value="hl7.org/fhir/r4"/><name value="FHIR"/></mapping><mapping><identity value="rim"/><uri value="http://hl7.org/v3"/><name value="RIM Mapping"/></mapping><kind value="logical"/><abstract value="true"/><type value="v"/><baseDefinition value="http://hl7.org/fhir/StructureDefinition/Element"/><derivation value="specialization"/><snapshot><element id="v"><path value="v"/><short value="Vaccination Group"/><definition value="Vaccination Group"/><min value="1"/><max value="1"/><base><path value="Element"/><min value="0"/><max value="*"/></base><condition value="ele-1"/><isModifier value="false"/><mapping><identity value="rim"/><map value="n/a"/></mapping></element><element id="v.id"><path value="v.id"/><representation value="xmlAttr"/><short value="Unique id for inter-element referencing"/><definition value="Unique id for the element within a resource (for internal references). This may be any string value that does not contain spaces."/><min value="0"/><max value="1"/><base><path value="Element.id"/><min value="0"/><max value="1"/></base><type><extension url="http://hl7.org/fhir/StructureDefinition/structuredefinition-fhir-type"><valueUrl value="string"/></extension><code value="http://hl7.org/fhirpath/System.String"/></type><isModifier value="false"/><isSummary value="false"/><mapping><identity value="rim"/><map value="n/a"/></mapping></element><element id="v.extension"><path value="v.extension"/><slicing><discriminator><type value="value"/><path value="url"/></discriminator><description value="Extensions are always sliced by (at least) url"/><rules value="open"/></slicing><short value="Additional content defined by implementations"/><definition value="May be used to represent additional information that is not part of the basic definition of the element. To make the use of extensions safe and manageable, there is a strict set of governance  applied to the definition and use of extensions. Though any implementer can define an extension, there is a set of requirements that SHALL be met as part of the definition of the extension."/><comment value="There can be no stigma associated with the use of extensions by any application, project, or standard - regardless of the institution or jurisdiction that uses or defines the extensions.  The use of extensions is what allows the FHIR specification to retain a core level of simplicity for everyone."/><alias value="extensions"/><alias value="user content"/><min value="0"/><max value="*"/><base><path value="Element.extension"/><min value="0"/><max value="*"/></base><type><code value="Extension"/></type><constraint><key value="ele-1"/><severity value="error"/><human value="All FHIR elements must have a @value or children"/><expression value="hasValue() or (children().count() &gt; id.count())"/><xpath value="@value|f:*|h:div"/><source value="http://hl7.org/fhir/StructureDefinition/Element"/></constraint><constraint><key value="ext-1"/><severity value="error"/><human value="Must have either extensions or value[x], not both"/><expression value="extension.exists() != value.exists()"/><xpath value="exists(f:extension)!=exists(f:*[starts-with(local-name(.), &quot;value&quot;)])"/><source value="http://hl7.org/fhir/StructureDefinition/Extension"/></constraint><isModifier value="false"/><isSummary value="false"/><mapping><identity value="rim"/><map value="n/a"/></mapping></element><element id="v.tg"><path value="v.tg"/><short value="disease or agent targeted"/><definition value="disease or agent targeted"/><min value="1"/><max value="1"/><base><path value="v.tg"/><min value="1"/><max value="1"/></base><type><code value="code"/></type></element><element id="v.vp"><path value="v.vp"/><short value="vaccine or prophylaxis"/><definition value="vaccine or prophylaxis"/><min value="1"/><max value="1"/><base><path value="v.vp"/><min value="1"/><max value="1"/></base><type><code value="code"/></type></element><element id="v.mp"><path value="v.mp"/><short value="vaccine medicinal product"/><definition value="vaccine medicinal product"/><min value="1"/><max value="1"/><base><path value="v.mp"/><min value="1"/><max value="1"/></base><type><code value="code"/></type></element><element id="v.ma"><path value="v.ma"/><short value="Marketing Authorization Holder - if no MAH present, then manufacturer"/><definition value="Marketing Authorization Holder - if no MAH present, then manufacturer"/><min value="1"/><max value="1"/><base><path value="v.ma"/><min value="1"/><max value="1"/></base><type><code value="code"/></type></element><element id="v.dn"><path value="v.dn"/><short value="Dose Number"/><definition value="Dose Number"/><min value="1"/><max value="1"/><base><path value="v.dn"/><min value="1"/><max value="1"/></base><type><code value="integer"/></type></element><element id="v.sd"><path value="v.sd"/><short value="Total Series of Doses"/><definition value="Total Series of Doses"/><min value="1"/><max value="1"/><base><path value="v.sd"/><min value="1"/><max value="1"/></base><type><code value="integer"/></type></element><element id="v.dt"><path value="v.dt"/><short value="ISO8601 complete date: Date of Vaccination"/><definition value="ISO8601 complete date: Date of Vaccination"/><min value="1"/><max value="1"/><base><path value="v.dt"/><min value="1"/><max value="1"/></base><type><code value="date"/></type></element><element id="v.co"><path value="v.co"/><short value="Country of Vaccination"/><definition value="Country of Vaccination"/><min value="1"/><max value="1"/><base><path value="v.co"/><min value="1"/><max value="1"/></base><type><code value="code"/></type></element><element id="v.is"><path value="v.is"/><short value="Certificate Issuer"/><definition value="Certificate Issuer"/><min value="1"/><max value="1"/><base><path value="v.is"/><min value="1"/><max value="1"/></base><type><code value="string"/></type></element><element id="v.ci"><path value="v.ci"/><short value="Unique Certificate Identifier: UVCI"/><definition value="Unique Certificate Identifier: UVCI"/><min value="1"/><max value="1"/><base><path value="v.ci"/><min value="1"/><max value="1"/></base><type><code value="string"/></type></element></snapshot><differential><element id="v"><path value="v"/><short value="Vaccination Group"/><definition value="Vaccination Group"/><min value="1"/><max value="1"/></element><element id="v.tg"><path value="v.tg"/><short value="disease or agent targeted"/><definition value="disease or agent targeted"/><min value="1"/><max value="1"/><type><code value="code"/></type></element><element id="v.vp"><path value="v.vp"/><short value="vaccine or prophylaxis"/><definition value="vaccine or prophylaxis"/><min value="1"/><max value="1"/><type><code value="code"/></type></element><element id="v.mp"><path value="v.mp"/><short value="vaccine medicinal product"/><definition value="vaccine medicinal product"/><min value="1"/><max value="1"/><type><code value="code"/></type></element><element id="v.ma"><path value="v.ma"/><short value="Marketing Authorization Holder - if no MAH present, then manufacturer"/><definition value="Marketing Authorization Holder - if no MAH present, then manufacturer"/><min value="1"/><max value="1"/><type><code value="code"/></type></element><element id="v.dn"><path value="v.dn"/><short value="Dose Number"/><definition value="Dose Number"/><min value="1"/><max value="1"/><type><code value="integer"/></type></element><element id="v.sd"><path value="v.sd"/><short value="Total Series of Doses"/><definition value="Total Series of Doses"/><min value="1"/><max value="1"/><type><code value="integer"/></type></element><element id="v.dt"><path value="v.dt"/><short value="ISO8601 complete date: Date of Vaccination"/><definition value="ISO8601 complete date: Date of Vaccination"/><min value="1"/><max value="1"/><type><code value="date"/></type></element><element id="v.co"><path value="v.co"/><short value="Country of Vaccination"/><definition value="Country of Vaccination"/><min value="1"/><max value="1"/><type><code value="code"/></type></element><element id="v.is"><path value="v.is"/><short value="Certificate Issuer"/><definition value="Certificate Issuer"/><min value="1"/><max value="1"/><type><code value="string"/></type></element><element id="v.ci"><path value="v.ci"/><short value="Unique Certificate Identifier: UVCI"/><definition value="Unique Certificate Identifier: UVCI"/><min value="1"/><max value="1"/><type><code value="string"/></type></element></differential></StructureDefinition>