{
  "resourceType" : "CodeSystem",
  "id" : "WHODDCCdivoclabtestorigin",
  "text" : {
    "status" : "generated",
    "div" : "<div xmlns=\"http://www.w3.org/1999/xhtml\"><p class=\"res-header-id\"><b>Generated Narrative: CodeSystem WHODDCCdivoclabtestorigin</b></p><a name=\"WHODDCCdivoclabtestorigin\"> </a><a name=\"hcWHODDCCdivoclabtestorigin\"> </a><a name=\"WHODDCCdivoclabtestorigin-en-US\"> </a><p>This case-sensitive code system <code>http://smart.who.int/ddcc/CodeSystem/WHODDCCdivoclabtestorigin</code> defines the following codes:</p><table class=\"codes\"><tr><td style=\"white-space:nowrap\"><b>Code</b></td><td><b>Display</b></td></tr><tr><td style=\"white-space:nowrap\">Nasopharyngeal Swab<a name=\"WHODDCCdivoclabtestorigin-NasopharyngealSwab\"> </a></td><td>Nasopharyngeal Swab</td></tr><tr><td style=\"white-space:nowrap\">Throat swab<a name=\"WHODDCCdivoclabtestorigin-Throatswab\"> </a></td><td>Throat swab</td></tr><tr><td style=\"white-space:nowrap\">Bronchoalveolar lavage<a name=\"WHODDCCdivoclabtestorigin-Bronchoalveolarlavage\"> </a></td><td>Bronchoalveolar lavage</td></tr><tr><td style=\"white-space:nowrap\">Endotracheal Aspirate<a name=\"WHODDCCdivoclabtestorigin-EndotrachealAspirate\"> </a></td><td>Endotracheal Aspirate</td></tr><tr><td style=\"white-space:nowrap\">Nasal Swab<a name=\"WHODDCCdivoclabtestorigin-NasalSwab\"> </a></td><td>Nasal Swab</td></tr><tr><td style=\"white-space:nowrap\">nasopharyngeal swab<a name=\"WHODDCCdivoclabtestorigin-nasopharyngealswab\"> </a></td><td>Nasopharyngeal Swab</td></tr><tr><td style=\"white-space:nowrap\">throat swab<a name=\"WHODDCCdivoclabtestorigin-throatswab\"> </a></td><td>Throat swab</td></tr><tr><td style=\"white-space:nowrap\">bronchoalveolar lavage<a name=\"WHODDCCdivoclabtestorigin-bronchoalveolarlavage\"> </a></td><td>Bronchoalveolar lavage</td></tr><tr><td style=\"white-space:nowrap\">endotracheal aspirate<a name=\"WHODDCCdivoclabtestorigin-endotrachealaspirate\"> </a></td><td>Endotracheal Aspirate</td></tr><tr><td style=\"white-space:nowrap\">nasal swab<a name=\"WHODDCCdivoclabtestorigin-nasalswab\"> </a></td><td>Nasal Swab</td></tr></table></div>"
  },
  "url" : "http://smart.who.int/ddcc/CodeSystem/WHODDCCdivoclabtestorigin",
  "version" : "1.0.0",
  "name" : "WHODDCCdivoclabtestorigin",
  "title" : "DIVOC lab test origin codes used in this IG",
  "status" : "draft",
  "experimental" : true,
  "date" : "2024-10-15T09:23:49+00:00",
  "publisher" : "WHO",
  "contact" : [{
    "name" : "WHO",
    "telecom" : [{
      "system" : "url",
      "value" : "http://who.int"
    }]
  }],
  "description" : "All DIVOC lab test origin codes from its internally defined code system used in this IG. Provided so the FHIR server can perform expansions.",
  "jurisdiction" : [{
    "coding" : [{
      "system" : "http://unstats.un.org/unsd/methods/m49/m49.htm",
      "code" : "001"
    }]
  }],
  "caseSensitive" : true,
  "content" : "complete",
  "count" : 10,
  "concept" : [{
    "code" : "Nasopharyngeal Swab",
    "display" : "Nasopharyngeal Swab"
  },
  {
    "code" : "Throat swab",
    "display" : "Throat swab"
  },
  {
    "code" : "Bronchoalveolar lavage",
    "display" : "Bronchoalveolar lavage"
  },
  {
    "code" : "Endotracheal Aspirate",
    "display" : "Endotracheal Aspirate"
  },
  {
    "code" : "Nasal Swab",
    "display" : "Nasal Swab"
  },
  {
    "code" : "nasopharyngeal swab",
    "display" : "Nasopharyngeal Swab"
  },
  {
    "code" : "throat swab",
    "display" : "Throat swab"
  },
  {
    "code" : "bronchoalveolar lavage",
    "display" : "Bronchoalveolar lavage"
  },
  {
    "code" : "endotracheal aspirate",
    "display" : "Endotracheal Aspirate"
  },
  {
    "code" : "nasal swab",
    "display" : "Nasal Swab"
  }]
}