{
  "resourceType" : "ValueSet",
  "id" : "LabTestQualitativeResultSnomedValueSet",
  "text" : {
    "status" : "generated",
    "div" : "<div xmlns=\"http://www.w3.org/1999/xhtml\"><p class=\"res-header-id\"><b>Generated Narrative: ValueSet LabTestQualitativeResultSnomedValueSet</b></p><a name=\"LabTestQualitativeResultSnomedValueSet\"> </a><a name=\"hcLabTestQualitativeResultSnomedValueSet\"> </a><a name=\"LabTestQualitativeResultSnomedValueSet-en-US\"> </a><ul><li>Include these codes as defined in <a href=\"http://www.snomed.org/\"><code>http://snomed.info/sct</code></a><table class=\"none\"><tr><td style=\"white-space:nowrap\"><b>Code</b></td><td><b>Display</b></td></tr><tr><td><a href=\"CodeSystem-WHODDCCsnomed.html#WHODDCCsnomed-10828004\">10828004</a></td><td>Positive (qualifier value)</td></tr><tr><td><a href=\"CodeSystem-WHODDCCsnomed.html#WHODDCCsnomed-11214006\">11214006</a></td><td>Reactive (qualifier value)</td></tr><tr><td><a href=\"CodeSystem-WHODDCCsnomed.html#WHODDCCsnomed-125154007\">125154007</a></td><td>Specimen unsatisfactory for evaluation (finding)</td></tr><tr><td><a href=\"CodeSystem-WHODDCCsnomed.html#WHODDCCsnomed-131194007\">131194007</a></td><td>Non-reactive (qualifier value)</td></tr><tr><td><a href=\"CodeSystem-WHODDCCsnomed.html#WHODDCCsnomed-260373001\">260373001</a></td><td>Detected (qualifier value)</td></tr><tr><td><a href=\"CodeSystem-WHODDCCsnomed.html#WHODDCCsnomed-260385009\">260385009</a></td><td>Negative (qualifier value)</td></tr><tr><td><a href=\"CodeSystem-WHODDCCsnomed.html#WHODDCCsnomed-260415000\">260415000</a></td><td>Not detected (qualifier value)</td></tr><tr><td><a href=\"CodeSystem-WHODDCCsnomed.html#WHODDCCsnomed-415684004\">415684004</a></td><td>Suspected (qualifier value)</td></tr><tr><td><a href=\"CodeSystem-WHODDCCsnomed.html#WHODDCCsnomed-419984006\">419984006</a></td><td>Inconclusive (qualifier value)</td></tr><tr><td><a href=\"CodeSystem-WHODDCCsnomed.html#WHODDCCsnomed-42425007\">42425007</a></td><td>Equivocal (qualifier value)</td></tr><tr><td><a href=\"CodeSystem-WHODDCCsnomed.html#WHODDCCsnomed-455371000124106\">455371000124106</a></td><td>Invalid result (qualifier value)</td></tr><tr><td><a href=\"CodeSystem-WHODDCCsnomed.html#WHODDCCsnomed-720735008\">720735008</a></td><td>Presumptive positive (qualifier value)</td></tr><tr><td><a href=\"CodeSystem-WHODDCCsnomed.html#WHODDCCsnomed-82334004\">82334004</a></td><td>Indeterminate (qualifier value)</td></tr></table></li></ul></div>"
  },
  "url" : "http://smart.who.int/ddcc/ValueSet/LabTestQualitativeResultSnomedValueSet",
  "version" : "1.0.0",
  "name" : "LabTestQualitativeResultSnomedValueSet",
  "title" : "Lab Test - Qualitative Result - SNOMED CT",
  "status" : "draft",
  "experimental" : true,
  "date" : "2024-10-15T09:23:49+00:00",
  "publisher" : "WHO",
  "contact" : [{
    "name" : "WHO",
    "telecom" : [{
      "system" : "url",
      "value" : "http://who.int"
    }]
  }],
  "description" : "This is a one-time snapshot of the allowed values for lab test results in EUDCC and SMART Health Cards, retrieved in February 2023 from https://eur-lex.europa.eu/legal-content/EN/TXT/?uri=uriserv%3AOJ.L_.2021.230.01.0032.01.ENG and <http://build.fhir.org/ig/HL7/fhir-shc-vaccination-ig/ValueSet-vaccine-snomed.html> respectively. Contents may need to be updated and readers should consult the original documentation.",
  "jurisdiction" : [{
    "coding" : [{
      "system" : "http://unstats.un.org/unsd/methods/m49/m49.htm",
      "code" : "001"
    }]
  }],
  "compose" : {
    "include" : [{
      "system" : "http://snomed.info/sct",
      "concept" : [{
        "code" : "10828004",
        "display" : "Positive (qualifier value)"
      },
      {
        "code" : "11214006",
        "display" : "Reactive (qualifier value)"
      },
      {
        "code" : "125154007",
        "display" : "Specimen unsatisfactory for evaluation (finding)"
      },
      {
        "code" : "131194007",
        "display" : "Non-reactive (qualifier value)"
      },
      {
        "code" : "260373001",
        "display" : "Detected (qualifier value)"
      },
      {
        "code" : "260385009",
        "display" : "Negative (qualifier value)"
      },
      {
        "code" : "260415000",
        "display" : "Not detected (qualifier value)"
      },
      {
        "code" : "415684004",
        "display" : "Suspected (qualifier value)"
      },
      {
        "code" : "419984006",
        "display" : "Inconclusive (qualifier value)"
      },
      {
        "code" : "42425007",
        "display" : "Equivocal (qualifier value)"
      },
      {
        "code" : "455371000124106",
        "display" : "Invalid result (qualifier value)"
      },
      {
        "code" : "720735008",
        "display" : "Presumptive positive (qualifier value)"
      },
      {
        "code" : "82334004",
        "display" : "Indeterminate (qualifier value)"
      }]
    }]
  }
}