<?xml version="1.0" encoding="UTF-8"?>

<Bundle xmlns="http://hl7.org/fhir">
  <id value="DDCCTXSHEbundleexampleArabic"/>
  <meta>
    <profile value="http://smart.who.int/ddcc/StructureDefinition/DDCCSubmitHealthEventRequest"/>
  </meta>
  <type value="batch"/>
  <entry>
    <fullUrl value="http://www.example.org/fhir/Parameters/DDCCVSTXSHEParametersArabic"/>
    <resource>
      <Parameters>
        <id value="DDCCVSTXSHEParametersArabic"/>
        <meta>
          <profile value="http://smart.who.int/ddcc/StructureDefinition/DDCCGenerateHealthCertificateParameters"/>
        </meta>
        <parameter>
          <name value="response"/>
          <resource>
            <QuestionnaireResponse>
              <id value="DDCCVSQuestionnaireResponseArabic"/>
              <meta>
                <profile value="http://smart.who.int/ddcc/StructureDefinition/DDCCQuestionnaireResponse"/>
              </meta>
              <questionnaire value="http://smart.who.int/ddcc/DDCCVSCoreDataSetQuestionnaire"/>
              <status value="completed"/>
              <subject>
                <reference value="Patient/DDCCPatientArabic"/>
              </subject>
              <authored value="2021-04-01"/>
              <item>
                <linkId value="name"/>
                <answer>
                  <valueString value="أولوس أجيريوس"/>
                </answer>
              </item>
              <item>
                <linkId value="birthDate"/>
                <answer>
                  <valueDate value="2003-03-03"/>
                </answer>
              </item>
              <item>
                <linkId value="identifier"/>
                <answer>
                  <valueString value="12345678905"/>
                </answer>
              </item>
              <item>
                <linkId value="sex"/>
                <answer>
                  <valueCoding>
                    <system value="http://hl7.org/fhir/administrative-gender"/>
                    <code value="male"/>
                  </valueCoding>
                </answer>
              </item>
              <item>
                <linkId value="vaccine"/>
                <answer>
                  <valueCoding>
                    <system value="http://id.who.int/icd11/mms"/>
                    <code value="XM1NL1"/>
                  </valueCoding>
                </answer>
              </item>
              <item>
                <linkId value="brand"/>
                <answer>
                  <valueCoding>
                    <system value="http://id.who.int/icd11/mms"/>
                    <code value="XM1G90"/>
                  </valueCoding>
                </answer>
              </item>
              <item>
                <linkId value="manufacturer"/>
                <answer>
                  <valueCoding>
                    <system value="http://smart.who.int/ddcc/CodeSystem/DDCCExampleTestCodeSystem"/>
                    <code value="TEST"/>
                  </valueCoding>
                </answer>
              </item>
              <item>
                <linkId value="ma_holder"/>
                <answer>
                  <valueCoding>
                    <system value="http://smart.who.int/ddcc/CodeSystem/DDCCExampleTestCodeSystem"/>
                    <code value="TEST"/>
                  </valueCoding>
                </answer>
              </item>
              <item>
                <linkId value="lot"/>
                <answer>
                  <valueString value="ER8732"/>
                </answer>
              </item>
              <item>
                <linkId value="date"/>
                <answer>
                  <valueDate value="2021-04-05"/>
                </answer>
              </item>
              <item>
                <linkId value="vaccine_valid"/>
                <answer>
                  <valueDate value="2021-04-19"/>
                </answer>
              </item>
              <item>
                <linkId value="dose"/>
                <answer>
                  <valueInteger value="1"/>
                </answer>
              </item>
              <item>
                <linkId value="total_doses"/>
                <answer>
                  <valueInteger value="2"/>
                </answer>
              </item>
              <item>
                <linkId value="country"/>
                <answer>
                  <valueCoding>
                    <system value="urn:iso:std:iso:3166"/>
                    <code value="SAU"/>
                  </valueCoding>
                </answer>
              </item>
              <item>
                <linkId value="centre"/>
                <answer>
                  <valueString value="موقع التطعيم"/>
                </answer>
              </item>
              <item>
                <linkId value="hw"/>
                <answer>
                  <valueString value="lAH8TnzqAInqwkslHzOlSA"/>
                </answer>
              </item>
              <item>
                <linkId value="disease"/>
                <answer>
                  <valueCoding>
                    <system value="http://id.who.int/icd11/mms"/>
                    <code value="RA01"/>
                  </valueCoding>
                </answer>
              </item>
              <item>
                <linkId value="due_date"/>
                <answer>
                  <valueDate value="2021-04-28"/>
                </answer>
              </item>
              <item>
                <linkId value="pha"/>
                <answer>
                  <valueString value="dPD2PfwzBQyphcjeUiAdRP"/>
                </answer>
              </item>
              <item>
                <linkId value="hcid"/>
                <answer>
                  <valueString value="bMlJkAt0V92RYhhG3fNt5"/>
                </answer>
              </item>
              <item>
                <linkId value="valid_from"/>
                <answer>
                  <valueDate value="2021-04-05"/>
                </answer>
              </item>
              <item>
                <linkId value="valid_until"/>
                <answer>
                  <valueDate value="2022-04-05"/>
                </answer>
              </item>
            </QuestionnaireResponse>
          </resource>
        </parameter>
      </Parameters>
    </resource>
    <request>
      <method value="POST"/>
      <url value="QuestionnaireResponse/$generateHealthCertificate"/>
    </request>
  </entry>
</Bundle>