<?xml version="1.0" encoding="UTF-8"?>

<CodeSystem xmlns="http://hl7.org/fhir">
  <id value="WHODDCCdivoclabtestorigin"/>
  <text>
    <status value="generated"/><div xmlns="http://www.w3.org/1999/xhtml"><p class="res-header-id"><b>Generated Narrative: CodeSystem WHODDCCdivoclabtestorigin</b></p><a name="WHODDCCdivoclabtestorigin"> </a><a name="hcWHODDCCdivoclabtestorigin"> </a><a name="WHODDCCdivoclabtestorigin-en-US"> </a><p>This case-sensitive code system <code>http://smart.who.int/ddcc/CodeSystem/WHODDCCdivoclabtestorigin</code> defines the following codes:</p><table class="codes"><tr><td style="white-space:nowrap"><b>Code</b></td><td><b>Display</b></td></tr><tr><td style="white-space:nowrap">Nasopharyngeal Swab<a name="WHODDCCdivoclabtestorigin-NasopharyngealSwab"> </a></td><td>Nasopharyngeal Swab</td></tr><tr><td style="white-space:nowrap">Throat swab<a name="WHODDCCdivoclabtestorigin-Throatswab"> </a></td><td>Throat swab</td></tr><tr><td style="white-space:nowrap">Bronchoalveolar lavage<a name="WHODDCCdivoclabtestorigin-Bronchoalveolarlavage"> </a></td><td>Bronchoalveolar lavage</td></tr><tr><td style="white-space:nowrap">Endotracheal Aspirate<a name="WHODDCCdivoclabtestorigin-EndotrachealAspirate"> </a></td><td>Endotracheal Aspirate</td></tr><tr><td style="white-space:nowrap">Nasal Swab<a name="WHODDCCdivoclabtestorigin-NasalSwab"> </a></td><td>Nasal Swab</td></tr><tr><td style="white-space:nowrap">nasopharyngeal swab<a name="WHODDCCdivoclabtestorigin-nasopharyngealswab"> </a></td><td>Nasopharyngeal Swab</td></tr><tr><td style="white-space:nowrap">throat swab<a name="WHODDCCdivoclabtestorigin-throatswab"> </a></td><td>Throat swab</td></tr><tr><td style="white-space:nowrap">bronchoalveolar lavage<a name="WHODDCCdivoclabtestorigin-bronchoalveolarlavage"> </a></td><td>Bronchoalveolar lavage</td></tr><tr><td style="white-space:nowrap">endotracheal aspirate<a name="WHODDCCdivoclabtestorigin-endotrachealaspirate"> </a></td><td>Endotracheal Aspirate</td></tr><tr><td style="white-space:nowrap">nasal swab<a name="WHODDCCdivoclabtestorigin-nasalswab"> </a></td><td>Nasal Swab</td></tr></table></div>
  </text>
  <url value="http://smart.who.int/ddcc/CodeSystem/WHODDCCdivoclabtestorigin"/>
  <version value="1.0.0"/>
  <name value="WHODDCCdivoclabtestorigin"/>
  <title value="DIVOC lab test origin codes used in this IG"/>
  <status value="draft"/>
  <experimental value="true"/>
  <date value="2025-03-10T12:24:36+00:00"/>
  <publisher value="WHO"/>
  <contact>
    <name value="WHO"/>
    <telecom>
      <system value="url"/>
      <value value="http://who.int"/>
    </telecom>
  </contact>
  <description value="All DIVOC lab test origin codes from its internally defined code system used in this IG. Provided so the FHIR server can perform expansions."/>
  <jurisdiction>
    <coding>
      <system value="http://unstats.un.org/unsd/methods/m49/m49.htm"/>
      <code value="001"/>
    </coding>
  </jurisdiction>
  <caseSensitive value="true"/>
  <content value="complete"/>
  <count value="10"/>
  <concept>
    <code value="Nasopharyngeal Swab"/>
    <display value="Nasopharyngeal Swab"/>
  </concept>
  <concept>
    <code value="Throat swab"/>
    <display value="Throat swab"/>
  </concept>
  <concept>
    <code value="Bronchoalveolar lavage"/>
    <display value="Bronchoalveolar lavage"/>
  </concept>
  <concept>
    <code value="Endotracheal Aspirate"/>
    <display value="Endotracheal Aspirate"/>
  </concept>
  <concept>
    <code value="Nasal Swab"/>
    <display value="Nasal Swab"/>
  </concept>
  <concept>
    <code value="nasopharyngeal swab"/>
    <display value="Nasopharyngeal Swab"/>
  </concept>
  <concept>
    <code value="throat swab"/>
    <display value="Throat swab"/>
  </concept>
  <concept>
    <code value="bronchoalveolar lavage"/>
    <display value="Bronchoalveolar lavage"/>
  </concept>
  <concept>
    <code value="endotracheal aspirate"/>
    <display value="Endotracheal Aspirate"/>
  </concept>
  <concept>
    <code value="nasal swab"/>
    <display value="Nasal Swab"/>
  </concept>
</CodeSystem>