<?xml version="1.0" encoding="UTF-8"?>

<ConceptMap xmlns="http://hl7.org/fhir">
  <id value="who-ddcc-map-icao-icd11-vaccines"/>
  <text>
    <status value="generated"/><div xmlns="http://www.w3.org/1999/xhtml"><p class="res-header-id"><b>Generated Narrative: ConceptMap who-ddcc-map-icao-icd11-vaccines</b></p><a name="who-ddcc-map-icao-icd11-vaccines"> </a><a name="hcwho-ddcc-map-icao-icd11-vaccines"> </a><a name="who-ddcc-map-icao-icd11-vaccines-en-US"> </a><p>Mapping from (not specified) to (not specified)</p><br/><p><b>Group 1 </b>Mapping from <code>http://id.who.int/icd11/mms</code> to <code>http://smart.who.int/ddcc/ICAOV1</code></p><table class="grid"><tr><td><b>Source Code</b></td><td><b>Relationship</b></td><td><b>Target Code</b></td></tr><tr><td>ICAO001</td><td><a href="http://hl7.org/fhir/extensions/5.2.0/CodeSystem-concept-map-equivalence.html#wider" title="wider">maps to wider concept</a></td><td>XM68M6</td></tr><tr><td>ICAO002</td><td><a href="http://hl7.org/fhir/extensions/5.2.0/CodeSystem-concept-map-equivalence.html#wider" title="wider">maps to wider concept</a></td><td>XM68M6</td></tr><tr><td>ICAO003</td><td><a href="http://hl7.org/fhir/extensions/5.2.0/CodeSystem-concept-map-equivalence.html#wider" title="wider">maps to wider concept</a></td><td>XM68M6</td></tr><tr><td>ICAO004</td><td><a href="http://hl7.org/fhir/extensions/5.2.0/CodeSystem-concept-map-equivalence.html#wider" title="wider">maps to wider concept</a></td><td>XM68M6</td></tr><tr><td>ICAO005</td><td><a href="http://hl7.org/fhir/extensions/5.2.0/CodeSystem-concept-map-equivalence.html#wider" title="wider">maps to wider concept</a></td><td>XM68M6</td></tr><tr><td>ICAO006</td><td><a href="http://hl7.org/fhir/extensions/5.2.0/CodeSystem-concept-map-equivalence.html#wider" title="wider">maps to wider concept</a></td><td>XM68M6</td></tr><tr><td>ICAO007</td><td><a href="http://hl7.org/fhir/extensions/5.2.0/CodeSystem-concept-map-equivalence.html#wider" title="wider">maps to wider concept</a></td><td>XM68M6</td></tr><tr><td>ICAO008</td><td><a href="http://hl7.org/fhir/extensions/5.2.0/CodeSystem-concept-map-equivalence.html#wider" title="wider">maps to wider concept</a></td><td>XM68M6</td></tr><tr><td>ICAO009</td><td><a href="http://hl7.org/fhir/extensions/5.2.0/CodeSystem-concept-map-equivalence.html#wider" title="wider">maps to wider concept</a></td><td>XM3DT5</td></tr><tr><td>ICAO010</td><td><a href="http://hl7.org/fhir/extensions/5.2.0/CodeSystem-concept-map-equivalence.html#wider" title="wider">maps to wider concept</a></td><td>XM3DT5</td></tr><tr><td>ICAO011</td><td><a href="http://hl7.org/fhir/extensions/5.2.0/CodeSystem-concept-map-equivalence.html#wider" title="wider">maps to wider concept</a></td><td>XM3DT5</td></tr><tr><td>ICAO012</td><td><a href="http://hl7.org/fhir/extensions/5.2.0/CodeSystem-concept-map-equivalence.html#wider" title="wider">maps to wider concept</a></td><td>XM3DT5</td></tr><tr><td>ICAO013</td><td><a href="http://hl7.org/fhir/extensions/5.2.0/CodeSystem-concept-map-equivalence.html#wider" title="wider">maps to wider concept</a></td><td>XM52P3</td></tr><tr><td>ICAO014</td><td><a href="http://hl7.org/fhir/extensions/5.2.0/CodeSystem-concept-map-equivalence.html#wider" title="wider">maps to wider concept</a></td><td>XM52P3</td></tr><tr><td>ICAO015</td><td><a href="http://hl7.org/fhir/extensions/5.2.0/CodeSystem-concept-map-equivalence.html#wider" title="wider">maps to wider concept</a></td><td>XM3CT4</td></tr><tr><td>ICAO016</td><td><a href="http://hl7.org/fhir/extensions/5.2.0/CodeSystem-concept-map-equivalence.html#wider" title="wider">maps to wider concept</a></td><td>XM3CT4</td></tr><tr><td>ICAO017</td><td><a href="http://hl7.org/fhir/extensions/5.2.0/CodeSystem-concept-map-equivalence.html#wider" title="wider">maps to wider concept</a></td><td>XM3CT4</td></tr><tr><td>ICAO018</td><td><a href="http://hl7.org/fhir/extensions/5.2.0/CodeSystem-concept-map-equivalence.html#wider" title="wider">maps to wider concept</a></td><td>XM3CT4</td></tr><tr><td>ICAO019</td><td><a href="http://hl7.org/fhir/extensions/5.2.0/CodeSystem-concept-map-equivalence.html#wider" title="wider">maps to wider concept</a></td><td>XM3CT4</td></tr><tr><td>ICAO020</td><td><a href="http://hl7.org/fhir/extensions/5.2.0/CodeSystem-concept-map-equivalence.html#wider" title="wider">maps to wider concept</a></td><td>XM3PG0</td></tr><tr><td>ICAO021</td><td><a href="http://hl7.org/fhir/extensions/5.2.0/CodeSystem-concept-map-equivalence.html#wider" title="wider">maps to wider concept</a></td><td>XM3PG0</td></tr><tr><td>ICAO022</td><td><a href="http://hl7.org/fhir/extensions/5.2.0/CodeSystem-concept-map-equivalence.html#wider" title="wider">maps to wider concept</a></td><td>XM3PG0</td></tr><tr><td>ICAO023</td><td><a href="http://hl7.org/fhir/extensions/5.2.0/CodeSystem-concept-map-equivalence.html#wider" title="wider">maps to wider concept</a></td><td>XM3PG0</td></tr><tr><td>ICAO024</td><td><a href="http://hl7.org/fhir/extensions/5.2.0/CodeSystem-concept-map-equivalence.html#wider" title="wider">maps to wider concept</a></td><td>XM3PG0</td></tr><tr><td>ICAO025</td><td><a href="http://hl7.org/fhir/extensions/5.2.0/CodeSystem-concept-map-equivalence.html#wider" title="wider">maps to wider concept</a></td><td>XM4EC8</td></tr><tr><td>ICAO026</td><td><a href="http://hl7.org/fhir/extensions/5.2.0/CodeSystem-concept-map-equivalence.html#wider" title="wider">maps to wider concept</a></td><td>XM4EC8</td></tr><tr><td>ICAO027</td><td><a href="http://hl7.org/fhir/extensions/5.2.0/CodeSystem-concept-map-equivalence.html#wider" title="wider">maps to wider concept</a></td><td>XM4EC8</td></tr><tr><td>ICAO028</td><td><a href="http://hl7.org/fhir/extensions/5.2.0/CodeSystem-concept-map-equivalence.html#wider" title="wider">maps to wider concept</a></td><td>XM6SZ8</td></tr><tr><td>ICAO029</td><td><a href="http://hl7.org/fhir/extensions/5.2.0/CodeSystem-concept-map-equivalence.html#wider" title="wider">maps to wider concept</a></td><td>XM6SZ8</td></tr><tr><td>ICAO030</td><td><a href="http://hl7.org/fhir/extensions/5.2.0/CodeSystem-concept-map-equivalence.html#wider" title="wider">maps to wider concept</a></td><td>XM0RV9</td></tr><tr><td>ICAO031</td><td><a href="http://hl7.org/fhir/extensions/5.2.0/CodeSystem-concept-map-equivalence.html#wider" title="wider">maps to wider concept</a></td><td>XM0RV9</td></tr><tr><td>ICAO032</td><td><a href="http://hl7.org/fhir/extensions/5.2.0/CodeSystem-concept-map-equivalence.html#wider" title="wider">maps to wider concept</a></td><td>XM3SK8</td></tr><tr><td>ICAO033</td><td><a href="http://hl7.org/fhir/extensions/5.2.0/CodeSystem-concept-map-equivalence.html#wider" title="wider">maps to wider concept</a></td><td>XM3SK8</td></tr><tr><td>ICAO034</td><td><a href="http://hl7.org/fhir/extensions/5.2.0/CodeSystem-concept-map-equivalence.html#wider" title="wider">maps to wider concept</a></td><td>XM9P21</td></tr><tr><td>ICAO035</td><td><a href="http://hl7.org/fhir/extensions/5.2.0/CodeSystem-concept-map-equivalence.html#wider" title="wider">maps to wider concept</a></td><td>XM9P21</td></tr><tr><td>ICAO036</td><td><a href="http://hl7.org/fhir/extensions/5.2.0/CodeSystem-concept-map-equivalence.html#wider" title="wider">maps to wider concept</a></td><td>XM9P21</td></tr><tr><td>ICAO037</td><td><a href="http://hl7.org/fhir/extensions/5.2.0/CodeSystem-concept-map-equivalence.html#wider" title="wider">maps to wider concept</a></td><td>XM9T65</td></tr><tr><td>ICAO038</td><td><a href="http://hl7.org/fhir/extensions/5.2.0/CodeSystem-concept-map-equivalence.html#wider" title="wider">maps to wider concept</a></td><td>XM9T65</td></tr><tr><td>ICAO039</td><td><a href="http://hl7.org/fhir/extensions/5.2.0/CodeSystem-concept-map-equivalence.html#wider" title="wider">maps to wider concept</a></td><td>XM9T65</td></tr><tr><td>ICAO040</td><td><a href="http://hl7.org/fhir/extensions/5.2.0/CodeSystem-concept-map-equivalence.html#wider" title="wider">maps to wider concept</a></td><td>XM9T65</td></tr><tr><td>ICAO041</td><td><a href="http://hl7.org/fhir/extensions/5.2.0/CodeSystem-concept-map-equivalence.html#wider" title="wider">maps to wider concept</a></td><td>XM9T65</td></tr><tr><td>ICAO042</td><td><a href="http://hl7.org/fhir/extensions/5.2.0/CodeSystem-concept-map-equivalence.html#wider" title="wider">maps to wider concept</a></td><td>XM9N08</td></tr><tr><td>ICAO043</td><td><a href="http://hl7.org/fhir/extensions/5.2.0/CodeSystem-concept-map-equivalence.html#wider" title="wider">maps to wider concept</a></td><td>XM4YL8</td></tr><tr><td>ICAO044</td><td><a href="http://hl7.org/fhir/extensions/5.2.0/CodeSystem-concept-map-equivalence.html#wider" title="wider">maps to wider concept</a></td><td>XM4YL8</td></tr><tr><td>ICAO045</td><td><a href="http://hl7.org/fhir/extensions/5.2.0/CodeSystem-concept-map-equivalence.html#wider" title="wider">maps to wider concept</a></td><td>XM4YL8</td></tr><tr><td>ICAO046</td><td><a href="http://hl7.org/fhir/extensions/5.2.0/CodeSystem-concept-map-equivalence.html#wider" title="wider">maps to wider concept</a></td><td>XM4YL8</td></tr><tr><td>ICAO047</td><td><a href="http://hl7.org/fhir/extensions/5.2.0/CodeSystem-concept-map-equivalence.html#wider" title="wider">maps to wider concept</a></td><td>XM4YL8</td></tr><tr><td>ICAO048</td><td><a href="http://hl7.org/fhir/extensions/5.2.0/CodeSystem-concept-map-equivalence.html#wider" title="wider">maps to wider concept</a></td><td>XM4YL8</td></tr><tr><td>ICAO049</td><td><a href="http://hl7.org/fhir/extensions/5.2.0/CodeSystem-concept-map-equivalence.html#wider" title="wider">maps to wider concept</a></td><td>XM4YL8</td></tr><tr><td>ICAO050</td><td><a href="http://hl7.org/fhir/extensions/5.2.0/CodeSystem-concept-map-equivalence.html#wider" title="wider">maps to wider concept</a></td><td>XM97T2</td></tr><tr><td>ICAO051</td><td><a href="http://hl7.org/fhir/extensions/5.2.0/CodeSystem-concept-map-equivalence.html#wider" title="wider">maps to wider concept</a></td><td>XM97T2</td></tr><tr><td>ICAO052</td><td><a href="http://hl7.org/fhir/extensions/5.2.0/CodeSystem-concept-map-equivalence.html#wider" title="wider">maps to wider concept</a></td><td>XM97T2</td></tr><tr><td>ICAO053</td><td><a href="http://hl7.org/fhir/extensions/5.2.0/CodeSystem-concept-map-equivalence.html#wider" title="wider">maps to wider concept</a></td><td>XM97T2</td></tr><tr><td>ICAO054</td><td><a href="http://hl7.org/fhir/extensions/5.2.0/CodeSystem-concept-map-equivalence.html#wider" title="wider">maps to wider concept</a></td><td>XM97T2</td></tr><tr><td>ICAO055</td><td><a href="http://hl7.org/fhir/extensions/5.2.0/CodeSystem-concept-map-equivalence.html#wider" title="wider">maps to wider concept</a></td><td>XM6QV1</td></tr><tr><td>ICAO056</td><td><a href="http://hl7.org/fhir/extensions/5.2.0/CodeSystem-concept-map-equivalence.html#wider" title="wider">maps to wider concept</a></td><td>XM6QV1</td></tr><tr><td>ICAO057</td><td><a href="http://hl7.org/fhir/extensions/5.2.0/CodeSystem-concept-map-equivalence.html#wider" title="wider">maps to wider concept</a></td><td>XM6QV1</td></tr><tr><td>ICAO058</td><td><a href="http://hl7.org/fhir/extensions/5.2.0/CodeSystem-concept-map-equivalence.html#wider" title="wider">maps to wider concept</a></td><td>XM6QV1</td></tr><tr><td>ICAO059</td><td><a href="http://hl7.org/fhir/extensions/5.2.0/CodeSystem-concept-map-equivalence.html#wider" title="wider">maps to wider concept</a></td><td>XM1AG7</td></tr><tr><td>ICAO060</td><td><a href="http://hl7.org/fhir/extensions/5.2.0/CodeSystem-concept-map-equivalence.html#wider" title="wider">maps to wider concept</a></td><td>XM1AG7</td></tr><tr><td>ICAO061</td><td><a href="http://hl7.org/fhir/extensions/5.2.0/CodeSystem-concept-map-equivalence.html#wider" title="wider">maps to wider concept</a></td><td>XM1AG7</td></tr><tr><td>ICAO062</td><td><a href="http://hl7.org/fhir/extensions/5.2.0/CodeSystem-concept-map-equivalence.html#wider" title="wider">maps to wider concept</a></td><td>XM5ZJ4</td></tr><tr><td>ICAO063</td><td><a href="http://hl7.org/fhir/extensions/5.2.0/CodeSystem-concept-map-equivalence.html#wider" title="wider">maps to wider concept</a></td><td>XM5ZJ4</td></tr><tr><td>ICAO064</td><td><a href="http://hl7.org/fhir/extensions/5.2.0/CodeSystem-concept-map-equivalence.html#wider" title="wider">maps to wider concept</a></td><td>XM5ZJ4</td></tr><tr><td>ICAO065</td><td><a href="http://hl7.org/fhir/extensions/5.2.0/CodeSystem-concept-map-equivalence.html#wider" title="wider">maps to wider concept</a></td><td>XM5ZJ4</td></tr><tr><td>ICAO066</td><td><a href="http://hl7.org/fhir/extensions/5.2.0/CodeSystem-concept-map-equivalence.html#wider" title="wider">maps to wider concept</a></td><td>XM5QM6</td></tr><tr><td>ICAO067</td><td><a href="http://hl7.org/fhir/extensions/5.2.0/CodeSystem-concept-map-equivalence.html#wider" title="wider">maps to wider concept</a></td><td>XM5QM6</td></tr><tr><td>ICAO068</td><td><a href="http://hl7.org/fhir/extensions/5.2.0/CodeSystem-concept-map-equivalence.html#wider" title="wider">maps to wider concept</a></td><td>XM7HT3</td></tr><tr><td>ICAO069</td><td><a href="http://hl7.org/fhir/extensions/5.2.0/CodeSystem-concept-map-equivalence.html#wider" title="wider">maps to wider concept</a></td><td>XM7HT3</td></tr><tr><td>ICAO070</td><td><a href="http://hl7.org/fhir/extensions/5.2.0/CodeSystem-concept-map-equivalence.html#wider" title="wider">maps to wider concept</a></td><td>XM7HT3</td></tr><tr><td>ICAO071</td><td><a href="http://hl7.org/fhir/extensions/5.2.0/CodeSystem-concept-map-equivalence.html#wider" title="wider">maps to wider concept</a></td><td>XM8866</td></tr><tr><td>ICAO072</td><td><a href="http://hl7.org/fhir/extensions/5.2.0/CodeSystem-concept-map-equivalence.html#wider" title="wider">maps to wider concept</a></td><td>XM8866</td></tr><tr><td>ICAO073</td><td><a href="http://hl7.org/fhir/extensions/5.2.0/CodeSystem-concept-map-equivalence.html#wider" title="wider">maps to wider concept</a></td><td>XM8866</td></tr><tr><td>ICAO074</td><td><a href="http://hl7.org/fhir/extensions/5.2.0/CodeSystem-concept-map-equivalence.html#wider" title="wider">maps to wider concept</a></td><td>XM8866</td></tr><tr><td>ICAO075</td><td><a href="http://hl7.org/fhir/extensions/5.2.0/CodeSystem-concept-map-equivalence.html#wider" title="wider">maps to wider concept</a></td><td>XM8866</td></tr><tr><td>ICAO076</td><td><a href="http://hl7.org/fhir/extensions/5.2.0/CodeSystem-concept-map-equivalence.html#wider" title="wider">maps to wider concept</a></td><td>XM9TQ1</td></tr><tr><td>ICAO077</td><td><a href="http://hl7.org/fhir/extensions/5.2.0/CodeSystem-concept-map-equivalence.html#wider" title="wider">maps to wider concept</a></td><td>XM9TQ1</td></tr><tr><td>ICAO078</td><td><a href="http://hl7.org/fhir/extensions/5.2.0/CodeSystem-concept-map-equivalence.html#wider" title="wider">maps to wider concept</a></td><td>XM9TQ1</td></tr><tr><td>ICAO079</td><td><a href="http://hl7.org/fhir/extensions/5.2.0/CodeSystem-concept-map-equivalence.html#wider" title="wider">maps to wider concept</a></td><td>XM1G90</td></tr><tr><td>ICAO080</td><td><a href="http://hl7.org/fhir/extensions/5.2.0/CodeSystem-concept-map-equivalence.html#wider" title="wider">maps to wider concept</a></td><td>XM1G90</td></tr><tr><td>ICAO081</td><td><a href="http://hl7.org/fhir/extensions/5.2.0/CodeSystem-concept-map-equivalence.html#wider" title="wider">maps to wider concept</a></td><td>XM1G90</td></tr><tr><td>ICAO082</td><td><a href="http://hl7.org/fhir/extensions/5.2.0/CodeSystem-concept-map-equivalence.html#wider" title="wider">maps to wider concept</a></td><td>XM85P5</td></tr><tr><td>ICAO083</td><td><a href="http://hl7.org/fhir/extensions/5.2.0/CodeSystem-concept-map-equivalence.html#wider" title="wider">maps to wider concept</a></td><td>XM85P5</td></tr><tr><td>ICAO084</td><td><a href="http://hl7.org/fhir/extensions/5.2.0/CodeSystem-concept-map-equivalence.html#wider" title="wider">maps to wider concept</a></td><td>XM85P5</td></tr><tr><td>ICAO085</td><td><a href="http://hl7.org/fhir/extensions/5.2.0/CodeSystem-concept-map-equivalence.html#wider" title="wider">maps to wider concept</a></td><td>XM9FQ7</td></tr><tr><td>ICAO086</td><td><a href="http://hl7.org/fhir/extensions/5.2.0/CodeSystem-concept-map-equivalence.html#wider" title="wider">maps to wider concept</a></td><td>XM9FQ7</td></tr><tr><td>ICAO087</td><td><a href="http://hl7.org/fhir/extensions/5.2.0/CodeSystem-concept-map-equivalence.html#wider" title="wider">maps to wider concept</a></td><td>XM97N6</td></tr><tr><td>ICAO088</td><td><a href="http://hl7.org/fhir/extensions/5.2.0/CodeSystem-concept-map-equivalence.html#wider" title="wider">maps to wider concept</a></td><td>XM97N6</td></tr><tr><td>ICAO089</td><td><a href="http://hl7.org/fhir/extensions/5.2.0/CodeSystem-concept-map-equivalence.html#wider" title="wider">maps to wider concept</a></td><td>XM97N6</td></tr><tr><td>ICAO090</td><td><a href="http://hl7.org/fhir/extensions/5.2.0/CodeSystem-concept-map-equivalence.html#wider" title="wider">maps to wider concept</a></td><td>XM2YG8</td></tr><tr><td>ICAO091</td><td><a href="http://hl7.org/fhir/extensions/5.2.0/CodeSystem-concept-map-equivalence.html#wider" title="wider">maps to wider concept</a></td><td>XM2YG8</td></tr><tr><td>ICAO092</td><td><a href="http://hl7.org/fhir/extensions/5.2.0/CodeSystem-concept-map-equivalence.html#wider" title="wider">maps to wider concept</a></td><td>XM0K39</td></tr><tr><td>ICAO093</td><td><a href="http://hl7.org/fhir/extensions/5.2.0/CodeSystem-concept-map-equivalence.html#wider" title="wider">maps to wider concept</a></td><td>XM0K39</td></tr><tr><td>ICAO094</td><td><a href="http://hl7.org/fhir/extensions/5.2.0/CodeSystem-concept-map-equivalence.html#wider" title="wider">maps to wider concept</a></td><td>XM0K39</td></tr><tr><td>ICAO095</td><td><a href="http://hl7.org/fhir/extensions/5.2.0/CodeSystem-concept-map-equivalence.html#wider" title="wider">maps to wider concept</a></td><td>XM1AU2</td></tr><tr><td>ICAO096</td><td><a href="http://hl7.org/fhir/extensions/5.2.0/CodeSystem-concept-map-equivalence.html#wider" title="wider">maps to wider concept</a></td><td>XM1AU2</td></tr><tr><td>ICAO097</td><td><a href="http://hl7.org/fhir/extensions/5.2.0/CodeSystem-concept-map-equivalence.html#wider" title="wider">maps to wider concept</a></td><td>XM1AU2</td></tr></table></div>
  </text>
  <url value="http://smart.who.int/ddcc/ConceptMap/who-ddcc-map-icao-icd11-vaccines"/>
  <version value="1.0.0"/>
  <name value="ICAO_ICD11_COVID19_vaccines"/>
  <title value="ConceptMap from ICAO to ICD-11 for Vaccines"/>
  <status value="draft"/>
  <experimental value="true"/>
  <date value="2022-11-23"/>
  <publisher value="WHO"/>
  <contact>
    <name value="WHO"/>
    <telecom>
      <system value="url"/>
      <value value="http://who.int"/>
    </telecom>
  </contact>
  <description value="Rule-based mappings between ICAO and ICD-11 for COVID-19 Vaccines"/>
  <jurisdiction>
    <coding>
      <system value="http://unstats.un.org/unsd/methods/m49/m49.htm"/>
      <code value="001"/>
    </coding>
  </jurisdiction>
  <group>
    <source value="http://id.who.int/icd11/mms"/>
    <target value="http://smart.who.int/ddcc/ICAOV1"/>
    <element>
      <code value="ICAO001"/>
      <target>
        <code value="XM68M6"/>
        <equivalence value="wider"/>
      </target>
    </element>
    <element>
      <code value="ICAO002"/>
      <target>
        <code value="XM68M6"/>
        <equivalence value="wider"/>
      </target>
    </element>
    <element>
      <code value="ICAO003"/>
      <target>
        <code value="XM68M6"/>
        <equivalence value="wider"/>
      </target>
    </element>
    <element>
      <code value="ICAO004"/>
      <target>
        <code value="XM68M6"/>
        <equivalence value="wider"/>
      </target>
    </element>
    <element>
      <code value="ICAO005"/>
      <target>
        <code value="XM68M6"/>
        <equivalence value="wider"/>
      </target>
    </element>
    <element>
      <code value="ICAO006"/>
      <target>
        <code value="XM68M6"/>
        <equivalence value="wider"/>
      </target>
    </element>
    <element>
      <code value="ICAO007"/>
      <target>
        <code value="XM68M6"/>
        <equivalence value="wider"/>
      </target>
    </element>
    <element>
      <code value="ICAO008"/>
      <target>
        <code value="XM68M6"/>
        <equivalence value="wider"/>
      </target>
    </element>
    <element>
      <code value="ICAO009"/>
      <target>
        <code value="XM3DT5"/>
        <equivalence value="wider"/>
      </target>
    </element>
    <element>
      <code value="ICAO010"/>
      <target>
        <code value="XM3DT5"/>
        <equivalence value="wider"/>
      </target>
    </element>
    <element>
      <code value="ICAO011"/>
      <target>
        <code value="XM3DT5"/>
        <equivalence value="wider"/>
      </target>
    </element>
    <element>
      <code value="ICAO012"/>
      <target>
        <code value="XM3DT5"/>
        <equivalence value="wider"/>
      </target>
    </element>
    <element>
      <code value="ICAO013"/>
      <target>
        <code value="XM52P3"/>
        <equivalence value="wider"/>
      </target>
    </element>
    <element>
      <code value="ICAO014"/>
      <target>
        <code value="XM52P3"/>
        <equivalence value="wider"/>
      </target>
    </element>
    <element>
      <code value="ICAO015"/>
      <target>
        <code value="XM3CT4"/>
        <equivalence value="wider"/>
      </target>
    </element>
    <element>
      <code value="ICAO016"/>
      <target>
        <code value="XM3CT4"/>
        <equivalence value="wider"/>
      </target>
    </element>
    <element>
      <code value="ICAO017"/>
      <target>
        <code value="XM3CT4"/>
        <equivalence value="wider"/>
      </target>
    </element>
    <element>
      <code value="ICAO018"/>
      <target>
        <code value="XM3CT4"/>
        <equivalence value="wider"/>
      </target>
    </element>
    <element>
      <code value="ICAO019"/>
      <target>
        <code value="XM3CT4"/>
        <equivalence value="wider"/>
      </target>
    </element>
    <element>
      <code value="ICAO020"/>
      <target>
        <code value="XM3PG0"/>
        <equivalence value="wider"/>
      </target>
    </element>
    <element>
      <code value="ICAO021"/>
      <target>
        <code value="XM3PG0"/>
        <equivalence value="wider"/>
      </target>
    </element>
    <element>
      <code value="ICAO022"/>
      <target>
        <code value="XM3PG0"/>
        <equivalence value="wider"/>
      </target>
    </element>
    <element>
      <code value="ICAO023"/>
      <target>
        <code value="XM3PG0"/>
        <equivalence value="wider"/>
      </target>
    </element>
    <element>
      <code value="ICAO024"/>
      <target>
        <code value="XM3PG0"/>
        <equivalence value="wider"/>
      </target>
    </element>
    <element>
      <code value="ICAO025"/>
      <target>
        <code value="XM4EC8"/>
        <equivalence value="wider"/>
      </target>
    </element>
    <element>
      <code value="ICAO026"/>
      <target>
        <code value="XM4EC8"/>
        <equivalence value="wider"/>
      </target>
    </element>
    <element>
      <code value="ICAO027"/>
      <target>
        <code value="XM4EC8"/>
        <equivalence value="wider"/>
      </target>
    </element>
    <element>
      <code value="ICAO028"/>
      <target>
        <code value="XM6SZ8"/>
        <equivalence value="wider"/>
      </target>
    </element>
    <element>
      <code value="ICAO029"/>
      <target>
        <code value="XM6SZ8"/>
        <equivalence value="wider"/>
      </target>
    </element>
    <element>
      <code value="ICAO030"/>
      <target>
        <code value="XM0RV9"/>
        <equivalence value="wider"/>
      </target>
    </element>
    <element>
      <code value="ICAO031"/>
      <target>
        <code value="XM0RV9"/>
        <equivalence value="wider"/>
      </target>
    </element>
    <element>
      <code value="ICAO032"/>
      <target>
        <code value="XM3SK8"/>
        <equivalence value="wider"/>
      </target>
    </element>
    <element>
      <code value="ICAO033"/>
      <target>
        <code value="XM3SK8"/>
        <equivalence value="wider"/>
      </target>
    </element>
    <element>
      <code value="ICAO034"/>
      <target>
        <code value="XM9P21"/>
        <equivalence value="wider"/>
      </target>
    </element>
    <element>
      <code value="ICAO035"/>
      <target>
        <code value="XM9P21"/>
        <equivalence value="wider"/>
      </target>
    </element>
    <element>
      <code value="ICAO036"/>
      <target>
        <code value="XM9P21"/>
        <equivalence value="wider"/>
      </target>
    </element>
    <element>
      <code value="ICAO037"/>
      <target>
        <code value="XM9T65"/>
        <equivalence value="wider"/>
      </target>
    </element>
    <element>
      <code value="ICAO038"/>
      <target>
        <code value="XM9T65"/>
        <equivalence value="wider"/>
      </target>
    </element>
    <element>
      <code value="ICAO039"/>
      <target>
        <code value="XM9T65"/>
        <equivalence value="wider"/>
      </target>
    </element>
    <element>
      <code value="ICAO040"/>
      <target>
        <code value="XM9T65"/>
        <equivalence value="wider"/>
      </target>
    </element>
    <element>
      <code value="ICAO041"/>
      <target>
        <code value="XM9T65"/>
        <equivalence value="wider"/>
      </target>
    </element>
    <element>
      <code value="ICAO042"/>
      <target>
        <code value="XM9N08"/>
        <equivalence value="wider"/>
      </target>
    </element>
    <element>
      <code value="ICAO043"/>
      <target>
        <code value="XM4YL8"/>
        <equivalence value="wider"/>
      </target>
    </element>
    <element>
      <code value="ICAO044"/>
      <target>
        <code value="XM4YL8"/>
        <equivalence value="wider"/>
      </target>
    </element>
    <element>
      <code value="ICAO045"/>
      <target>
        <code value="XM4YL8"/>
        <equivalence value="wider"/>
      </target>
    </element>
    <element>
      <code value="ICAO046"/>
      <target>
        <code value="XM4YL8"/>
        <equivalence value="wider"/>
      </target>
    </element>
    <element>
      <code value="ICAO047"/>
      <target>
        <code value="XM4YL8"/>
        <equivalence value="wider"/>
      </target>
    </element>
    <element>
      <code value="ICAO048"/>
      <target>
        <code value="XM4YL8"/>
        <equivalence value="wider"/>
      </target>
    </element>
    <element>
      <code value="ICAO049"/>
      <target>
        <code value="XM4YL8"/>
        <equivalence value="wider"/>
      </target>
    </element>
    <element>
      <code value="ICAO050"/>
      <target>
        <code value="XM97T2"/>
        <equivalence value="wider"/>
      </target>
    </element>
    <element>
      <code value="ICAO051"/>
      <target>
        <code value="XM97T2"/>
        <equivalence value="wider"/>
      </target>
    </element>
    <element>
      <code value="ICAO052"/>
      <target>
        <code value="XM97T2"/>
        <equivalence value="wider"/>
      </target>
    </element>
    <element>
      <code value="ICAO053"/>
      <target>
        <code value="XM97T2"/>
        <equivalence value="wider"/>
      </target>
    </element>
    <element>
      <code value="ICAO054"/>
      <target>
        <code value="XM97T2"/>
        <equivalence value="wider"/>
      </target>
    </element>
    <element>
      <code value="ICAO055"/>
      <target>
        <code value="XM6QV1"/>
        <equivalence value="wider"/>
      </target>
    </element>
    <element>
      <code value="ICAO056"/>
      <target>
        <code value="XM6QV1"/>
        <equivalence value="wider"/>
      </target>
    </element>
    <element>
      <code value="ICAO057"/>
      <target>
        <code value="XM6QV1"/>
        <equivalence value="wider"/>
      </target>
    </element>
    <element>
      <code value="ICAO058"/>
      <target>
        <code value="XM6QV1"/>
        <equivalence value="wider"/>
      </target>
    </element>
    <element>
      <code value="ICAO059"/>
      <target>
        <code value="XM1AG7"/>
        <equivalence value="wider"/>
      </target>
    </element>
    <element>
      <code value="ICAO060"/>
      <target>
        <code value="XM1AG7"/>
        <equivalence value="wider"/>
      </target>
    </element>
    <element>
      <code value="ICAO061"/>
      <target>
        <code value="XM1AG7"/>
        <equivalence value="wider"/>
      </target>
    </element>
    <element>
      <code value="ICAO062"/>
      <target>
        <code value="XM5ZJ4"/>
        <equivalence value="wider"/>
      </target>
    </element>
    <element>
      <code value="ICAO063"/>
      <target>
        <code value="XM5ZJ4"/>
        <equivalence value="wider"/>
      </target>
    </element>
    <element>
      <code value="ICAO064"/>
      <target>
        <code value="XM5ZJ4"/>
        <equivalence value="wider"/>
      </target>
    </element>
    <element>
      <code value="ICAO065"/>
      <target>
        <code value="XM5ZJ4"/>
        <equivalence value="wider"/>
      </target>
    </element>
    <element>
      <code value="ICAO066"/>
      <target>
        <code value="XM5QM6"/>
        <equivalence value="wider"/>
      </target>
    </element>
    <element>
      <code value="ICAO067"/>
      <target>
        <code value="XM5QM6"/>
        <equivalence value="wider"/>
      </target>
    </element>
    <element>
      <code value="ICAO068"/>
      <target>
        <code value="XM7HT3"/>
        <equivalence value="wider"/>
      </target>
    </element>
    <element>
      <code value="ICAO069"/>
      <target>
        <code value="XM7HT3"/>
        <equivalence value="wider"/>
      </target>
    </element>
    <element>
      <code value="ICAO070"/>
      <target>
        <code value="XM7HT3"/>
        <equivalence value="wider"/>
      </target>
    </element>
    <element>
      <code value="ICAO071"/>
      <target>
        <code value="XM8866"/>
        <equivalence value="wider"/>
      </target>
    </element>
    <element>
      <code value="ICAO072"/>
      <target>
        <code value="XM8866"/>
        <equivalence value="wider"/>
      </target>
    </element>
    <element>
      <code value="ICAO073"/>
      <target>
        <code value="XM8866"/>
        <equivalence value="wider"/>
      </target>
    </element>
    <element>
      <code value="ICAO074"/>
      <target>
        <code value="XM8866"/>
        <equivalence value="wider"/>
      </target>
    </element>
    <element>
      <code value="ICAO075"/>
      <target>
        <code value="XM8866"/>
        <equivalence value="wider"/>
      </target>
    </element>
    <element>
      <code value="ICAO076"/>
      <target>
        <code value="XM9TQ1"/>
        <equivalence value="wider"/>
      </target>
    </element>
    <element>
      <code value="ICAO077"/>
      <target>
        <code value="XM9TQ1"/>
        <equivalence value="wider"/>
      </target>
    </element>
    <element>
      <code value="ICAO078"/>
      <target>
        <code value="XM9TQ1"/>
        <equivalence value="wider"/>
      </target>
    </element>
    <element>
      <code value="ICAO079"/>
      <target>
        <code value="XM1G90"/>
        <equivalence value="wider"/>
      </target>
    </element>
    <element>
      <code value="ICAO080"/>
      <target>
        <code value="XM1G90"/>
        <equivalence value="wider"/>
      </target>
    </element>
    <element>
      <code value="ICAO081"/>
      <target>
        <code value="XM1G90"/>
        <equivalence value="wider"/>
      </target>
    </element>
    <element>
      <code value="ICAO082"/>
      <target>
        <code value="XM85P5"/>
        <equivalence value="wider"/>
      </target>
    </element>
    <element>
      <code value="ICAO083"/>
      <target>
        <code value="XM85P5"/>
        <equivalence value="wider"/>
      </target>
    </element>
    <element>
      <code value="ICAO084"/>
      <target>
        <code value="XM85P5"/>
        <equivalence value="wider"/>
      </target>
    </element>
    <element>
      <code value="ICAO085"/>
      <target>
        <code value="XM9FQ7"/>
        <equivalence value="wider"/>
      </target>
    </element>
    <element>
      <code value="ICAO086"/>
      <target>
        <code value="XM9FQ7"/>
        <equivalence value="wider"/>
      </target>
    </element>
    <element>
      <code value="ICAO087"/>
      <target>
        <code value="XM97N6"/>
        <equivalence value="wider"/>
      </target>
    </element>
    <element>
      <code value="ICAO088"/>
      <target>
        <code value="XM97N6"/>
        <equivalence value="wider"/>
      </target>
    </element>
    <element>
      <code value="ICAO089"/>
      <target>
        <code value="XM97N6"/>
        <equivalence value="wider"/>
      </target>
    </element>
    <element>
      <code value="ICAO090"/>
      <target>
        <code value="XM2YG8"/>
        <equivalence value="wider"/>
      </target>
    </element>
    <element>
      <code value="ICAO091"/>
      <target>
        <code value="XM2YG8"/>
        <equivalence value="wider"/>
      </target>
    </element>
    <element>
      <code value="ICAO092"/>
      <target>
        <code value="XM0K39"/>
        <equivalence value="wider"/>
      </target>
    </element>
    <element>
      <code value="ICAO093"/>
      <target>
        <code value="XM0K39"/>
        <equivalence value="wider"/>
      </target>
    </element>
    <element>
      <code value="ICAO094"/>
      <target>
        <code value="XM0K39"/>
        <equivalence value="wider"/>
      </target>
    </element>
    <element>
      <code value="ICAO095"/>
      <target>
        <code value="XM1AU2"/>
        <equivalence value="wider"/>
      </target>
    </element>
    <element>
      <code value="ICAO096"/>
      <target>
        <code value="XM1AU2"/>
        <equivalence value="wider"/>
      </target>
    </element>
    <element>
      <code value="ICAO097"/>
      <target>
        <code value="XM1AU2"/>
        <equivalence value="wider"/>
      </target>
    </element>
  </group>
</ConceptMap>