<?xml version="1.0" encoding="UTF-8"?>

<ValueSet xmlns="http://hl7.org/fhir">
  <id value="DDCCQRTypeValueSet"/>
  <text>
    <status value="generated"/><div xmlns="http://www.w3.org/1999/xhtml"><p class="res-header-id"><b>Generated Narrative: ValueSet DDCCQRTypeValueSet</b></p><a name="DDCCQRTypeValueSet"> </a><a name="hcDDCCQRTypeValueSet"> </a><a name="DDCCQRTypeValueSet-en-US"> </a><ul><li>Include all codes defined in <a href="CodeSystem-DDCCQRTypeCodeSystem.html"><code>http://smart.who.int/ddcc/CodeSystem/DDCCQRTypeCodeSystem</code></a></li></ul></div>
  </text>
  <url value="http://smart.who.int/ddcc/ValueSet/DDCCQRTypeValueSet"/>
  <version value="1.0.0"/>
  <name value="DDCCQRTypeValueSet"/>
  <title value="DDCC QR Type Codes"/>
  <status value="draft"/>
  <date value="2025-03-10T12:24:36+00:00"/>
  <publisher value="WHO"/>
  <contact>
    <name value="WHO"/>
    <telecom>
      <system value="url"/>
      <value value="http://who.int"/>
    </telecom>
  </contact>
  <description value="Type of QR codes by their business usage"/>
  <jurisdiction>
    <coding>
      <system value="http://unstats.un.org/unsd/methods/m49/m49.htm"/>
      <code value="001"/>
    </coding>
  </jurisdiction>
  <compose>
    <include>
      <system value="http://smart.who.int/ddcc/CodeSystem/DDCCQRTypeCodeSystem"/>
    </include>
  </compose>
</ValueSet>