{
  "resourceType" : "ConceptMap",
  "id" : "vaccine-covid19-euur-to-icd11",
  "text" : {
    "status" : "extensions",
    "div" : "<div xmlns=\"http://www.w3.org/1999/xhtml\"><p>Mapping from (not specified) to (not specified)</p><p>DRAFT. Published on 2023-02-15 by WHO (WHO: <a href=\"http://who.int\">http://who.int</a>). TODO: provide copyright information</p><div><p><a href=\"ValueSet-vaccine-covid19-euur.html\">Vaccine - COVID-19 - EU Union Register of Medicinial Products</a> mapped to ICD-11</p>\n</div><br/><p><b>Group 1</b>Mapping from <a href=\"CodeSystem-WHO-DDCC-euur.html\">EUUR codes used in this IG</a> to <a href=\"CodeSystem-DDCC-ICD11-CodeSystem.html\">DDCC Codes for ICD11</a></p><table class=\"grid\"><tr><td><b>Source Code</b></td><td><b>Relationship</b></td><td><b>Target Code</b></td></tr><tr><td>EU/1/20/1528 (Comirnaty)</td><td><a href=\"http://hl7.org/fhir/R4/codesystem-concept-map-equivalence.html#null\"/></td><td>XM8NQ0 (Comirnaty)</td></tr><tr><td>EU/1/20/1507 (Spikevax)</td><td><a href=\"http://hl7.org/fhir/R4/codesystem-concept-map-equivalence.html#null\"/></td><td>XM3DT5 (COVID-19 Vaccine Moderna)</td></tr><tr><td>EU/1/21/1529 (Vaxzevria)</td><td><a href=\"http://hl7.org/fhir/R4/codesystem-concept-map-equivalence.html#null\"/></td><td>XM4YL8 (COVID-19 Vaccine AstraZeneca)</td></tr><tr><td>EU/1/20/1525 (Jcovden)</td><td><a href=\"http://hl7.org/fhir/R4/codesystem-concept-map-equivalence.html#null\"/></td><td>XM6QV1 (COVID-19 Vaccine Janssen)</td></tr><tr><td>CVnCoV</td><td><a href=\"http://hl7.org/fhir/R4/codesystem-concept-map-equivalence.html#null\"/></td><td>XM0GQ8 (COVID-19 vaccine, RNA based)</td></tr><tr><td>NVX-CoV2373</td><td><a href=\"http://hl7.org/fhir/R4/codesystem-concept-map-equivalence.html#null\"/></td><td>XM9T65 (Novavax COVID-19 vaccine)</td></tr><tr><td>Sputnik-V</td><td><a href=\"http://hl7.org/fhir/R4/codesystem-concept-map-equivalence.html#null\"/></td><td>XM5ZJ4 (Gam-Covid-Vac)</td></tr><tr><td>Convidecia</td><td><a href=\"http://hl7.org/fhir/R4/codesystem-concept-map-equivalence.html#null\"/></td><td>XM1AG7 (Convidecia)</td></tr><tr><td>EpiVacCorona</td><td><a href=\"http://hl7.org/fhir/R4/codesystem-concept-map-equivalence.html#null\"/></td><td>XM6SZ8 (EpiVacCorona)</td></tr><tr><td>BBIBP-CorV</td><td><a href=\"http://hl7.org/fhir/R4/codesystem-concept-map-equivalence.html#null\"/></td><td>XM8866 (BBIBP-CorV)</td></tr><tr><td>Inactivated-SARS-CoV-2-Vero-Cell (Inactivated SARS-CoV-2 (Vero Cell))</td><td><a href=\"http://hl7.org/fhir/R4/codesystem-concept-map-equivalence.html#null\"/></td><td>XM1NL1 (COVID-19 vaccine, inactivated virus)</td></tr><tr><td>CoronaVac</td><td><a href=\"http://hl7.org/fhir/R4/codesystem-concept-map-equivalence.html#null\"/></td><td>XM7HT3 (CoronaVac®)</td></tr><tr><td>Covaxin</td><td><a href=\"http://hl7.org/fhir/R4/codesystem-concept-map-equivalence.html#null\"/></td><td>XM1G90 (Covaxin)</td></tr><tr><td>Covishield</td><td><a href=\"http://hl7.org/fhir/R4/codesystem-concept-map-equivalence.html#null\"/></td><td>XM97T2 (Covishield®)</td></tr><tr><td>Covid-19-recombinant (Covid-19 (recombinant))</td><td><a href=\"http://hl7.org/fhir/R4/codesystem-concept-map-equivalence.html#null\"/></td><td>XM3CT4 (Recombinant SARS-CoV-2 vaccine)</td></tr><tr><td>R-COVI</td><td><a href=\"http://hl7.org/fhir/R4/codesystem-concept-map-equivalence.html#null\"/></td><td>XM4YL8 (COVID-19 Vaccine AstraZeneca)</td></tr><tr><td>CoviVac</td><td><a href=\"http://hl7.org/fhir/R4/codesystem-concept-map-equivalence.html#null\"/></td><td>XM85P5 (Covi-Vac)</td></tr><tr><td>Sputnik-Light</td><td><a href=\"http://hl7.org/fhir/R4/codesystem-concept-map-equivalence.html#null\"/></td><td>XM5QM6 (Sputnik-Light)</td></tr><tr><td>Hayat-Vax</td><td><a href=\"http://hl7.org/fhir/R4/codesystem-concept-map-equivalence.html#null\"/></td><td>XM9FQ7 (Hayat-Vax)</td></tr><tr><td>Abdala</td><td><a href=\"http://hl7.org/fhir/R4/codesystem-concept-map-equivalence.html#null\"/></td><td>XM5JC5 (COVID-19 vaccine, virus protein subunit)</td></tr><tr><td>WIBP-CorV</td><td><a href=\"http://hl7.org/fhir/R4/codesystem-concept-map-equivalence.html#null\"/></td><td>XM1AU2 (Sinopharm WIBP-CorV)</td></tr><tr><td>MVC-COV1901 (MVC COVID-19 vaccine)</td><td><a href=\"http://hl7.org/fhir/R4/codesystem-concept-map-equivalence.html#null\"/></td><td>XM4EC8 (MVC-COV1901)</td></tr><tr><td>EU/1/21/1618 (Nuvaxovid)</td><td><a href=\"http://hl7.org/fhir/R4/codesystem-concept-map-equivalence.html#null\"/></td><td>XM9T65 (Novavax COVID-19 vaccine)</td></tr><tr><td>Covovax</td><td><a href=\"http://hl7.org/fhir/R4/codesystem-concept-map-equivalence.html#null\"/></td><td>XM9T65 (Novavax COVID-19 vaccine)</td></tr><tr><td>Vidprevtyn</td><td><a href=\"http://hl7.org/fhir/R4/codesystem-concept-map-equivalence.html#null\"/></td><td>XM3CT4 (Recombinant SARS-CoV-2 vaccine)</td></tr><tr><td>VLA2001</td><td><a href=\"http://hl7.org/fhir/R4/codesystem-concept-map-equivalence.html#null\"/></td><td>XM1NL1 (COVID-19 vaccine, inactivated virus)</td></tr><tr><td>EpiVacCorona-N</td><td><a href=\"http://hl7.org/fhir/R4/codesystem-concept-map-equivalence.html#null\"/></td><td>XM3SK8 (EpiVacCorona-N)</td></tr><tr><td>Sputnik-M</td><td><a href=\"http://hl7.org/fhir/R4/codesystem-concept-map-equivalence.html#null\"/></td><td>XM3CT4 (Recombinant SARS-CoV-2 vaccine)</td></tr><tr><td>Covid-19-adsorvida-inativada (Vacina adsorvida covid-19 (inativada))</td><td><a href=\"http://hl7.org/fhir/R4/codesystem-concept-map-equivalence.html#null\"/></td><td>XM1NL1 (COVID-19 vaccine, inactivated virus)</td></tr><tr><td>NVSI-06-08</td><td><a href=\"http://hl7.org/fhir/R4/codesystem-concept-map-equivalence.html#null\"/></td><td>XM3CT4 (Recombinant SARS-CoV-2 vaccine)</td></tr><tr><td>YS-SC2-010</td><td><a href=\"http://hl7.org/fhir/R4/codesystem-concept-map-equivalence.html#null\"/></td><td>XM3CT4 (Recombinant SARS-CoV-2 vaccine)</td></tr><tr><td>SCTV01C</td><td><a href=\"http://hl7.org/fhir/R4/codesystem-concept-map-equivalence.html#null\"/></td><td>XM3CT4 (Recombinant SARS-CoV-2 vaccine)</td></tr><tr><td>Covifenz</td><td><a href=\"http://hl7.org/fhir/R4/codesystem-concept-map-equivalence.html#null\"/></td><td>XM3CT4 (Recombinant SARS-CoV-2 vaccine)</td></tr><tr><td>AZD2816</td><td><a href=\"http://hl7.org/fhir/R4/codesystem-concept-map-equivalence.html#null\"/></td><td>XM4YL8 (COVID-19 Vaccine AstraZeneca)</td></tr><tr><td>Soberana-02</td><td><a href=\"http://hl7.org/fhir/R4/codesystem-concept-map-equivalence.html#null\"/></td><td>XM3PG0 (Soberana-02)</td></tr><tr><td>Soberana-Plus</td><td><a href=\"http://hl7.org/fhir/R4/codesystem-concept-map-equivalence.html#null\"/></td><td>XM0RV9 (Soberana Plus)</td></tr><tr><td>EU/1/21/1624 (COVID-19 Vaccine Valneva)</td><td><a href=\"http://hl7.org/fhir/R4/codesystem-concept-map-equivalence.html#null\"/></td><td>XM1NL1 (COVID-19 vaccine, inactivated virus)</td></tr><tr><td>EU/1/21/1580 (VidPrevtyn Beta)</td><td><a href=\"http://hl7.org/fhir/R4/codesystem-concept-map-equivalence.html#null\"/></td><td>XM3CT4 (Recombinant SARS-CoV-2 vaccine)</td></tr></table></div>"
  },
  "url" : "http://smart.who.int/ddcc/ConceptMap/vaccine-covid19-euur-to-icd11",
  "version" : "1.0.0",
  "name" : "VaccineCovid19EuurToIcd11ConceptMap",
  "title" : "Vaccine - COVID-19 - Mapping EUDCC to ICD-11",
  "status" : "draft",
  "date" : "2023-02-15",
  "publisher" : "WHO",
  "contact" : [{
    "name" : "WHO",
    "telecom" : [{
      "system" : "url",
      "value" : "http://who.int"
    }]
  }],
  "description" : "[Vaccine - COVID-19 - EU Union Register of Medicinial Products](ValueSet-vaccine-covid19-euur.html) mapped to ICD-11",
  "jurisdiction" : [{
    "coding" : [{
      "system" : "http://unstats.un.org/unsd/methods/m49/m49.htm",
      "code" : "001"
    }]
  }],
  "copyright" : "TODO: provide copyright information",
  "group" : [{
    "source" : "https://ec.europa.eu/health/documents/community-register/html/",
    "target" : "http://id.who.int/icd11/mms",
    "element" : [{
      "code" : "EU/1/20/1528",
      "display" : "Comirnaty",
      "target" : [{
        "modifierExtension" : [{
          "url" : "http://hl7.org/fhir/1.0/StructureDefinition/extension-ConceptMap.element.target.equivalence",
          "valueCode" : "equivalent"
        }],
        "code" : "XM8NQ0",
        "display" : "Comirnaty",
        "equivalence" : "equivalent"
      }]
    },
    {
      "code" : "EU/1/20/1507",
      "display" : "Spikevax",
      "target" : [{
        "modifierExtension" : [{
          "url" : "http://hl7.org/fhir/1.0/StructureDefinition/extension-ConceptMap.element.target.equivalence",
          "valueCode" : "equivalent"
        }],
        "code" : "XM3DT5",
        "display" : "COVID-19 Vaccine Moderna",
        "equivalence" : "equivalent"
      }]
    },
    {
      "code" : "EU/1/21/1529",
      "display" : "Vaxzevria",
      "target" : [{
        "modifierExtension" : [{
          "url" : "http://hl7.org/fhir/1.0/StructureDefinition/extension-ConceptMap.element.target.equivalence",
          "valueCode" : "equivalent"
        }],
        "code" : "XM4YL8",
        "display" : "COVID-19 Vaccine AstraZeneca",
        "equivalence" : "equivalent"
      }]
    },
    {
      "code" : "EU/1/20/1525",
      "display" : "Jcovden",
      "target" : [{
        "modifierExtension" : [{
          "url" : "http://hl7.org/fhir/1.0/StructureDefinition/extension-ConceptMap.element.target.equivalence",
          "valueCode" : "equivalent"
        }],
        "code" : "XM6QV1",
        "display" : "COVID-19 Vaccine Janssen",
        "equivalence" : "equivalent"
      }]
    },
    {
      "code" : "CVnCoV",
      "display" : "CVnCoV",
      "target" : [{
        "modifierExtension" : [{
          "url" : "http://hl7.org/fhir/1.0/StructureDefinition/extension-ConceptMap.element.target.equivalence",
          "valueCode" : "wider"
        }],
        "code" : "XM0GQ8",
        "display" : "COVID-19 vaccine, RNA based",
        "equivalence" : "wider"
      }]
    },
    {
      "code" : "NVX-CoV2373",
      "display" : "NVX-CoV2373",
      "target" : [{
        "modifierExtension" : [{
          "url" : "http://hl7.org/fhir/1.0/StructureDefinition/extension-ConceptMap.element.target.equivalence",
          "valueCode" : "equivalent"
        }],
        "code" : "XM9T65",
        "display" : "Novavax COVID-19 vaccine",
        "equivalence" : "equivalent"
      }]
    },
    {
      "code" : "Sputnik-V",
      "display" : "Sputnik V",
      "target" : [{
        "modifierExtension" : [{
          "url" : "http://hl7.org/fhir/1.0/StructureDefinition/extension-ConceptMap.element.target.equivalence",
          "valueCode" : "equivalent"
        }],
        "code" : "XM5ZJ4",
        "display" : "Gam-Covid-Vac",
        "equivalence" : "equivalent"
      }]
    },
    {
      "code" : "Convidecia",
      "display" : "Convidecia",
      "target" : [{
        "modifierExtension" : [{
          "url" : "http://hl7.org/fhir/1.0/StructureDefinition/extension-ConceptMap.element.target.equivalence",
          "valueCode" : "equivalent"
        }],
        "code" : "XM1AG7",
        "display" : "Convidecia",
        "equivalence" : "equivalent"
      }]
    },
    {
      "code" : "EpiVacCorona",
      "display" : "EpiVacCorona",
      "target" : [{
        "modifierExtension" : [{
          "url" : "http://hl7.org/fhir/1.0/StructureDefinition/extension-ConceptMap.element.target.equivalence",
          "valueCode" : "equivalent"
        }],
        "code" : "XM6SZ8",
        "display" : "EpiVacCorona",
        "equivalence" : "equivalent"
      }]
    },
    {
      "code" : "BBIBP-CorV",
      "display" : "BBIBP-CorV",
      "target" : [{
        "modifierExtension" : [{
          "url" : "http://hl7.org/fhir/1.0/StructureDefinition/extension-ConceptMap.element.target.equivalence",
          "valueCode" : "equivalent"
        }],
        "code" : "XM8866",
        "display" : "BBIBP-CorV",
        "equivalence" : "equivalent"
      }]
    },
    {
      "code" : "Inactivated-SARS-CoV-2-Vero-Cell",
      "display" : "Inactivated SARS-CoV-2 (Vero Cell)",
      "target" : [{
        "modifierExtension" : [{
          "url" : "http://hl7.org/fhir/1.0/StructureDefinition/extension-ConceptMap.element.target.equivalence",
          "valueCode" : "wider"
        }],
        "code" : "XM1NL1",
        "display" : "COVID-19 vaccine, inactivated virus",
        "equivalence" : "wider"
      }]
    },
    {
      "code" : "CoronaVac",
      "display" : "CoronaVac",
      "target" : [{
        "modifierExtension" : [{
          "url" : "http://hl7.org/fhir/1.0/StructureDefinition/extension-ConceptMap.element.target.equivalence",
          "valueCode" : "equivalent"
        }],
        "code" : "XM7HT3",
        "display" : "CoronaVac®",
        "equivalence" : "equivalent"
      }]
    },
    {
      "code" : "Covaxin",
      "display" : "Covaxin",
      "target" : [{
        "modifierExtension" : [{
          "url" : "http://hl7.org/fhir/1.0/StructureDefinition/extension-ConceptMap.element.target.equivalence",
          "valueCode" : "equivalent"
        }],
        "code" : "XM1G90",
        "display" : "Covaxin",
        "equivalence" : "equivalent"
      }]
    },
    {
      "code" : "Covishield",
      "display" : "Covishield",
      "target" : [{
        "modifierExtension" : [{
          "url" : "http://hl7.org/fhir/1.0/StructureDefinition/extension-ConceptMap.element.target.equivalence",
          "valueCode" : "equivalent"
        }],
        "code" : "XM97T2",
        "display" : "Covishield®",
        "equivalence" : "equivalent"
      }]
    },
    {
      "code" : "Covid-19-recombinant",
      "display" : "Covid-19 (recombinant)",
      "target" : [{
        "modifierExtension" : [{
          "url" : "http://hl7.org/fhir/1.0/StructureDefinition/extension-ConceptMap.element.target.equivalence",
          "valueCode" : "equivalent"
        }],
        "code" : "XM3CT4",
        "display" : "Recombinant SARS-CoV-2 vaccine",
        "equivalence" : "equivalent"
      }]
    },
    {
      "code" : "R-COVI",
      "display" : "R-COVI",
      "target" : [{
        "modifierExtension" : [{
          "url" : "http://hl7.org/fhir/1.0/StructureDefinition/extension-ConceptMap.element.target.equivalence",
          "valueCode" : "equivalent"
        }],
        "code" : "XM4YL8",
        "display" : "COVID-19 Vaccine AstraZeneca",
        "equivalence" : "equivalent"
      }]
    },
    {
      "code" : "CoviVac",
      "display" : "CoviVac",
      "target" : [{
        "modifierExtension" : [{
          "url" : "http://hl7.org/fhir/1.0/StructureDefinition/extension-ConceptMap.element.target.equivalence",
          "valueCode" : "equivalent"
        }],
        "code" : "XM85P5",
        "display" : "Covi-Vac",
        "equivalence" : "equivalent"
      }]
    },
    {
      "code" : "Sputnik-Light",
      "display" : "Sputnik Light",
      "target" : [{
        "modifierExtension" : [{
          "url" : "http://hl7.org/fhir/1.0/StructureDefinition/extension-ConceptMap.element.target.equivalence",
          "valueCode" : "equivalent"
        }],
        "code" : "XM5QM6",
        "display" : "Sputnik-Light",
        "equivalence" : "equivalent"
      }]
    },
    {
      "code" : "Hayat-Vax",
      "display" : "Hayat-Vax",
      "target" : [{
        "modifierExtension" : [{
          "url" : "http://hl7.org/fhir/1.0/StructureDefinition/extension-ConceptMap.element.target.equivalence",
          "valueCode" : "equivalent"
        }],
        "code" : "XM9FQ7",
        "display" : "Hayat-Vax",
        "equivalence" : "equivalent"
      }]
    },
    {
      "code" : "Abdala",
      "display" : "Abdala",
      "target" : [{
        "modifierExtension" : [{
          "url" : "http://hl7.org/fhir/1.0/StructureDefinition/extension-ConceptMap.element.target.equivalence",
          "valueCode" : "wider"
        }],
        "code" : "XM5JC5",
        "display" : "COVID-19 vaccine, virus protein subunit",
        "equivalence" : "wider"
      }]
    },
    {
      "code" : "WIBP-CorV",
      "display" : "WIBP-CorV",
      "target" : [{
        "modifierExtension" : [{
          "url" : "http://hl7.org/fhir/1.0/StructureDefinition/extension-ConceptMap.element.target.equivalence",
          "valueCode" : "equivalent"
        }],
        "code" : "XM1AU2",
        "display" : "Sinopharm WIBP-CorV",
        "equivalence" : "equivalent"
      }]
    },
    {
      "code" : "MVC-COV1901",
      "display" : "MVC COVID-19 vaccine",
      "target" : [{
        "modifierExtension" : [{
          "url" : "http://hl7.org/fhir/1.0/StructureDefinition/extension-ConceptMap.element.target.equivalence",
          "valueCode" : "equivalent"
        }],
        "code" : "XM4EC8",
        "display" : "MVC-COV1901",
        "equivalence" : "equivalent"
      }]
    },
    {
      "code" : "EU/1/21/1618",
      "display" : "Nuvaxovid",
      "target" : [{
        "modifierExtension" : [{
          "url" : "http://hl7.org/fhir/1.0/StructureDefinition/extension-ConceptMap.element.target.equivalence",
          "valueCode" : "wider"
        }],
        "code" : "XM9T65",
        "display" : "Novavax COVID-19 vaccine",
        "equivalence" : "wider"
      }]
    },
    {
      "code" : "Covovax",
      "display" : "Covovax",
      "target" : [{
        "modifierExtension" : [{
          "url" : "http://hl7.org/fhir/1.0/StructureDefinition/extension-ConceptMap.element.target.equivalence",
          "valueCode" : "wider"
        }],
        "code" : "XM9T65",
        "display" : "Novavax COVID-19 vaccine",
        "equivalence" : "wider"
      }]
    },
    {
      "code" : "Vidprevtyn",
      "display" : "Vidprevtyn",
      "target" : [{
        "modifierExtension" : [{
          "url" : "http://hl7.org/fhir/1.0/StructureDefinition/extension-ConceptMap.element.target.equivalence",
          "valueCode" : "wider"
        }],
        "code" : "XM3CT4",
        "display" : "Recombinant SARS-CoV-2 vaccine",
        "equivalence" : "wider"
      }]
    },
    {
      "code" : "VLA2001",
      "display" : "VLA2001",
      "target" : [{
        "modifierExtension" : [{
          "url" : "http://hl7.org/fhir/1.0/StructureDefinition/extension-ConceptMap.element.target.equivalence",
          "valueCode" : "wider"
        }],
        "code" : "XM1NL1",
        "display" : "COVID-19 vaccine, inactivated virus",
        "equivalence" : "wider"
      }]
    },
    {
      "code" : "EpiVacCorona-N",
      "display" : "EpiVacCorona- N",
      "target" : [{
        "modifierExtension" : [{
          "url" : "http://hl7.org/fhir/1.0/StructureDefinition/extension-ConceptMap.element.target.equivalence",
          "valueCode" : "equivalent"
        }],
        "code" : "XM3SK8",
        "display" : "EpiVacCorona-N",
        "equivalence" : "equivalent"
      }]
    },
    {
      "code" : "Sputnik-M",
      "display" : "Sputnik M",
      "target" : [{
        "modifierExtension" : [{
          "url" : "http://hl7.org/fhir/1.0/StructureDefinition/extension-ConceptMap.element.target.equivalence",
          "valueCode" : "wider"
        }],
        "code" : "XM3CT4",
        "display" : "Recombinant SARS-CoV-2 vaccine",
        "equivalence" : "wider"
      }]
    },
    {
      "code" : "Covid-19-adsorvida-inativada",
      "display" : "Vacina adsorvida covid-19 (inativada)",
      "target" : [{
        "modifierExtension" : [{
          "url" : "http://hl7.org/fhir/1.0/StructureDefinition/extension-ConceptMap.element.target.equivalence",
          "valueCode" : "wider"
        }],
        "code" : "XM1NL1",
        "display" : "COVID-19 vaccine, inactivated virus",
        "equivalence" : "wider"
      }]
    },
    {
      "code" : "NVSI-06-08",
      "display" : "NVSI-06-08",
      "target" : [{
        "modifierExtension" : [{
          "url" : "http://hl7.org/fhir/1.0/StructureDefinition/extension-ConceptMap.element.target.equivalence",
          "valueCode" : "wider"
        }],
        "code" : "XM3CT4",
        "display" : "Recombinant SARS-CoV-2 vaccine",
        "equivalence" : "wider"
      }]
    },
    {
      "code" : "YS-SC2-010",
      "display" : "YS-SC2-010",
      "target" : [{
        "modifierExtension" : [{
          "url" : "http://hl7.org/fhir/1.0/StructureDefinition/extension-ConceptMap.element.target.equivalence",
          "valueCode" : "wider"
        }],
        "code" : "XM3CT4",
        "display" : "Recombinant SARS-CoV-2 vaccine",
        "equivalence" : "wider"
      }]
    },
    {
      "code" : "SCTV01C",
      "display" : "SCTV01C",
      "target" : [{
        "modifierExtension" : [{
          "url" : "http://hl7.org/fhir/1.0/StructureDefinition/extension-ConceptMap.element.target.equivalence",
          "valueCode" : "wider"
        }],
        "code" : "XM3CT4",
        "display" : "Recombinant SARS-CoV-2 vaccine",
        "equivalence" : "wider"
      }]
    },
    {
      "code" : "Covifenz",
      "display" : "Covifenz",
      "target" : [{
        "modifierExtension" : [{
          "url" : "http://hl7.org/fhir/1.0/StructureDefinition/extension-ConceptMap.element.target.equivalence",
          "valueCode" : "wider"
        }],
        "code" : "XM3CT4",
        "display" : "Recombinant SARS-CoV-2 vaccine",
        "equivalence" : "wider"
      }]
    },
    {
      "code" : "AZD2816",
      "display" : "AZD2816",
      "target" : [{
        "modifierExtension" : [{
          "url" : "http://hl7.org/fhir/1.0/StructureDefinition/extension-ConceptMap.element.target.equivalence",
          "valueCode" : "equivalent"
        }],
        "code" : "XM4YL8",
        "display" : "COVID-19 Vaccine AstraZeneca",
        "equivalence" : "equivalent"
      }]
    },
    {
      "code" : "Soberana-02",
      "display" : "Soberana 02",
      "target" : [{
        "modifierExtension" : [{
          "url" : "http://hl7.org/fhir/1.0/StructureDefinition/extension-ConceptMap.element.target.equivalence",
          "valueCode" : "equivalent"
        }],
        "code" : "XM3PG0",
        "display" : "Soberana-02",
        "equivalence" : "equivalent"
      }]
    },
    {
      "code" : "Soberana-Plus",
      "display" : "Soberana Plus",
      "target" : [{
        "modifierExtension" : [{
          "url" : "http://hl7.org/fhir/1.0/StructureDefinition/extension-ConceptMap.element.target.equivalence",
          "valueCode" : "equivalent"
        }],
        "code" : "XM0RV9",
        "display" : "Soberana Plus",
        "equivalence" : "equivalent"
      }]
    },
    {
      "code" : "EU/1/21/1624",
      "display" : "COVID-19 Vaccine Valneva",
      "target" : [{
        "modifierExtension" : [{
          "url" : "http://hl7.org/fhir/1.0/StructureDefinition/extension-ConceptMap.element.target.equivalence",
          "valueCode" : "wider"
        }],
        "code" : "XM1NL1",
        "display" : "COVID-19 vaccine, inactivated virus",
        "equivalence" : "wider"
      }]
    },
    {
      "code" : "EU/1/21/1580",
      "display" : "VidPrevtyn Beta",
      "target" : [{
        "modifierExtension" : [{
          "url" : "http://hl7.org/fhir/1.0/StructureDefinition/extension-ConceptMap.element.target.equivalence",
          "valueCode" : "wider"
        }],
        "code" : "XM3CT4",
        "display" : "Recombinant SARS-CoV-2 vaccine",
        "equivalence" : "wider"
      }]
    }]
  }]
}