[
  {
    "id" : "WHO-DDCC-cvx",
    "type" : "CodeSystem",
    "url" : "http://hl7.org/fhir/sid/cvx",
    "version" : "1.0.0",
    "name" : "WHO_DDCC_cvx"
  },
  {
    "id" : "Immunization-pre-uv-ips",
    "type" : "StructureDefinition",
    "url" : "http://hl7.org/fhir/uv/ips/StructureDefinition/Immunization-pre-uv-ips",
    "version" : "1.0.0",
    "name" : "ImmunizationUvIps"
  },
  {
    "id" : "Patient-pre-uv-ips",
    "type" : "StructureDefinition",
    "url" : "http://hl7.org/fhir/uv/ips/StructureDefinition/Patient-pre-uv-ips",
    "version" : "1.0.0",
    "name" : "PatientUvIps"
  },
  {
    "id" : "DDCC-ICD11-CodeSystem",
    "type" : "CodeSystem",
    "url" : "http://id.who.int/icd11/mms",
    "version" : "1.0.0",
    "name" : "DDCC_ICD11_CodeSystem"
  },
  {
    "id" : "AnyDosePass-1.0.0",
    "type" : "Library",
    "url" : "http://localhost/Library/AnyDosePass|1.0.0",
    "version" : "1.0.0",
    "name" : "Any Dose Pass"
  },
  {
    "id" : "DDCCPass-1.0.0",
    "type" : "Library",
    "url" : "http://localhost/Library/DDCCPass|1.0.0",
    "version" : "1.0.0",
    "name" : "DDCC Pass"
  },
  {
    "id" : "ModernaOrPfizerPass-1.0.0",
    "type" : "Library",
    "url" : "http://localhost/Library/ModernaOrPfizerPass|1.0.0",
    "version" : "1.0.0",
    "name" : "Moderna Or Pfizer Pass"
  },
  {
    "id" : "WHO-DDCC-loinc",
    "type" : "CodeSystem",
    "url" : "http://loinc.org",
    "version" : "1.0.0",
    "name" : "WHO_DDCC_loinc"
  },
  {
    "id" : "WHO.DDCC.Generator",
    "type" : "CapabilityStatement",
    "url" : "http://smart.who.int/ddcc/CapabilityStatement/WHO.DDCC.Generator",
    "version" : "1.0.0",
    "name" : "WHO_DDCC_Generator"
  },
  {
    "id" : "WHO.DDCC.RegistryService",
    "type" : "CapabilityStatement",
    "url" : "http://smart.who.int/ddcc/CapabilityStatement/WHO.DDCC.RegistryService",
    "version" : "1.0.0",
    "name" : "WHO_DDCC_RegistryService"
  },
  {
    "id" : "DDCC-Composition-Category-CodeSystem",
    "type" : "CodeSystem",
    "url" : "http://smart.who.int/ddcc/CodeSystem/DDCC-Composition-Category-CodeSystem",
    "version" : "1.0.0",
    "name" : "DDCC_Composition_Category_CodeSystem"
  },
  {
    "id" : "DDCC-Device-Property-CodeSystem",
    "type" : "CodeSystem",
    "url" : "http://smart.who.int/ddcc/CodeSystem/DDCC-Device-Property-CodeSystem",
    "version" : "1.0.0",
    "name" : "DDCC_Device_Property_CodeSystem"
  },
  {
    "id" : "DDCC-Example-Test-CodeSystem",
    "type" : "CodeSystem",
    "url" : "http://smart.who.int/ddcc/CodeSystem/DDCC-Example-Test-CodeSystem",
    "version" : "1.0.0",
    "name" : "DDCC_Example_Test_CodeSystem"
  },
  {
    "id" : "DDCC-Folder-DesignationType",
    "type" : "CodeSystem",
    "url" : "http://smart.who.int/ddcc/CodeSystem/DDCC-Folder-DesignationType",
    "version" : "1.0.0",
    "name" : "DDCC_Folder_DesignationType_Codesystem"
  },
  {
    "id" : "DDCC-QR-Format-CodeSystem",
    "type" : "CodeSystem",
    "url" : "http://smart.who.int/ddcc/CodeSystem/DDCC-QR-Format-CodeSystem",
    "version" : "1.0.0",
    "name" : "DDCC_QR_Format_CodeSystem"
  },
  {
    "id" : "DDCC-QR-Type-CodeSystem",
    "type" : "CodeSystem",
    "url" : "http://smart.who.int/ddcc/CodeSystem/DDCC-QR-Type-CodeSystem",
    "version" : "1.0.0",
    "name" : "DDCC_QR_Type_CodeSystem"
  },
  {
    "id" : "WHO-DDCC-divoc-lab-test-pathogen",
    "type" : "CodeSystem",
    "url" : "http://smart.who.int/ddcc/CodeSystem/lab-test-pathogen-divoc",
    "version" : "1.0.0",
    "name" : "WHO_DDCC_divoc_lab_test_pathogen"
  },
  {
    "id" : "WHO-DDCC-divoc-lab-test-result",
    "type" : "CodeSystem",
    "url" : "http://smart.who.int/ddcc/CodeSystem/lab-test-qual-result-divoc",
    "version" : "1.0.0",
    "name" : "WHO_DDCC_divoc_lab_test_result"
  },
  {
    "id" : "WHO-DDCC-icao-lab-test-result",
    "type" : "CodeSystem",
    "url" : "http://smart.who.int/ddcc/CodeSystem/lab-test-qual-result-icao",
    "version" : "1.0.0",
    "name" : "WHO_DDCC_icao_lab_test_result"
  },
  {
    "id" : "WHO-DDCC-divoc-lab-test-origin",
    "type" : "CodeSystem",
    "url" : "http://smart.who.int/ddcc/CodeSystem/lab-test-sample-origin-divoc",
    "version" : "1.0.0",
    "name" : "WHO_DDCC_divoc_lab_test_origin"
  },
  {
    "id" : "WHO-DDCC-icao-lab-test-origin",
    "type" : "CodeSystem",
    "url" : "http://smart.who.int/ddcc/CodeSystem/lab-test-sample-origin-icao",
    "version" : "1.0.0",
    "name" : "WHO_DDCC_icao_lab_test_origin"
  },
  {
    "id" : "WHO-DDCC-divoc-lab-test-type",
    "type" : "CodeSystem",
    "url" : "http://smart.who.int/ddcc/CodeSystem/lab-test-type-divoc",
    "version" : "1.0.0",
    "name" : "WHO_DDCC_divoc_lab_test_type"
  },
  {
    "id" : "WHO-DDCC-icao-lab-test-type",
    "type" : "CodeSystem",
    "url" : "http://smart.who.int/ddcc/CodeSystem/lab-test-type-icao",
    "version" : "1.0.0",
    "name" : "WHO_DDCC_icao_lab_test_type"
  },
  {
    "id" : "lab-test-pathogen-divoc-to-icd11",
    "type" : "ConceptMap",
    "url" : "http://smart.who.int/ddcc/ConceptMap/lab-test-pathogen-divoc-to-icd11",
    "version" : "1.0.0",
    "name" : "LabTestPathogenDivocToIcd11ConceptMap"
  },
  {
    "id" : "lab-test-pathogen-snomed-to-icd11",
    "type" : "ConceptMap",
    "url" : "http://smart.who.int/ddcc/ConceptMap/lab-test-pathogen-snomed-to-icd11",
    "version" : "1.0.0",
    "name" : "LabTestPathogenSnomedToIcd11ConceptMap"
  },
  {
    "id" : "lab-test-qual-result-divoc-to-icd11",
    "type" : "ConceptMap",
    "url" : "http://smart.who.int/ddcc/ConceptMap/lab-test-qual-result-divoc-to-icd11",
    "version" : "1.0.0",
    "name" : "LabTestQualResultDivocToIcd11ConceptMap"
  },
  {
    "id" : "lab-test-qual-result-icao-to-icd11",
    "type" : "ConceptMap",
    "url" : "http://smart.who.int/ddcc/ConceptMap/lab-test-qual-result-icao-to-icd11",
    "version" : "1.0.0",
    "name" : "LabTestQualResultIcaoToIcd11ConceptMap"
  },
  {
    "id" : "lab-test-qual-result-snomed-to-icd11",
    "type" : "ConceptMap",
    "url" : "http://smart.who.int/ddcc/ConceptMap/lab-test-qual-result-snomed-to-icd11",
    "version" : "1.0.0",
    "name" : "LabTestQualResultSnomedToIcd11ConceptMap"
  },
  {
    "id" : "lab-test-sample-origin-divoc-to-icd11",
    "type" : "ConceptMap",
    "url" : "http://smart.who.int/ddcc/ConceptMap/lab-test-sample-origin-divoc-to-icd11",
    "version" : "1.0.0",
    "name" : "LabTestSampleOriginDivocToIcd11ConceptMap"
  },
  {
    "id" : "lab-test-sample-origin-icao-to-icd11",
    "type" : "ConceptMap",
    "url" : "http://smart.who.int/ddcc/ConceptMap/lab-test-sample-origin-icao-to-icd11",
    "version" : "1.0.0",
    "name" : "LabTestSampleOriginIcaoToIcd11ConceptMap"
  },
  {
    "id" : "lab-test-type-covid19-loinc-to-icd11",
    "type" : "ConceptMap",
    "url" : "http://smart.who.int/ddcc/ConceptMap/lab-test-type-covid19-loinc-to-icd11",
    "version" : "1.0.0",
    "name" : "LabTestTypeCovid19LoincToIcd11ConceptMap"
  },
  {
    "id" : "lab-test-type-divoc-to-icd11",
    "type" : "ConceptMap",
    "url" : "http://smart.who.int/ddcc/ConceptMap/lab-test-type-divoc-to-icd11",
    "version" : "1.0.0",
    "name" : "LabTestTypeDivocToIcd11ConceptMap"
  },
  {
    "id" : "lab-test-type-icao-to-icd11",
    "type" : "ConceptMap",
    "url" : "http://smart.who.int/ddcc/ConceptMap/lab-test-type-icao-to-icd11",
    "version" : "1.0.0",
    "name" : "LabTestTypeIcaoToIcd11ConceptMap"
  },
  {
    "id" : "lab-test-type-snomed-to-icd11",
    "type" : "ConceptMap",
    "url" : "http://smart.who.int/ddcc/ConceptMap/lab-test-type-snomed-to-icd11",
    "version" : "1.0.0",
    "name" : "LabTestTypeSnomedToIcd11ConceptMap"
  },
  {
    "id" : "vaccine-covid19-cvx-to-icd11",
    "type" : "ConceptMap",
    "url" : "http://smart.who.int/ddcc/ConceptMap/vaccine-covid19-cvx-to-icd11",
    "version" : "1.0.0",
    "name" : "VaccineCovid19CvxToIcd11ConceptMap"
  },
  {
    "id" : "vaccine-covid19-euur-to-icd11",
    "type" : "ConceptMap",
    "url" : "http://smart.who.int/ddcc/ConceptMap/vaccine-covid19-euur-to-icd11",
    "version" : "1.0.0",
    "name" : "VaccineCovid19EuurToIcd11ConceptMap"
  },
  {
    "id" : "vaccine-covid19-snomed-to-icd11",
    "type" : "ConceptMap",
    "url" : "http://smart.who.int/ddcc/ConceptMap/vaccine-covid19-snomed-to-icd11",
    "version" : "1.0.0",
    "name" : "VaccineCovid19SnomedToIcd11ConceptMap"
  },
  {
    "id" : "who-ddcc-map-cvx-icd11-brands",
    "type" : "ConceptMap",
    "url" : "http://smart.who.int/ddcc/ConceptMap/who-ddcc-map-cvx-icd11-brands",
    "version" : "1.0.0",
    "name" : "ICD11_SNOMED_CT_COVID19_brands"
  },
  {
    "id" : "who-ddcc-map-cvx-icd11-vaccines",
    "type" : "ConceptMap",
    "url" : "http://smart.who.int/ddcc/ConceptMap/who-ddcc-map-cvx-icd11-vaccines",
    "version" : "1.0.0",
    "name" : "ICD11_SNOMED_CT_COVID19_vaccines"
  },
  {
    "id" : "who-ddcc-map-divoc-icd11-vaccines",
    "type" : "ConceptMap",
    "url" : "http://smart.who.int/ddcc/ConceptMap/who-ddcc-map-divoc-icd11-vaccines",
    "version" : "1.0.0",
    "name" : "DIVOC_ICD11_COVID19_vaccines"
  },
  {
    "id" : "who-ddcc-map-eudcc-icd11-vaccines",
    "type" : "ConceptMap",
    "url" : "http://smart.who.int/ddcc/ConceptMap/who-ddcc-map-eudcc-icd11-vaccines",
    "version" : "1.0.0",
    "name" : "EU_DCC_ICD11_COVID19_vaccines"
  },
  {
    "id" : "who-ddcc-map-icao-icd11-vaccines",
    "type" : "ConceptMap",
    "url" : "http://smart.who.int/ddcc/ConceptMap/who-ddcc-map-icao-icd11-vaccines",
    "version" : "1.0.0",
    "name" : "ICAO_ICD11_COVID19_vaccines"
  },
  {
    "id" : "who-ddcc-map-icd11-divoc-vaccines",
    "type" : "ConceptMap",
    "url" : "http://smart.who.int/ddcc/ConceptMap/who-ddcc-map-icd11-divoc-vaccines",
    "version" : "1.0.0",
    "name" : "ICD11_DIVOC_COVID19_vaccines"
  },
  {
    "id" : "who-ddcc-map-icd11-eudcc-vaccines",
    "type" : "ConceptMap",
    "url" : "http://smart.who.int/ddcc/ConceptMap/who-ddcc-map-icd11-eudcc-vaccines",
    "version" : "1.0.0",
    "name" : "ICD11_EU_DCC_COVID19_vaccines"
  },
  {
    "id" : "who-ddcc-map-icd11-icao-vaccines",
    "type" : "ConceptMap",
    "url" : "http://smart.who.int/ddcc/ConceptMap/who-ddcc-map-icd11-icao-vaccines",
    "version" : "1.0.0",
    "name" : "ICD11_ICAO_COVID19_vaccines"
  },
  {
    "id" : "who-ddcc-map-icd11-icd10-disease-targeted",
    "type" : "ConceptMap",
    "url" : "http://smart.who.int/ddcc/ConceptMap/who-ddcc-map-icd11-icd10-disease-targeted",
    "version" : "1.0.0",
    "name" : "ICD_11_ICD_10_COVID19_Disease"
  },
  {
    "id" : "who-ddcc-map-icd11-sct-agent-targeted",
    "type" : "ConceptMap",
    "url" : "http://smart.who.int/ddcc/ConceptMap/who-ddcc-map-icd11-sct-agent-targeted",
    "version" : "1.0.0",
    "name" : "ICD11_SNOMED_CT_COVID19_Agent_Targeted"
  },
  {
    "id" : "who-ddcc-map-icd11-sct-disease-targeted",
    "type" : "ConceptMap",
    "url" : "http://smart.who.int/ddcc/ConceptMap/who-ddcc-map-icd11-sct-disease-targeted",
    "version" : "1.0.0",
    "name" : "ICD_11_SNOMED_CT_COVID19_Disease"
  },
  {
    "id" : "who-ddcc-map-icd11-sct-test-result",
    "type" : "ConceptMap",
    "url" : "http://smart.who.int/ddcc/ConceptMap/who-ddcc-map-icd11-sct-test-result",
    "version" : "1.0.0",
    "name" : "ICD11_SNOMED_CT_COVID19_Test_Result"
  },
  {
    "id" : "who-ddcc-map-icd11-sct-vaccines",
    "type" : "ConceptMap",
    "url" : "http://smart.who.int/ddcc/ConceptMap/who-ddcc-map-icd11-sct-vaccines",
    "version" : "1.0.0",
    "name" : "ICD11_SNOMED_CT_COVID19_vaccines"
  },
  {
    "id" : "who-ddcc-map-ichi-loinc-type-of-test",
    "type" : "ConceptMap",
    "url" : "http://smart.who.int/ddcc/ConceptMap/who-ddcc-map-ichi-loinc-type-of-test",
    "version" : "1.0.0",
    "name" : "ICHI_LOINC_COVID19_Type_of_Test"
  },
  {
    "id" : "who-ddcc-map-ichi-sct-specimen-origin",
    "type" : "ConceptMap",
    "url" : "http://smart.who.int/ddcc/ConceptMap/who-ddcc-map-ichi-sct-specimen-origin",
    "version" : "1.0.0",
    "name" : "ICHI_SNOMED_CT_COVID19_Specimen_Origin"
  },
  {
    "id" : "who-ddcc-map-ichi-sct-type-of-test",
    "type" : "ConceptMap",
    "url" : "http://smart.who.int/ddcc/ConceptMap/who-ddcc-map-ichi-sct-type-of-test",
    "version" : "1.0.0",
    "name" : "ICHI_SNOMED_CT_COVID19_Type_of_Test"
  },
  {
    "id" : "who-ddcc-map-loinc-sct-type-of-test",
    "type" : "ConceptMap",
    "url" : "http://smart.who.int/ddcc/ConceptMap/who-ddcc-map-loinc-sct-type-of-test",
    "version" : "1.0.0",
    "name" : "LOINC_SNOMED_CT_COVID19_Type_of_Test"
  },
  {
    "id" : "who-ddcc-map-sct-ichi-specimen-origin",
    "type" : "ConceptMap",
    "url" : "http://smart.who.int/ddcc/ConceptMap/who-ddcc-map-sct-ichi-specimen-origin",
    "version" : "1.0.0",
    "name" : "SNOMED_CT_ICHI_COVID19_Specimen_Origin"
  },
  {
    "id" : "DDCCTRCoreDataSetQuestionnaire",
    "type" : "Questionnaire",
    "url" : "http://smart.who.int/ddcc/DDCCTRCoreDataSetQuestionnaire",
    "version" : "1.0.0",
    "name" : "DDCCTRCoreDataSetQuestionnaire"
  },
  {
    "id" : "DDCCVSCoreDataSetQuestionnaire",
    "type" : "Questionnaire",
    "url" : "http://smart.who.int/ddcc/DDCCVSCoreDataSetQuestionnaire",
    "version" : "1.0.0",
    "name" : "DDCCVSCoreDataSetQuestionnaire"
  },
  {
    "id" : "DIVOC-CodeSystem",
    "type" : "CodeSystem",
    "url" : "http://smart.who.int/ddcc/DIVOC",
    "version" : "1.0.0",
    "name" : "DIVOC_CodeSystem"
  },
  {
    "id" : "ICAOVaccineListV1",
    "type" : "CodeSystem",
    "url" : "http://smart.who.int/ddcc/ICAOV1",
    "version" : "1.0.0",
    "name" : "ICAOV1_CodeSystem"
  },
  {
    "id" : "fhir.who.ddcc",
    "type" : "ImplementationGuide",
    "url" : "http://smart.who.int/ddcc/ImplementationGuide/fhir.who.ddcc",
    "version" : "1.0.0",
    "name" : "DDCC"
  },
  {
    "id" : "DDCC-QuestionnaireResponse-generateHealthCertificate",
    "type" : "OperationDefinition",
    "url" : "http://smart.who.int/ddcc/OperationDefinition/DDCC-QuestionnaireResponse-generateHealthCertificate",
    "version" : "1.0.0",
    "name" : "QuestionnaireResponse_Generate_Health_Certificate"
  },
  {
    "id" : "DDCC-QuestionnaireResponse-generateHealthFolder",
    "type" : "OperationDefinition",
    "url" : "http://smart.who.int/ddcc/OperationDefinition/DDCC-QuestionnaireResponse-generateHealthFolder",
    "version" : "1.0.0",
    "name" : "QuestionnaireResponse_Generate_Health_Folder"
  },
  {
    "id" : "DDCC-QuestionnaireResponse-revokeHealthCertificate",
    "type" : "OperationDefinition",
    "url" : "http://smart.who.int/ddcc/OperationDefinition/DDCC-QuestionnaireResponse-revokeHealthCertificate",
    "version" : "1.0.0",
    "name" : "QuestionnaireResponse_Revoke_Health_Certificate"
  },
  {
    "id" : "DDCCHCIDRegistrationQuestionnaire",
    "type" : "Questionnaire",
    "url" : "http://smart.who.int/ddcc/Questionnaire/DDCCHCIDRegistrationQuestionnaire",
    "version" : "1.0.0",
    "name" : "DDCCHCIDRegistrationQuestionnaire"
  },
  {
    "id" : "COSE-Header",
    "type" : "StructureDefinition",
    "url" : "http://smart.who.int/ddcc/StructureDefinition/COSE_Header",
    "version" : "1.0.0",
    "name" : "COSE_Header"
  },
  {
    "id" : "CWT",
    "type" : "StructureDefinition",
    "url" : "http://smart.who.int/ddcc/StructureDefinition/CWT",
    "version" : "1.0.0",
    "name" : "CWT"
  },
  {
    "id" : "CWT-Payload",
    "type" : "StructureDefinition",
    "url" : "http://smart.who.int/ddcc/StructureDefinition/CWT_Payload",
    "version" : "1.0.0",
    "name" : "CWT_Payload"
  },
  {
    "id" : "CertDIVOC",
    "type" : "StructureDefinition",
    "url" : "http://smart.who.int/ddcc/StructureDefinition/CertDIVOC",
    "version" : "1.0.0",
    "name" : "CertDIVOC"
  },
  {
    "id" : "CertICAO",
    "type" : "StructureDefinition",
    "url" : "http://smart.who.int/ddcc/StructureDefinition/CertICAOVDS",
    "version" : "1.0.0",
    "name" : "CertICAO"
  },
  {
    "id" : "CertSHC",
    "type" : "StructureDefinition",
    "url" : "http://smart.who.int/ddcc/StructureDefinition/CertSHC",
    "version" : "1.0.0",
    "name" : "CertSHC"
  },
  {
    "id" : "DDCCComposition",
    "type" : "StructureDefinition",
    "url" : "http://smart.who.int/ddcc/StructureDefinition/DDCCComposition",
    "version" : "1.0.0",
    "name" : "DDCCComposition"
  },
  {
    "id" : "DDCCCoreDataSet",
    "type" : "StructureDefinition",
    "url" : "http://smart.who.int/ddcc/StructureDefinition/DDCCCoreDataSet",
    "version" : "1.0.0",
    "name" : "DDCCCoreDataSet"
  },
  {
    "id" : "DDCCCoreDataSet.TR",
    "type" : "StructureDefinition",
    "url" : "http://smart.who.int/ddcc/StructureDefinition/DDCCCoreDataSet.TR",
    "version" : "1.0.0",
    "name" : "DDCCCoreDataSet_TR"
  },
  {
    "id" : "DDCCCoreDataSet.VS",
    "type" : "StructureDefinition",
    "url" : "http://smart.who.int/ddcc/StructureDefinition/DDCCCoreDataSet.VS",
    "version" : "1.0.0",
    "name" : "DDCCCoreDataSet_VS"
  },
  {
    "id" : "DDCCCoreDataSet.VS.CoC",
    "type" : "StructureDefinition",
    "url" : "http://smart.who.int/ddcc/StructureDefinition/DDCCCoreDataSet.VS.CoC",
    "version" : "1.0.0",
    "name" : "DDCCCoreDataSet_VS_CoC"
  },
  {
    "id" : "DDCCCoreDataSet.VS.PoV",
    "type" : "StructureDefinition",
    "url" : "http://smart.who.int/ddcc/StructureDefinition/DDCCCoreDataSet.VS.PoV",
    "version" : "1.0.0",
    "name" : "DDCCCoreDataSet_VS_PoV"
  },
  {
    "id" : "DDCCCountryOfEvent",
    "type" : "StructureDefinition",
    "url" : "http://smart.who.int/ddcc/StructureDefinition/DDCCCountryOfEvent",
    "version" : "1.0.0",
    "name" : "DDCCCountryOfEvent"
  },
  {
    "id" : "DDCCDiagnosticReport",
    "type" : "StructureDefinition",
    "url" : "http://smart.who.int/ddcc/StructureDefinition/DDCCDiagnosticReport",
    "version" : "1.0.0",
    "name" : "DDCCDiagnosticReport"
  },
  {
    "id" : "DDCCDocument",
    "type" : "StructureDefinition",
    "url" : "http://smart.who.int/ddcc/StructureDefinition/DDCCDocument",
    "version" : "1.0.0",
    "name" : "DDCCDocument"
  },
  {
    "id" : "DDCCDocumentReference",
    "type" : "StructureDefinition",
    "url" : "http://smart.who.int/ddcc/StructureDefinition/DDCCDocumentReference",
    "version" : "1.0.0",
    "name" : "DDCCDocumentReference"
  },
  {
    "id" : "DDCCDocumentReferenceQR",
    "type" : "StructureDefinition",
    "url" : "http://smart.who.int/ddcc/StructureDefinition/DDCCDocumentReferenceQR",
    "version" : "1.0.0",
    "name" : "DDCCDocumentReferenceQR"
  },
  {
    "id" : "DDCCDocumentSigned",
    "type" : "StructureDefinition",
    "url" : "http://smart.who.int/ddcc/StructureDefinition/DDCCDocumentSigned",
    "version" : "1.0.0",
    "name" : "DDCCDocumentSigned"
  },
  {
    "id" : "DDCCEventBrand",
    "type" : "StructureDefinition",
    "url" : "http://smart.who.int/ddcc/StructureDefinition/DDCCEventBrand",
    "version" : "1.0.0",
    "name" : "DDCCEventBrand"
  },
  {
    "id" : "DDCCFolder",
    "type" : "StructureDefinition",
    "url" : "http://smart.who.int/ddcc/StructureDefinition/DDCCFolder",
    "version" : "1.0.0",
    "name" : "DDCCFolder"
  },
  {
    "id" : "DDCCGenerateHealthCertificateParameters",
    "type" : "StructureDefinition",
    "url" : "http://smart.who.int/ddcc/StructureDefinition/DDCCGenerateHealthCertificateParameters",
    "version" : "1.0.0",
    "name" : "DDCCGenerateHealthCertificateParameters"
  },
  {
    "id" : "DDCCGenerateHealthFolderParameters",
    "type" : "StructureDefinition",
    "url" : "http://smart.who.int/ddcc/StructureDefinition/DDCCGenerateHealthFolderParameters",
    "version" : "1.0.0",
    "name" : "DDCCGenerateHealthFolderParameters"
  },
  {
    "id" : "DDCCImmunization",
    "type" : "StructureDefinition",
    "url" : "http://smart.who.int/ddcc/StructureDefinition/DDCCImmunization",
    "version" : "1.0.0",
    "name" : "DDCCImmunization"
  },
  {
    "id" : "DDCCImmunizationRecommendation",
    "type" : "StructureDefinition",
    "url" : "http://smart.who.int/ddcc/StructureDefinition/DDCCImmunizationRecommendation",
    "version" : "1.0.0",
    "name" : "DDCCImmunizationRecommendation"
  },
  {
    "id" : "DDCCObservation",
    "type" : "StructureDefinition",
    "url" : "http://smart.who.int/ddcc/StructureDefinition/DDCCObservation",
    "version" : "1.0.0",
    "name" : "DDCCObservation"
  },
  {
    "id" : "DDCCOrganization",
    "type" : "StructureDefinition",
    "url" : "http://smart.who.int/ddcc/StructureDefinition/DDCCOrganization",
    "version" : "1.0.0",
    "name" : "DDCCOrganization"
  },
  {
    "id" : "DDCCPatient",
    "type" : "StructureDefinition",
    "url" : "http://smart.who.int/ddcc/StructureDefinition/DDCCPatient",
    "version" : "1.0.0",
    "name" : "DDCCPatient"
  },
  {
    "id" : "DDCCPractitioner",
    "type" : "StructureDefinition",
    "url" : "http://smart.who.int/ddcc/StructureDefinition/DDCCPractitioner",
    "version" : "1.0.0",
    "name" : "DDCCPractitioner"
  },
  {
    "id" : "DDCCPractitionerRole",
    "type" : "StructureDefinition",
    "url" : "http://smart.who.int/ddcc/StructureDefinition/DDCCPractitionerRole",
    "version" : "1.0.0",
    "name" : "DDCCPractitionerRole"
  },
  {
    "id" : "DDCCProcedure",
    "type" : "StructureDefinition",
    "url" : "http://smart.who.int/ddcc/StructureDefinition/DDCCProcedure",
    "version" : "1.0.0",
    "name" : "DDCCProcedure"
  },
  {
    "id" : "DDCCProvideDocumentBundle",
    "type" : "StructureDefinition",
    "url" : "http://smart.who.int/ddcc/StructureDefinition/DDCCProvideDocumentBundle",
    "version" : "1.0.0",
    "name" : "DDCCProvideDocumentBundle"
  },
  {
    "id" : "DDCCQuestionnaire",
    "type" : "StructureDefinition",
    "url" : "http://smart.who.int/ddcc/StructureDefinition/DDCCQuestionnaire",
    "version" : "1.0.0",
    "name" : "DDCCQuestionnaire"
  },
  {
    "id" : "DDCCQuestionnaireResponse",
    "type" : "StructureDefinition",
    "url" : "http://smart.who.int/ddcc/StructureDefinition/DDCCQuestionnaireResponse",
    "version" : "1.0.0",
    "name" : "DDCCQuestionnaireResponse"
  },
  {
    "id" : "DDCCQuestionnaireSDC",
    "type" : "StructureDefinition",
    "url" : "http://smart.who.int/ddcc/StructureDefinition/DDCCQuestionnaireSDC",
    "version" : "1.0.0",
    "name" : "DDCCQuestionnaireSDC"
  },
  {
    "id" : "DDCCRevokeHealthCertificateParameters",
    "type" : "StructureDefinition",
    "url" : "http://smart.who.int/ddcc/StructureDefinition/DDCCRevokeHealthCertificateParameters",
    "version" : "1.0.0",
    "name" : "DDCCRevokeHealthCertificateParameters"
  },
  {
    "id" : "DDCCSpecimen",
    "type" : "StructureDefinition",
    "url" : "http://smart.who.int/ddcc/StructureDefinition/DDCCSpecimen",
    "version" : "1.0.0",
    "name" : "DDCCSpecimen"
  },
  {
    "id" : "DDCCSubmissionSet",
    "type" : "StructureDefinition",
    "url" : "http://smart.who.int/ddcc/StructureDefinition/DDCCSubmissionSet",
    "version" : "1.0.0",
    "name" : "DDCCSubmissionSet"
  },
  {
    "id" : "DDCCSubmitHealthEventRequest",
    "type" : "StructureDefinition",
    "url" : "http://smart.who.int/ddcc/StructureDefinition/DDCCSubmitHealthEventRequest",
    "version" : "1.0.0",
    "name" : "DDCCSubmitHealthEventRequest"
  },
  {
    "id" : "DDCCSubmitHealthEventResponse",
    "type" : "StructureDefinition",
    "url" : "http://smart.who.int/ddcc/StructureDefinition/DDCCSubmitHealthEventResponse",
    "version" : "1.0.0",
    "name" : "DDCCSubmitHealthEventResponse"
  },
  {
    "id" : "DDCCTRComposition",
    "type" : "StructureDefinition",
    "url" : "http://smart.who.int/ddcc/StructureDefinition/DDCCTRComposition",
    "version" : "1.0.0",
    "name" : "DDCCTRComposition"
  },
  {
    "id" : "DDCCTRDocument",
    "type" : "StructureDefinition",
    "url" : "http://smart.who.int/ddcc/StructureDefinition/DDCCTRDocument",
    "version" : "1.0.0",
    "name" : "DDCCTRDocument"
  },
  {
    "id" : "DDCCTRDocumentSigned",
    "type" : "StructureDefinition",
    "url" : "http://smart.who.int/ddcc/StructureDefinition/DDCCTRDocumentSigned",
    "version" : "1.0.0",
    "name" : "DDCCTRDocumentSigned"
  },
  {
    "id" : "DDCCTest",
    "type" : "StructureDefinition",
    "url" : "http://smart.who.int/ddcc/StructureDefinition/DDCCTest",
    "version" : "1.0.0",
    "name" : "DDCCTest"
  },
  {
    "id" : "DDCCVSAddBundle",
    "type" : "StructureDefinition",
    "url" : "http://smart.who.int/ddcc/StructureDefinition/DDCCVSAddBundle",
    "version" : "1.0.0",
    "name" : "DDCCVSAddBundle"
  },
  {
    "id" : "DDCCVSComposition",
    "type" : "StructureDefinition",
    "url" : "http://smart.who.int/ddcc/StructureDefinition/DDCCVSComposition",
    "version" : "1.0.0",
    "name" : "DDCCVSComposition"
  },
  {
    "id" : "DDCCVSDocument",
    "type" : "StructureDefinition",
    "url" : "http://smart.who.int/ddcc/StructureDefinition/DDCCVSDocument",
    "version" : "1.0.0",
    "name" : "DDCCVSDocument"
  },
  {
    "id" : "DDCCVSDocumentSigned",
    "type" : "StructureDefinition",
    "url" : "http://smart.who.int/ddcc/StructureDefinition/DDCCVSDocumentSigned",
    "version" : "1.0.0",
    "name" : "DDCCVSDocumentSigned"
  },
  {
    "id" : "DDCCVaccineMarketAuthorization",
    "type" : "StructureDefinition",
    "url" : "http://smart.who.int/ddcc/StructureDefinition/DDCCVaccineMarketAuthorization",
    "version" : "1.0.0",
    "name" : "DDCCVaccineMarketAuthorization"
  },
  {
    "id" : "DDCCVaccineValidFrom",
    "type" : "StructureDefinition",
    "url" : "http://smart.who.int/ddcc/StructureDefinition/DDCCVaccineValidFrom",
    "version" : "1.0.0",
    "name" : "DDCCVaccineValidFrom"
  },
  {
    "id" : "HCert",
    "type" : "StructureDefinition",
    "url" : "http://smart.who.int/ddcc/StructureDefinition/HCert",
    "version" : "1.0.0",
    "name" : "HCert"
  },
  {
    "id" : "HCertDCC",
    "type" : "StructureDefinition",
    "url" : "http://smart.who.int/ddcc/StructureDefinition/HCertDCC",
    "version" : "1.0.0",
    "name" : "HCertDCC"
  },
  {
    "id" : "BundleVSToAddBundle",
    "type" : "StructureMap",
    "url" : "http://smart.who.int/ddcc/StructureMap/BundleVSToAddBundle",
    "version" : "1.0.0",
    "name" : "BundleVSToAddBundle"
  },
  {
    "id" : "CertDCCtoCoreDataSet",
    "type" : "StructureMap",
    "url" : "http://smart.who.int/ddcc/StructureMap/CertDCCtoCoreDataSet",
    "version" : "1.0.0",
    "name" : "CertDCCtoCoreDataSet"
  },
  {
    "id" : "CertDIVOCtoCoreDataSet",
    "type" : "StructureMap",
    "url" : "http://smart.who.int/ddcc/StructureMap/CertDIVOCtoCoreDataSet",
    "version" : "1.0.0",
    "name" : "CertDIVOCtoCoreDataSet"
  },
  {
    "id" : "CertICAOtoCoreDataSet",
    "type" : "StructureMap",
    "url" : "http://smart.who.int/ddcc/StructureMap/CertICAOtoCoreDataSet",
    "version" : "1.0.0",
    "name" : "CertICAOtoCoreDataSet"
  },
  {
    "id" : "CertSHCtoCoreDataSet",
    "type" : "StructureMap",
    "url" : "http://smart.who.int/ddcc/StructureMap/CertSHCtoCoreDataSet",
    "version" : "1.0.0",
    "name" : "CertSHCtoCoreDataSet"
  },
  {
    "id" : "CoreDataSetLibrary",
    "type" : "StructureMap",
    "url" : "http://smart.who.int/ddcc/StructureMap/CoreDataSetLibrary",
    "version" : "1.0.0",
    "name" : "CoreDataSetLibrary"
  },
  {
    "id" : "coredataset-to-addbundle",
    "type" : "StructureMap",
    "url" : "http://smart.who.int/ddcc/StructureMap/CoreDataSetToAddBundle",
    "version" : "1.0.0",
    "name" : "CoreDataSetToAddBundle"
  },
  {
    "id" : "CoreDataSetVSLibrary",
    "type" : "StructureMap",
    "url" : "http://smart.who.int/ddcc/StructureMap/CoreDataSetVSLibrary",
    "version" : "1.0.0",
    "name" : "CoreDataSetVSLibrary"
  },
  {
    "id" : "CoreDataSetVSToAddBundle",
    "type" : "StructureMap",
    "url" : "http://smart.who.int/ddcc/StructureMap/CoreDataSetVSToAddBundle",
    "version" : "1.0.0",
    "name" : "CoreDataSetVSToAddBundle"
  },
  {
    "id" : "CoreDataSetVSToSHC",
    "type" : "StructureMap",
    "url" : "http://smart.who.int/ddcc/StructureMap/CoreDataSetVSToSHC",
    "version" : "1.0.0",
    "name" : "CoreDataSetVSToSHC"
  },
  {
    "id" : "DDCCtoCoredataset",
    "type" : "StructureMap",
    "url" : "http://smart.who.int/ddcc/StructureMap/DDCCtoCoredataset",
    "version" : "1.0.0",
    "name" : "DDCCtoCoredataset"
  },
  {
    "id" : "DDCCtoEUdcc",
    "type" : "StructureMap",
    "url" : "http://smart.who.int/ddcc/StructureMap/DDCCtoEUdcc",
    "version" : "1.0.0",
    "name" : "DDCCtoEUdcc"
  },
  {
    "id" : "IPSToCoreDataSetVS",
    "type" : "StructureMap",
    "url" : "http://smart.who.int/ddcc/StructureMap/IPSToCoreDataSetVS",
    "version" : "1.0.0",
    "name" : "IPSToCoreDataSetVS"
  },
  {
    "id" : "ddcc-qresp-to-coredataset",
    "type" : "StructureMap",
    "url" : "http://smart.who.int/ddcc/StructureMap/QRespToCoreDataSet",
    "version" : "1.0.0",
    "name" : "QRespToCoreDataSet"
  },
  {
    "id" : "QRespToVSCoreDataSet",
    "type" : "StructureMap",
    "url" : "http://smart.who.int/ddcc/StructureMap/QRespToVSCoreDataSet",
    "version" : "1.0.0",
    "name" : "QRespToVSCoreDataSet"
  },
  {
    "id" : "ResourcesToCoreDataSet",
    "type" : "StructureMap",
    "url" : "http://smart.who.int/ddcc/StructureMap/ResourcesToCoreDataSet",
    "version" : "1.0.0",
    "name" : "ResourcesToCoreDataSet"
  },
  {
    "id" : "ddcc-resources-to-coredataset",
    "type" : "StructureMap",
    "url" : "http://smart.who.int/ddcc/StructureMap/ResourcesToCoreDataSet",
    "version" : "1.0.0",
    "name" : "ResourcesToCoreDataSet"
  },
  {
    "id" : "ResourcesToVSCoreDataSet",
    "type" : "StructureMap",
    "url" : "http://smart.who.int/ddcc/StructureMap/ResourcesToVSCoreDataSet",
    "version" : "1.0.0",
    "name" : "ResourcesToVSCoreDataSet"
  },
  {
    "id" : "SHCToCoreDataSetTR",
    "type" : "StructureMap",
    "url" : "http://smart.who.int/ddcc/StructureMap/SHCToCoreDataSetTR",
    "version" : "1.0.0",
    "name" : "SHCToCoreDataSetTR"
  },
  {
    "id" : "SHCToCoreDataSetVS",
    "type" : "StructureMap",
    "url" : "http://smart.who.int/ddcc/StructureMap/SHCToCoreDataSetVS",
    "version" : "1.0.0",
    "name" : "SHCToCoreDataSetVS"
  },
  {
    "id" : "DDCC-Composition-Category-ValueSet",
    "type" : "ValueSet",
    "url" : "http://smart.who.int/ddcc/ValueSet/DDCC-Composition-Category-ValueSet",
    "version" : "1.0.0",
    "name" : "DDCC_Composition_Category_ValueSet"
  },
  {
    "id" : "DDCC-Device-Property-ValueSet",
    "type" : "ValueSet",
    "url" : "http://smart.who.int/ddcc/ValueSet/DDCC-Device-Property-ValueSet",
    "version" : "1.0.0",
    "name" : "DDCC_Device_Property_ValueSet"
  },
  {
    "id" : "DDCC-Folder-DesignationType",
    "type" : "ValueSet",
    "url" : "http://smart.who.int/ddcc/ValueSet/DDCC-Folder-DesignationType",
    "version" : "1.0.0",
    "name" : "DDCC_Folder_DesignationType_ValueSet"
  },
  {
    "id" : "DDCC-QR-Format-ValueSet",
    "type" : "ValueSet",
    "url" : "http://smart.who.int/ddcc/ValueSet/DDCC-QR-Format-ValueSet",
    "version" : "1.0.0",
    "name" : "DDCC_QR_Format_ValueSet"
  },
  {
    "id" : "DDCC-QR-Type-ValueSet",
    "type" : "ValueSet",
    "url" : "http://smart.who.int/ddcc/ValueSet/DDCC-QR-Type-ValueSet",
    "version" : "1.0.0",
    "name" : "DDCC_QR_Type_ValueSet"
  },
  {
    "id" : "DIVOC-ValueSet",
    "type" : "ValueSet",
    "url" : "http://smart.who.int/ddcc/ValueSet/DIVOC-ValueSet",
    "version" : "1.0.0",
    "name" : "DIVOC_ValueSet"
  },
  {
    "id" : "ICAOVaccineListV1",
    "type" : "ValueSet",
    "url" : "http://smart.who.int/ddcc/ValueSet/ICAOVaccineListV1",
    "version" : "1.0.0",
    "name" : "ICAOV1_ValueSet"
  },
  {
    "id" : "lab-test-pathogen-covid19-snomed",
    "type" : "ValueSet",
    "url" : "http://smart.who.int/ddcc/ValueSet/lab-test-pathogen-covid19-snomed",
    "version" : "1.0.0",
    "name" : "LabTestPathogenCovid19SnomedValueSet"
  },
  {
    "id" : "lab-test-pathogen-divoc",
    "type" : "ValueSet",
    "url" : "http://smart.who.int/ddcc/ValueSet/lab-test-pathogen-divoc",
    "version" : "1.0.0",
    "name" : "LabTestPathogenDivocValueSet"
  },
  {
    "id" : "lab-test-qual-result-divoc",
    "type" : "ValueSet",
    "url" : "http://smart.who.int/ddcc/ValueSet/lab-test-qual-result-divoc",
    "version" : "1.0.0",
    "name" : "LabTestQualitativeResultDivocValueSet"
  },
  {
    "id" : "lab-test-qual-result-icao",
    "type" : "ValueSet",
    "url" : "http://smart.who.int/ddcc/ValueSet/lab-test-qual-result-icao",
    "version" : "1.0.0",
    "name" : "LabTestResultIcaoValueSet"
  },
  {
    "id" : "lab-test-qual-result-snomed",
    "type" : "ValueSet",
    "url" : "http://smart.who.int/ddcc/ValueSet/lab-test-qual-result-snomed",
    "version" : "1.0.0",
    "name" : "LabTestQualitativeResultSnomedValueSet"
  },
  {
    "id" : "lab-test-sample-origin-divoc",
    "type" : "ValueSet",
    "url" : "http://smart.who.int/ddcc/ValueSet/lab-test-sample-origin-divoc",
    "version" : "1.0.0",
    "name" : "LabTestSampleOriginDivocValueSet"
  },
  {
    "id" : "lab-test-sample-origin-icao",
    "type" : "ValueSet",
    "url" : "http://smart.who.int/ddcc/ValueSet/lab-test-sample-origin-icao",
    "version" : "1.0.0",
    "name" : "LabTestSampleOriginIcaoValueSet"
  },
  {
    "id" : "lab-test-type-covid19-loinc",
    "type" : "ValueSet",
    "url" : "http://smart.who.int/ddcc/ValueSet/lab-test-type-covid19-loinc",
    "version" : "1.0.0",
    "name" : "LabTestTypeCovid19LoincValueSet"
  },
  {
    "id" : "lab-test-type-divoc",
    "type" : "ValueSet",
    "url" : "http://smart.who.int/ddcc/ValueSet/lab-test-type-divoc",
    "version" : "1.0.0",
    "name" : "LabTestTypeDivocValueSet"
  },
  {
    "id" : "lab-test-type-icao",
    "type" : "ValueSet",
    "url" : "http://smart.who.int/ddcc/ValueSet/lab-test-type-icao",
    "version" : "1.0.0",
    "name" : "LabTestTypeIcaoValueSet"
  },
  {
    "id" : "lab-test-type-loinc",
    "type" : "ValueSet",
    "url" : "http://smart.who.int/ddcc/ValueSet/lab-test-type-loinc",
    "version" : "1.0.0",
    "name" : "LabTestTypeLoincValueSet"
  },
  {
    "id" : "vaccine-covid19-cvx",
    "type" : "ValueSet",
    "url" : "http://smart.who.int/ddcc/ValueSet/vaccine-covid19-cvx",
    "version" : "1.0.0",
    "name" : "VaccineCovid19CvxValueSet"
  },
  {
    "id" : "vaccine-covid19-euur",
    "type" : "ValueSet",
    "url" : "http://smart.who.int/ddcc/ValueSet/vaccine-covid19-euur",
    "version" : "1.0.0",
    "name" : "VaccineCovid19EUUnionRegisterValueSet"
  },
  {
    "id" : "vaccine-covid19-icd11",
    "type" : "ValueSet",
    "url" : "http://smart.who.int/ddcc/ValueSet/vaccine-covid19-icd11",
    "version" : "1.0.0",
    "name" : "VaccineCovid19Icd11ValueSet"
  },
  {
    "id" : "vaccine-covid19-snomed",
    "type" : "ValueSet",
    "url" : "http://smart.who.int/ddcc/ValueSet/vaccine-covid19-snomed",
    "version" : "1.0.0",
    "name" : "VaccineCovid19SnomedValueSet"
  },
  {
    "id" : "vaccines-covid-19-names",
    "type" : "ValueSet",
    "url" : "http://smart.who.int/ddcc/ValueSet/vaccines-covid-19-names",
    "version" : "1.0.0",
    "name" : "EU_DCC_ValueSet"
  },
  {
    "id" : "who-ddcc-agent-targeted-covid-19",
    "type" : "ValueSet",
    "url" : "http://smart.who.int/ddcc/ValueSet/who-ddcc-agent-targeted-covid-19",
    "version" : "1.0.0",
    "name" : "WHO_DDCC_Agent_Targeted_COVID_19"
  },
  {
    "id" : "who-ddcc-brands-covid-19",
    "type" : "ValueSet",
    "url" : "http://smart.who.int/ddcc/ValueSet/who-ddcc-brands-covid-19",
    "version" : "1.0.0",
    "name" : "WHO_DDCC_Brands_COVID_19"
  },
  {
    "id" : "who-ddcc-disease-targeted-covid-19",
    "type" : "ValueSet",
    "url" : "http://smart.who.int/ddcc/ValueSet/who-ddcc-disease-targeted-covid-19",
    "version" : "1.0.0",
    "name" : "WHO_DDCC_Disease_Targeted_COVID_19"
  },
  {
    "id" : "who-ddcc-sample-origin-covid-19",
    "type" : "ValueSet",
    "url" : "http://smart.who.int/ddcc/ValueSet/who-ddcc-sample-origin-covid-19",
    "version" : "1.0.0",
    "name" : "WHO_DDCC_Sample_Origin_COVID_19"
  },
  {
    "id" : "who-ddcc-test-result-covid-19",
    "type" : "ValueSet",
    "url" : "http://smart.who.int/ddcc/ValueSet/who-ddcc-test-result-covid-19",
    "version" : "1.0.0",
    "name" : "WHO_DDCC_Test_Result_COVID_19"
  },
  {
    "id" : "who-ddcc-type-of-test-covid-19",
    "type" : "ValueSet",
    "url" : "http://smart.who.int/ddcc/ValueSet/who-ddcc-type-of-test-covid-19",
    "version" : "1.0.0",
    "name" : "WHO_DDCC_Type_of_Test_COVID_19"
  },
  {
    "id" : "who-ddcc-vaccines-covid-19",
    "type" : "ValueSet",
    "url" : "http://smart.who.int/ddcc/ValueSet/who-ddcc-vaccines-covid-19",
    "version" : "1.0.0",
    "name" : "WHO_DDCC_Vaccines_COVID_19"
  },
  {
    "id" : "WHO-DDCC-snomed",
    "type" : "CodeSystem",
    "url" : "http://snomed.info/sct",
    "version" : "1.0.0",
    "name" : "WHO_DDCC_snomed"
  },
  {
    "id" : "svc-map-qr-uvci-bundle",
    "type" : "StructureMap",
    "url" : "http://who-int.github.io/svc/StructureMap/svc-map-qr-uvci-bundle",
    "version" : "1.0.0",
    "name" : "svc-map-qr-uvci-bundle"
  },
  {
    "id" : "WHO-DDCC-euur",
    "type" : "CodeSystem",
    "url" : "https://ec.europa.eu/health/documents/community-register/html/",
    "version" : "1.0.0",
    "name" : "WHO_DDCC_euur"
  }
]
