<?xml version="1.0" encoding="UTF-8"?>

<CodeSystem xmlns="http://hl7.org/fhir">
  <id value="WHODDCCicaolabtesttype"/>
  <text>
    <status value="generated"/><div xmlns="http://www.w3.org/1999/xhtml"><p class="res-header-id"><b>Generated Narrative: CodeSystem WHODDCCicaolabtesttype</b></p><a name="WHODDCCicaolabtesttype"> </a><a name="hcWHODDCCicaolabtesttype"> </a><a name="WHODDCCicaolabtesttype-en-US"> </a><p>This case-sensitive code system <code>http://smart.who.int/ddcc/CodeSystem/WHODDCCicaolabtesttype</code> defines the following codes:</p><table class="codes"><tr><td style="white-space:nowrap"><b>Code</b></td><td><b>Display</b></td></tr><tr><td style="white-space:nowrap">molecular(PCR)<a name="WHODDCCicaolabtesttype-molecular.40PCR.41"> </a></td><td>Molecular (PCR)</td></tr><tr><td style="white-space:nowrap">molecular(other)<a name="WHODDCCicaolabtesttype-molecular.40other.41"> </a></td><td>Molecular (Other)</td></tr><tr><td style="white-space:nowrap">antigen<a name="WHODDCCicaolabtesttype-antigen"> </a></td><td>Antigen</td></tr><tr><td style="white-space:nowrap">antibody<a name="WHODDCCicaolabtesttype-antibody"> </a></td><td>Antibody</td></tr></table></div>
  </text>
  <url value="http://smart.who.int/ddcc/CodeSystem/WHODDCCicaolabtesttype"/>
  <version value="1.0.1"/>
  <name value="WHODDCCicaolabtesttype"/>
  <title value="ICAO lab test type codes used in this IG"/>
  <status value="active"/>
  <experimental value="true"/>
  <date value="2024-12-17T16:50:22+00:00"/>
  <publisher value="WHO"/>
  <contact>
    <name value="WHO"/>
    <telecom>
      <system value="url"/>
      <value value="http://who.int"/>
    </telecom>
  </contact>
  <description value="All ICAO lab test type codes from its internally defined code system used in this IG. Provided so the FHIR server can perform expansions."/>
  <jurisdiction>
    <coding>
      <system value="http://unstats.un.org/unsd/methods/m49/m49.htm"/>
      <code value="001"/>
    </coding>
  </jurisdiction>
  <caseSensitive value="true"/>
  <content value="complete"/>
  <count value="4"/>
  <concept>
    <code value="molecular(PCR)"/>
    <display value="Molecular (PCR)"/>
  </concept>
  <concept>
    <code value="molecular(other)"/>
    <display value="Molecular (Other)"/>
  </concept>
  <concept>
    <code value="antigen"/>
    <display value="Antigen"/>
  </concept>
  <concept>
    <code value="antibody"/>
    <display value="Antibody"/>
  </concept>
</CodeSystem>