<?xml version="1.0" encoding="UTF-8"?>

<CodeSystem xmlns="http://hl7.org/fhir">
  <id value="WHODDCCicaolabtestorigin"/>
  <text>
    <status value="generated"/><div xmlns="http://www.w3.org/1999/xhtml"><p class="res-header-id"><b>Generated Narrative: CodeSystem WHODDCCicaolabtestorigin</b></p><a name="WHODDCCicaolabtestorigin"> </a><a name="hcWHODDCCicaolabtestorigin"> </a><a name="WHODDCCicaolabtestorigin-en-US"> </a><p>This case-sensitive code system <code>http://smart.who.int/ddcc/CodeSystem/WHODDCCicaolabtestorigin</code> defines the following codes:</p><table class="codes"><tr><td style="white-space:nowrap"><b>Code</b></td><td><b>Display</b></td></tr><tr><td style="white-space:nowrap">nasopharyngeal<a name="WHODDCCicaolabtestorigin-nasopharyngeal"> </a></td><td>Sampling method: nasopharyngeal</td></tr><tr><td style="white-space:nowrap">oropharyngeal<a name="WHODDCCicaolabtestorigin-oropharyngeal"> </a></td><td>Sampling method: oropharyngeal</td></tr><tr><td style="white-space:nowrap">saliva<a name="WHODDCCicaolabtestorigin-saliva"> </a></td><td>Sampling method: saliva</td></tr><tr><td style="white-space:nowrap">blood<a name="WHODDCCicaolabtestorigin-blood"> </a></td><td>Sampling method: blood</td></tr><tr><td style="white-space:nowrap">other<a name="WHODDCCicaolabtestorigin-other"> </a></td><td>Sampling method: other</td></tr></table></div>
  </text>
  <url value="http://smart.who.int/ddcc/CodeSystem/WHODDCCicaolabtestorigin"/>
  <version value="1.0.1"/>
  <name value="WHODDCCicaolabtestorigin"/>
  <title value="ICAO lab test origin codes used in this IG"/>
  <status value="active"/>
  <experimental value="true"/>
  <date value="2024-12-17T16:50:22+00:00"/>
  <publisher value="WHO"/>
  <contact>
    <name value="WHO"/>
    <telecom>
      <system value="url"/>
      <value value="http://who.int"/>
    </telecom>
  </contact>
  <description value="All ICAO lab test origin codes from its internally defined code system used in this IG. Provided so the FHIR server can perform expansions."/>
  <jurisdiction>
    <coding>
      <system value="http://unstats.un.org/unsd/methods/m49/m49.htm"/>
      <code value="001"/>
    </coding>
  </jurisdiction>
  <caseSensitive value="true"/>
  <content value="complete"/>
  <count value="5"/>
  <concept>
    <code value="nasopharyngeal"/>
    <display value="Sampling method: nasopharyngeal"/>
  </concept>
  <concept>
    <code value="oropharyngeal"/>
    <display value="Sampling method: oropharyngeal"/>
  </concept>
  <concept>
    <code value="saliva"/>
    <display value="Sampling method: saliva"/>
  </concept>
  <concept>
    <code value="blood"/>
    <display value="Sampling method: blood"/>
  </concept>
  <concept>
    <code value="other"/>
    <display value="Sampling method: other"/>
  </concept>
</CodeSystem>