<?xml version="1.0" encoding="UTF-8"?>

<ValueSet xmlns="http://hl7.org/fhir">
  <id value="WHODDCCVaccinesCOVID19"/>
  <text>
    <status value="generated"/><div xmlns="http://www.w3.org/1999/xhtml"><p class="res-header-id"><b>Generated Narrative: ValueSet WHODDCCVaccinesCOVID19</b></p><a name="WHODDCCVaccinesCOVID19"> </a><a name="hcWHODDCCVaccinesCOVID19"> </a><a name="WHODDCCVaccinesCOVID19-en-US"> </a><ul><li>Include these codes as defined in <code>http://id.who.int/icd11/mms</code><table class="none"><tr><td style="white-space:nowrap"><b>Code</b></td><td><b>Display</b></td></tr><tr><td>XM68M6</td><td>COVID-19 vaccine</td></tr><tr><td>XM1NL1</td><td>COVID-19 vaccine, inactivated virus</td></tr><tr><td>XM7HT3</td><td>CoronaVac®</td></tr><tr><td>XM8866</td><td>BBIBP-CorV</td></tr><tr><td>XM9TQ1</td><td>KCONVAC</td></tr><tr><td>XM1G90</td><td>Covaxin</td></tr><tr><td>XM85P5</td><td>Covi-Vac</td></tr><tr><td>XM9FQ7</td><td>Hayat-Vax</td></tr><tr><td>XM97N6</td><td>QazVac</td></tr><tr><td>XM2YG8</td><td>COVIran Barakat</td></tr><tr><td>XM3U61</td><td>Inactivated SARS-CoV-2 vaccine</td></tr><tr><td>XM5DF6</td><td>COVID-19 vaccine, live attenuated virus</td></tr><tr><td>XM9QW8</td><td>COVID-19 vaccine, non-replicating viral vector</td></tr><tr><td>XM4YL8</td><td>COVID-19 Vaccine AstraZeneca</td></tr><tr><td>XM97T2</td><td>Covishield®</td></tr><tr><td>XM6QV1</td><td>COVID-19 Vaccine Janssen</td></tr><tr><td>XM1AG7</td><td>Convidecia</td></tr><tr><td>XM5ZJ4</td><td>Gam-Covid-Vac</td></tr><tr><td>XM5QM6</td><td>Sputnik-Light</td></tr><tr><td>XM0CX4</td><td>COVID-19 vaccine, replicating viral vector</td></tr><tr><td>XM5JC5</td><td>COVID-19 vaccine, virus protein subunit</td></tr><tr><td>XM3CT4</td><td>Recombinant SARS-CoV-2 vaccine</td></tr><tr><td>XM3PG0</td><td>Soberana-02</td></tr><tr><td>XM4EC8</td><td>MVC-COV1901</td></tr><tr><td>XM6SZ8</td><td>EpiVacCorona</td></tr><tr><td>XM1J92</td><td>COVID-19 vaccine, virus like particle (VLP)</td></tr><tr><td>XM6AT1</td><td>COVID-19 vaccine, DNA based</td></tr><tr><td>XM52P3</td><td>ZyCov-D</td></tr><tr><td>XM0GQ8</td><td>COVID-19 vaccine, RNA based</td></tr><tr><td>XM8NQ0</td><td>Comirnaty®</td></tr><tr><td>XM3DT5</td><td>COVID-19 Vaccine Moderna</td></tr></table></li></ul></div>
  </text>
  <url value="http://smart.who.int/ddcc/ValueSet/WHODDCCVaccinesCOVID19"/>
  <version value="1.0.0"/>
  <name value="WHODDCCVaccinesCOVID19"/>
  <title value="WHO Vaccine List (COVID-19)"/>
  <status value="draft"/>
  <date value="2024-10-16T15:43:03+00:00"/>
  <publisher value="WHO"/>
  <contact>
    <name value="WHO"/>
    <telecom>
      <system value="url"/>
      <value value="http://who.int"/>
    </telecom>
  </contact>
  <description value="WHO Vaccine List (COVID-19) from [ICD 11](https://icd.who.int/browse11)"/>
  <jurisdiction>
    <coding>
      <system value="http://unstats.un.org/unsd/methods/m49/m49.htm"/>
      <code value="001"/>
    </coding>
  </jurisdiction>
  <compose>
    <include>
      <system value="http://id.who.int/icd11/mms"/>
      <concept>
        <code value="XM68M6"/>
        <display value="COVID-19 vaccine"/>
      </concept>
      <concept>
        <code value="XM1NL1"/>
        <display value="COVID-19 vaccine, inactivated virus"/>
      </concept>
      <concept>
        <code value="XM7HT3"/>
        <display value="CoronaVac®"/>
      </concept>
      <concept>
        <code value="XM8866"/>
        <display value="BBIBP-CorV"/>
      </concept>
      <concept>
        <code value="XM9TQ1"/>
        <display value="KCONVAC"/>
      </concept>
      <concept>
        <code value="XM1G90"/>
        <display value="Covaxin"/>
      </concept>
      <concept>
        <code value="XM85P5"/>
        <display value="Covi-Vac"/>
      </concept>
      <concept>
        <code value="XM9FQ7"/>
        <display value="Hayat-Vax"/>
      </concept>
      <concept>
        <code value="XM97N6"/>
        <display value="QazVac"/>
      </concept>
      <concept>
        <code value="XM2YG8"/>
        <display value="COVIran Barakat"/>
      </concept>
      <concept>
        <code value="XM3U61"/>
        <display value="Inactivated SARS-CoV-2 vaccine"/>
      </concept>
      <concept>
        <code value="XM5DF6"/>
        <display value="COVID-19 vaccine, live attenuated virus"/>
      </concept>
      <concept>
        <code value="XM9QW8"/>
        <display value="COVID-19 vaccine, non-replicating viral vector"/>
      </concept>
      <concept>
        <code value="XM4YL8"/>
        <display value="COVID-19 Vaccine AstraZeneca"/>
      </concept>
      <concept>
        <code value="XM97T2"/>
        <display value="Covishield®"/>
      </concept>
      <concept>
        <code value="XM6QV1"/>
        <display value="COVID-19 Vaccine Janssen"/>
      </concept>
      <concept>
        <code value="XM1AG7"/>
        <display value="Convidecia"/>
      </concept>
      <concept>
        <code value="XM5ZJ4"/>
        <display value="Gam-Covid-Vac"/>
      </concept>
      <concept>
        <code value="XM5QM6"/>
        <display value="Sputnik-Light"/>
      </concept>
      <concept>
        <code value="XM0CX4"/>
        <display value="COVID-19 vaccine, replicating viral vector"/>
      </concept>
      <concept>
        <code value="XM5JC5"/>
        <display value="COVID-19 vaccine, virus protein subunit"/>
      </concept>
      <concept>
        <code value="XM3CT4"/>
        <display value="Recombinant SARS-CoV-2 vaccine"/>
      </concept>
      <concept>
        <code value="XM3PG0"/>
        <display value="Soberana-02"/>
      </concept>
      <concept>
        <code value="XM4EC8"/>
        <display value="MVC-COV1901"/>
      </concept>
      <concept>
        <code value="XM6SZ8"/>
        <display value="EpiVacCorona"/>
      </concept>
      <concept>
        <code value="XM1J92"/>
        <display value="COVID-19 vaccine, virus like particle (VLP)"/>
      </concept>
      <concept>
        <code value="XM6AT1"/>
        <display value="COVID-19 vaccine, DNA based"/>
      </concept>
      <concept>
        <code value="XM52P3"/>
        <display value="ZyCov-D"/>
      </concept>
      <concept>
        <code value="XM0GQ8"/>
        <display value="COVID-19 vaccine, RNA based"/>
      </concept>
      <concept>
        <code value="XM8NQ0"/>
        <display value="Comirnaty®"/>
      </concept>
      <concept>
        <code value="XM3DT5"/>
        <display value="COVID-19 Vaccine Moderna"/>
      </concept>
    </include>
  </compose>
</ValueSet>