{"resourceType":"ValueSet","id":"DIVOC-ValueSet","text":{"status":"generated","div":"<div xmlns=\"http://www.w3.org/1999/xhtml\"><ul><li>Include all codes defined in <a href=\"CodeSystem-DIVOC-CodeSystem.html\"><code>http://smart.who.int/ddcc/DIVOC</code></a></li></ul></div>"},"url":"http://smart.who.int/ddcc/ValueSet/DIVOC-ValueSet","version":"1.0.0","name":"DIVOC_ValueSet","title":"COVID-19 Vaccine Codes for DIVOC","status":"draft","date":"2023-11-07T06:07:49+00:00","publisher":"WHO","contact":[{"name":"WHO","telecom":[{"system":"url","value":"http://who.int"}]}],"description":"COVID-19 Vaccine codes for DIVOC so the FHIR server can perform expansions.","jurisdiction":[{"coding":[{"system":"http://unstats.un.org/unsd/methods/m49/m49.htm","code":"001"}]}],"compose":{"include":[{"system":"http://smart.who.int/ddcc/DIVOC"}]}}