<?xml version="1.0" encoding="UTF-8"?><ValueSet xmlns="http://hl7.org/fhir"><id value="LabTestTypeLoincValueSet"/><text><status value="generated"/><div xmlns="http://www.w3.org/1999/xhtml"><p class="res-header-id"><b>Generated Narrative: ValueSet LabTestTypeLoincValueSet</b></p><a name="LabTestTypeLoincValueSet"> </a><a name="hcLabTestTypeLoincValueSet"> </a><a name="LabTestTypeLoincValueSet-en-US"> </a><ul><li>Include these codes as defined in <a href="http://loinc.org"><code>http://loinc.org</code></a><table class="none"><tr><td style="white-space:nowrap"><b>Code</b></td><td><b>Display</b></td></tr><tr><td><a href="CodeSystem-WHODDCCloinc.html#WHODDCCloinc-LP6464-4">LP6464-4</a></td><td>Nucliec acid amplification with probe detection</td></tr><tr><td><a href="CodeSystem-WHODDCCloinc.html#WHODDCCloinc-LP217198-3">LP217198-3</a></td><td>Rapid immunoassay</td></tr></table></li></ul></div></text><url value="http://smart.who.int/ddcc/ValueSet/LabTestTypeLoincValueSet"/><version value="1.0.0"/><name value="LabTestTypeLoincValueSet"/><title value="Lab Test - Type - Generic - LOINC"/><status value="draft"/><experimental value="true"/><date value="2024-10-11T11:23:29+00:00"/><publisher value="WHO"/><contact><name value="WHO"/><telecom><system value="url"/><value value="http://who.int"/></telecom></contact><description value="This is a one-time snapshot of the allowed values for generic lab tests in EUDCC, retrieved in February 2023 from https://eur-lex.europa.eu/legal-content/EN/TXT/?uri=uriserv%3AOJ.L_.2021.230.01.0032.01.ENG. Contents may need to be updated and readers should consult the credential's documentation."/><jurisdiction><coding><system value="http://unstats.un.org/unsd/methods/m49/m49.htm"/><code value="001"/></coding></jurisdiction><compose><include><system value="http://loinc.org"/><concept><code value="LP6464-4"/><display value="Nucliec acid amplification with probe detection"/></concept><concept><code value="LP217198-3"/><display value="Rapid immunoassay"/></concept></include></compose></ValueSet>