{"resourceType":"CodeSystem","id":"DDCCICD11CodeSystem","text":{"status":"generated","div":"<div xmlns=\"http://www.w3.org/1999/xhtml\"><p class=\"res-header-id\"><b>Generated Narrative: CodeSystem DDCCICD11CodeSystem</b></p><a name=\"DDCCICD11CodeSystem\"> </a><a name=\"hcDDCCICD11CodeSystem\"> </a><a name=\"DDCCICD11CodeSystem-en-US\"> </a><p>This case-sensitive code system <code>http://smart.who.int/ddcc/CodeSystem/DDCCICD11CodeSystem</code> defines the following codes:</p><table class=\"codes\"><tr><td style=\"white-space:nowrap\"><b>Code</b></td><td><b>Display</b></td></tr><tr><td style=\"white-space:nowrap\">1334426561<a name=\"DDCCICD11CodeSystem-1334426561\"> </a></td><td>Viral nucleic acid amplification test or NAAT</td></tr><tr><td style=\"white-space:nowrap\">2056159157<a name=\"DDCCICD11CodeSystem-2056159157\"> </a></td><td>Rapid immunoassay detecting viral proteins or Ag-RDT</td></tr><tr><td style=\"white-space:nowrap\">JAM.AH.XF<a name=\"DDCCICD11CodeSystem-JAM.46AH.46XF\"> </a></td><td>Nasopharyngeal swab</td></tr><tr><td style=\"white-space:nowrap\">KAR.AH.XF<a name=\"DDCCICD11CodeSystem-KAR.46AH.46XF\"> </a></td><td>Oropharyngeal swab</td></tr><tr><td style=\"white-space:nowrap\">JAE.AH.XF<a name=\"DDCCICD11CodeSystem-JAE.46AH.46XF\"> </a></td><td>Swab from nasal sinus</td></tr><tr><td style=\"white-space:nowrap\">KAZ.AH.XD<a name=\"DDCCICD11CodeSystem-KAZ.46AH.46XD\"> </a></td><td>Saliva specimen</td></tr><tr><td style=\"white-space:nowrap\">DIA.AH.XA<a name=\"DDCCICD11CodeSystem-DIA.46AH.46XA\"> </a></td><td>Blood specimen</td></tr><tr><td style=\"white-space:nowrap\">RA01<a name=\"DDCCICD11CodeSystem-RA01\"> </a></td><td>COVID-19 Disease</td></tr><tr><td style=\"white-space:nowrap\">XM68M6<a name=\"DDCCICD11CodeSystem-XM68M6\"> </a></td><td>COVID-19 vaccines</td></tr><tr><td style=\"white-space:nowrap\">XM1NL1<a name=\"DDCCICD11CodeSystem-XM1NL1\"> </a></td><td>COVID-19 vaccine, inactivated virus</td></tr><tr><td style=\"white-space:nowrap\">XM7HT3<a name=\"DDCCICD11CodeSystem-XM7HT3\"> </a></td><td>CoronaVac®</td></tr><tr><td style=\"white-space:nowrap\">XM8866<a name=\"DDCCICD11CodeSystem-XM8866\"> </a></td><td>BBIBP-CorV</td></tr><tr><td style=\"white-space:nowrap\">XM9TQ1<a name=\"DDCCICD11CodeSystem-XM9TQ1\"> </a></td><td>KCONVAC</td></tr><tr><td style=\"white-space:nowrap\">XM1G90<a name=\"DDCCICD11CodeSystem-XM1G90\"> </a></td><td>Covaxin</td></tr><tr><td style=\"white-space:nowrap\">XM85P5<a name=\"DDCCICD11CodeSystem-XM85P5\"> </a></td><td>Covi-Vac</td></tr><tr><td style=\"white-space:nowrap\">XM9FQ7<a name=\"DDCCICD11CodeSystem-XM9FQ7\"> </a></td><td>Hayat-Vax</td></tr><tr><td style=\"white-space:nowrap\">XM97N6<a name=\"DDCCICD11CodeSystem-XM97N6\"> </a></td><td>QazVac</td></tr><tr><td style=\"white-space:nowrap\">XM2YG8<a name=\"DDCCICD11CodeSystem-XM2YG8\"> </a></td><td>COVIran Barakat</td></tr><tr><td style=\"white-space:nowrap\">XM3U61<a name=\"DDCCICD11CodeSystem-XM3U61\"> </a></td><td>Inactivated SARS-CoV-2 vaccine</td></tr><tr><td style=\"white-space:nowrap\">XM5DF6<a name=\"DDCCICD11CodeSystem-XM5DF6\"> </a></td><td>COVID-19 vaccine, live attenuated virus</td></tr><tr><td style=\"white-space:nowrap\">XM9QW8<a name=\"DDCCICD11CodeSystem-XM9QW8\"> </a></td><td>COVID-19 vaccine, non-replicating viral vector</td></tr><tr><td style=\"white-space:nowrap\">XM4YL8<a name=\"DDCCICD11CodeSystem-XM4YL8\"> </a></td><td>COVID-19 Vaccine AstraZeneca</td></tr><tr><td style=\"white-space:nowrap\">XM97T2<a name=\"DDCCICD11CodeSystem-XM97T2\"> </a></td><td>Covishield®</td></tr><tr><td style=\"white-space:nowrap\">XM6QV1<a name=\"DDCCICD11CodeSystem-XM6QV1\"> </a></td><td>COVID-19 Vaccine Janssen</td></tr><tr><td style=\"white-space:nowrap\">XM1AG7<a name=\"DDCCICD11CodeSystem-XM1AG7\"> </a></td><td>Convidecia</td></tr><tr><td style=\"white-space:nowrap\">XM5ZJ4<a name=\"DDCCICD11CodeSystem-XM5ZJ4\"> </a></td><td>Gam-Covid-Vac</td></tr><tr><td style=\"white-space:nowrap\">XM5QM6<a name=\"DDCCICD11CodeSystem-XM5QM6\"> </a></td><td>Sputnik-Light</td></tr><tr><td style=\"white-space:nowrap\">XM0CX4<a name=\"DDCCICD11CodeSystem-XM0CX4\"> </a></td><td>COVID-19 vaccine, replicating viral vector</td></tr><tr><td style=\"white-space:nowrap\">XM5JC5<a name=\"DDCCICD11CodeSystem-XM5JC5\"> </a></td><td>COVID-19 vaccine, virus protein subunit</td></tr><tr><td style=\"white-space:nowrap\">XM3CT4<a name=\"DDCCICD11CodeSystem-XM3CT4\"> </a></td><td>Recombinant SARS-CoV-2 vaccine</td></tr><tr><td style=\"white-space:nowrap\">XM3PG0<a name=\"DDCCICD11CodeSystem-XM3PG0\"> </a></td><td>Soberana-02</td></tr><tr><td style=\"white-space:nowrap\">XM4EC8<a name=\"DDCCICD11CodeSystem-XM4EC8\"> </a></td><td>MVC-COV1901</td></tr><tr><td style=\"white-space:nowrap\">XM6SZ8<a name=\"DDCCICD11CodeSystem-XM6SZ8\"> </a></td><td>EpiVacCorona</td></tr><tr><td style=\"white-space:nowrap\">XM6AT1<a name=\"DDCCICD11CodeSystem-XM6AT1\"> </a></td><td>COVID-19 vaccine, DNA based</td></tr><tr><td style=\"white-space:nowrap\">XM52P3<a name=\"DDCCICD11CodeSystem-XM52P3\"> </a></td><td>ZyCov-D</td></tr><tr><td style=\"white-space:nowrap\">XM0GQ8<a name=\"DDCCICD11CodeSystem-XM0GQ8\"> </a></td><td>COVID-19 vaccine, RNA based</td></tr><tr><td style=\"white-space:nowrap\">XM8NQ0<a name=\"DDCCICD11CodeSystem-XM8NQ0\"> </a></td><td>Comirnaty®</td></tr><tr><td style=\"white-space:nowrap\">XM3DT5<a name=\"DDCCICD11CodeSystem-XM3DT5\"> </a></td><td>COVID-19 Vaccine Moderna</td></tr><tr><td style=\"white-space:nowrap\">XN109<a name=\"DDCCICD11CodeSystem-XN109\"> </a></td><td>SARS-CoV-2</td></tr><tr><td style=\"white-space:nowrap\">XN0HL<a name=\"DDCCICD11CodeSystem-XN0HL\"> </a></td><td>SARS-CoV-2 Alpha</td></tr><tr><td style=\"white-space:nowrap\">XN4Q7<a name=\"DDCCICD11CodeSystem-XN4Q7\"> </a></td><td>SARS-CoV-2 Beta</td></tr><tr><td style=\"white-space:nowrap\">XN5BQ<a name=\"DDCCICD11CodeSystem-XN5BQ\"> </a></td><td>SARS-CoV-2 Gamma</td></tr><tr><td style=\"white-space:nowrap\">XN8V6<a name=\"DDCCICD11CodeSystem-XN8V6\"> </a></td><td>SARS-CoV-2 Delta</td></tr><tr><td style=\"white-space:nowrap\">XN1GK<a name=\"DDCCICD11CodeSystem-XN1GK\"> </a></td><td>SARS-CoV-2 Epsilon</td></tr><tr><td style=\"white-space:nowrap\">XN3ZE<a name=\"DDCCICD11CodeSystem-XN3ZE\"> </a></td><td>SARS-CoV-2 Zeta</td></tr><tr><td style=\"white-space:nowrap\">XN2V4<a name=\"DDCCICD11CodeSystem-XN2V4\"> </a></td><td>SARS-CoV-2 Eta</td></tr><tr><td style=\"white-space:nowrap\">XN4Q1<a name=\"DDCCICD11CodeSystem-XN4Q1\"> </a></td><td>SARS-CoV-2 Theta</td></tr><tr><td style=\"white-space:nowrap\">XN3UD<a name=\"DDCCICD11CodeSystem-XN3UD\"> </a></td><td>SARS-CoV-2 Iota</td></tr><tr><td style=\"white-space:nowrap\">XN9L8<a name=\"DDCCICD11CodeSystem-XN9L8\"> </a></td><td>SARS-CoV-2 Kappa</td></tr><tr><td style=\"white-space:nowrap\">XN6AM<a name=\"DDCCICD11CodeSystem-XN6AM\"> </a></td><td>SARS-CoV-2 Lambda</td></tr><tr><td style=\"white-space:nowrap\">XN39J<a name=\"DDCCICD11CodeSystem-XN39J\"> </a></td><td>SARS-CoV-2 Mu</td></tr><tr><td style=\"white-space:nowrap\">XN161<a name=\"DDCCICD11CodeSystem-XN161\"> </a></td><td>SARS-CoV-2 Omicron</td></tr><tr><td style=\"white-space:nowrap\">MG71<a name=\"DDCCICD11CodeSystem-MG71\"> </a></td><td>Abnormal laboratory results, not elsewhere classified</td></tr><tr><td style=\"white-space:nowrap\">RA01.0<a name=\"DDCCICD11CodeSystem-RA01.460\"> </a></td><td>COVID-19, virus identified</td></tr><tr><td style=\"white-space:nowrap\">RA01.1<a name=\"DDCCICD11CodeSystem-RA01.461\"> </a></td><td>COVID-19, virus not identified</td></tr><tr><td style=\"white-space:nowrap\">QA02<a name=\"DDCCICD11CodeSystem-QA02\"> </a></td><td>Medical observation or evaluation for suspected diseases or conditions, ruled out</td></tr><tr><td style=\"white-space:nowrap\">XM1AU2<a name=\"DDCCICD11CodeSystem-XM1AU2\"> </a></td><td>Sinopharm WIBP-CorV</td></tr><tr><td style=\"white-space:nowrap\">XM1J92<a name=\"DDCCICD11CodeSystem-XM1J92\"> </a></td><td>COVID-19 vaccine, virus like particle</td></tr><tr><td style=\"white-space:nowrap\">XM3SK8<a name=\"DDCCICD11CodeSystem-XM3SK8\"> </a></td><td>EpiVacCorona-N</td></tr><tr><td style=\"white-space:nowrap\">XM9N08<a name=\"DDCCICD11CodeSystem-XM9N08\"> </a></td><td>Razi COV PARS</td></tr><tr><td style=\"white-space:nowrap\">XM9P21<a name=\"DDCCICD11CodeSystem-XM9P21\"> </a></td><td>SpikoGen</td></tr><tr><td style=\"white-space:nowrap\">XM9T65<a name=\"DDCCICD11CodeSystem-XM9T65\"> </a></td><td>Novavax COVID-19 vaccine</td></tr><tr><td style=\"white-space:nowrap\">XM0K39<a name=\"DDCCICD11CodeSystem-XM0K39\"> </a></td><td>Covidful</td></tr><tr><td style=\"white-space:nowrap\">XM0RV9<a name=\"DDCCICD11CodeSystem-XM0RV9\"> </a></td><td>Soberana Plus</td></tr></table></div>"},"url":"http://smart.who.int/ddcc/CodeSystem/DDCCICD11CodeSystem","version":"1.0.1","name":"DDCCICD11CodeSystem","title":"DDCC Codes for ICD11","status":"active","experimental":false,"date":"2024-12-17T16:31:24+00:00","publisher":"WHO","contact":[{"name":"WHO","telecom":[{"system":"url","value":"http://who.int"}]}],"description":"ICD11 codes for DDCC so the FHIR server can perform expansions.","jurisdiction":[{"coding":[{"system":"http://unstats.un.org/unsd/methods/m49/m49.htm","code":"001"}]}],"caseSensitive":true,"content":"complete","count":64,"concept":[{"code":"1334426561","display":"Viral nucleic acid amplification test or NAAT"},{"code":"2056159157","display":"Rapid immunoassay detecting viral proteins or Ag-RDT"},{"code":"JAM.AH.XF","display":"Nasopharyngeal swab"},{"code":"KAR.AH.XF","display":"Oropharyngeal swab"},{"code":"JAE.AH.XF","display":"Swab from nasal sinus"},{"code":"KAZ.AH.XD","display":"Saliva specimen"},{"code":"DIA.AH.XA","display":"Blood specimen"},{"code":"RA01","display":"COVID-19 Disease"},{"code":"XM68M6","display":"COVID-19 vaccines"},{"code":"XM1NL1","display":"COVID-19 vaccine, inactivated virus"},{"code":"XM7HT3","display":"CoronaVac®"},{"code":"XM8866","display":"BBIBP-CorV"},{"code":"XM9TQ1","display":"KCONVAC"},{"code":"XM1G90","display":"Covaxin"},{"code":"XM85P5","display":"Covi-Vac"},{"code":"XM9FQ7","display":"Hayat-Vax"},{"code":"XM97N6","display":"QazVac"},{"code":"XM2YG8","display":"COVIran Barakat"},{"code":"XM3U61","display":"Inactivated SARS-CoV-2 vaccine"},{"code":"XM5DF6","display":"COVID-19 vaccine, live attenuated virus"},{"code":"XM9QW8","display":"COVID-19 vaccine, non-replicating viral vector"},{"code":"XM4YL8","display":"COVID-19 Vaccine AstraZeneca"},{"code":"XM97T2","display":"Covishield®"},{"code":"XM6QV1","display":"COVID-19 Vaccine Janssen"},{"code":"XM1AG7","display":"Convidecia"},{"code":"XM5ZJ4","display":"Gam-Covid-Vac"},{"code":"XM5QM6","display":"Sputnik-Light"},{"code":"XM0CX4","display":"COVID-19 vaccine, replicating viral vector"},{"code":"XM5JC5","display":"COVID-19 vaccine, virus protein subunit"},{"code":"XM3CT4","display":"Recombinant SARS-CoV-2 vaccine"},{"code":"XM3PG0","display":"Soberana-02"},{"code":"XM4EC8","display":"MVC-COV1901"},{"code":"XM6SZ8","display":"EpiVacCorona"},{"code":"XM6AT1","display":"COVID-19 vaccine, DNA based"},{"code":"XM52P3","display":"ZyCov-D"},{"code":"XM0GQ8","display":"COVID-19 vaccine, RNA based"},{"code":"XM8NQ0","display":"Comirnaty®"},{"code":"XM3DT5","display":"COVID-19 Vaccine Moderna"},{"code":"XN109","display":"SARS-CoV-2"},{"code":"XN0HL","display":"SARS-CoV-2 Alpha"},{"code":"XN4Q7","display":"SARS-CoV-2 Beta"},{"code":"XN5BQ","display":"SARS-CoV-2 Gamma"},{"code":"XN8V6","display":"SARS-CoV-2 Delta"},{"code":"XN1GK","display":"SARS-CoV-2 Epsilon"},{"code":"XN3ZE","display":"SARS-CoV-2 Zeta"},{"code":"XN2V4","display":"SARS-CoV-2 Eta"},{"code":"XN4Q1","display":"SARS-CoV-2 Theta"},{"code":"XN3UD","display":"SARS-CoV-2 Iota"},{"code":"XN9L8","display":"SARS-CoV-2 Kappa"},{"code":"XN6AM","display":"SARS-CoV-2 Lambda"},{"code":"XN39J","display":"SARS-CoV-2 Mu"},{"code":"XN161","display":"SARS-CoV-2 Omicron"},{"code":"MG71","display":"Abnormal laboratory results, not elsewhere classified"},{"code":"RA01.0","display":"COVID-19, virus identified"},{"code":"RA01.1","display":"COVID-19, virus not identified"},{"code":"QA02","display":"Medical observation or evaluation for suspected diseases or conditions, ruled out"},{"code":"XM1AU2","display":"Sinopharm WIBP-CorV"},{"code":"XM1J92","display":"COVID-19 vaccine, virus like particle"},{"code":"XM3SK8","display":"EpiVacCorona-N"},{"code":"XM9N08","display":"Razi COV PARS"},{"code":"XM9P21","display":"SpikoGen"},{"code":"XM9T65","display":"Novavax COVID-19 vaccine"},{"code":"XM0K39","display":"Covidful"},{"code":"XM0RV9","display":"Soberana Plus"}]}