{"resourceType":"CodeSystem","id":"WHODDCCdivoclabtestresult","text":{"status":"generated","div":"<div xmlns=\"http://www.w3.org/1999/xhtml\"><p class=\"res-header-id\"><b>Generated Narrative: CodeSystem WHODDCCdivoclabtestresult</b></p><a name=\"WHODDCCdivoclabtestresult\"> </a><a name=\"hcWHODDCCdivoclabtestresult\"> </a><a name=\"WHODDCCdivoclabtestresult-en-US\"> </a><p>This case-sensitive code system <code>http://smart.who.int/ddcc/CodeSystem/WHODDCCdivoclabtestresult</code> defines the following codes:</p><table class=\"codes\"><tr><td style=\"white-space:nowrap\"><b>Code</b></td><td><b>Display</b></td></tr><tr><td style=\"white-space:nowrap\">Negative<a name=\"WHODDCCdivoclabtestresult-Negative\"> </a></td><td>Negative</td></tr><tr><td style=\"white-space:nowrap\">Positive<a name=\"WHODDCCdivoclabtestresult-Positive\"> </a></td><td>Positive</td></tr><tr><td style=\"white-space:nowrap\">Inconclusive<a name=\"WHODDCCdivoclabtestresult-Inconclusive\"> </a></td><td>Inconclusive</td></tr><tr><td style=\"white-space:nowrap\">Void<a name=\"WHODDCCdivoclabtestresult-Void\"> </a></td><td>Void</td></tr><tr><td style=\"white-space:nowrap\">negative<a name=\"WHODDCCdivoclabtestresult-negative\"> </a></td><td>Negative</td></tr><tr><td style=\"white-space:nowrap\">positive<a name=\"WHODDCCdivoclabtestresult-positive\"> </a></td><td>Positive</td></tr><tr><td style=\"white-space:nowrap\">inconclusive<a name=\"WHODDCCdivoclabtestresult-inconclusive\"> </a></td><td>Inconclusive</td></tr><tr><td style=\"white-space:nowrap\">void<a name=\"WHODDCCdivoclabtestresult-void\"> </a></td><td>Void</td></tr></table></div>"},"url":"http://smart.who.int/ddcc/CodeSystem/WHODDCCdivoclabtestresult","version":"1.0.1","name":"WHODDCCdivoclabtestresult","title":"DIVOC lab test result codes used in this IG","status":"active","experimental":true,"date":"2024-12-17T16:31:24+00:00","publisher":"WHO","contact":[{"name":"WHO","telecom":[{"system":"url","value":"http://who.int"}]}],"description":"All DIVOC lab test result codes from its internally defined code system used in this IG. Provided so the FHIR server can perform expansions.","jurisdiction":[{"coding":[{"system":"http://unstats.un.org/unsd/methods/m49/m49.htm","code":"001"}]}],"caseSensitive":true,"content":"complete","count":8,"concept":[{"code":"Negative","display":"Negative"},{"code":"Positive","display":"Positive"},{"code":"Inconclusive","display":"Inconclusive"},{"code":"Void","display":"Void"},{"code":"negative","display":"Negative"},{"code":"positive","display":"Positive"},{"code":"inconclusive","display":"Inconclusive"},{"code":"void","display":"Void"}]}