<?xml version="1.0" encoding="UTF-8"?><ValueSet xmlns="http://hl7.org/fhir"><id value="LabTestTypeIcaoValueSet"/><text><status value="generated"/><div xmlns="http://www.w3.org/1999/xhtml"><p class="res-header-id"><b>Generated Narrative: ValueSet LabTestTypeIcaoValueSet</b></p><a name="LabTestTypeIcaoValueSet"> </a><a name="hcLabTestTypeIcaoValueSet"> </a><a name="LabTestTypeIcaoValueSet-en-US"> </a><ul><li>Include these codes as defined in <code>http://smart.who.int/ddcc/CodeSystem/LabTestTypeIcaoValueSet</code><table class="none"><tr><td style="white-space:nowrap"><b>Code</b></td><td><b>Display</b></td></tr><tr><td>molecular(PCR)</td><td>Molecular (PCR)</td></tr><tr><td>molecular(other)</td><td>Molecular (Other)</td></tr><tr><td>antigen</td><td>Antigen</td></tr><tr><td>antibody</td><td>Antibody</td></tr></table></li></ul></div></text><url value="http://smart.who.int/ddcc/ValueSet/LabTestTypeIcaoValueSet"/><version value="1.0.0"/><name value="LabTestTypeIcaoValueSet"/><title value="Lab Test - Type - ICAO"/><status value="draft"/><experimental value="true"/><date value="2024-10-15T09:23:49+00:00"/><publisher value="WHO"/><contact><name value="WHO"/><telecom><system value="url"/><value value="http://who.int"/></telecom></contact><description value="This is a one-time snapshot of the allowed values for lab test types in ICAO, retrieved in February 2023 from https://www.icao.int/Security/FAL/TRIP/PublishingImages/Pages/Publications/Visible%20Digital%20Seal%20for%20non-constrained%20environments%20%28VDS-NC%29.pdf. Contents may need to be updated and readers should consult the credential's documentation."/><jurisdiction><coding><system value="http://unstats.un.org/unsd/methods/m49/m49.htm"/><code value="001"/></coding></jurisdiction><compose><include><system value="http://smart.who.int/ddcc/CodeSystem/LabTestTypeIcaoValueSet"/><concept><code value="molecular(PCR)"/><display value="Molecular (PCR)"/></concept><concept><code value="molecular(other)"/><display value="Molecular (Other)"/></concept><concept><code value="antigen"/><display value="Antigen"/></concept><concept><code value="antibody"/><display value="Antibody"/></concept></include></compose></ValueSet>