<?xml version="1.0" encoding="UTF-8"?><ValueSet xmlns="http://hl7.org/fhir"><id value="LabTestQualitativeResultDivocValueSet"/><text><status value="generated"/><div xmlns="http://www.w3.org/1999/xhtml"><p class="res-header-id"><b>Generated Narrative: ValueSet LabTestQualitativeResultDivocValueSet</b></p><a name="LabTestQualitativeResultDivocValueSet"> </a><a name="hcLabTestQualitativeResultDivocValueSet"> </a><a name="LabTestQualitativeResultDivocValueSet-en-US"> </a><ul><li>Include these codes as defined in <code>http://smart.who.int/ddcc/CodeSystem/LabTestQualitativeResultDivocValueSet</code><table class="none"><tr><td style="white-space:nowrap"><b>Code</b></td><td><b>Display</b></td></tr><tr><td>Negative</td><td>Negative</td></tr><tr><td>Positive</td><td>Positive</td></tr><tr><td>Inconclusive</td><td>Inconclusive</td></tr><tr><td>Void</td><td>Void</td></tr><tr><td>negative</td><td>Negative</td></tr><tr><td>positive</td><td>Positive</td></tr><tr><td>inconclusive</td><td>Inconclusive</td></tr><tr><td>void</td><td>Void</td></tr></table></li></ul></div></text><url value="http://smart.who.int/ddcc/ValueSet/LabTestQualitativeResultDivocValueSet"/><version value="1.0.0"/><name value="LabTestQualitativeResultDivocValueSet"/><title value="Lab Test - Qualitative Result - DIVOC"/><status value="draft"/><experimental value="true"/><date value="2024-10-17T06:56:04+00:00"/><publisher value="WHO"/><contact><name value="WHO"/><telecom><system value="url"/><value value="http://who.int"/></telecom></contact><description value="This is a one-time snapshot of the allowed values for lab test results, retrieved in February 2023. Contents may need to be updated and readers should consult the credential's documentation. Some information on DIVOC's test certificate can be found at https://github.com/egovernments/DIVOC/blob/main/test-certificate-context/test-certificate-context.js. Additional information on DIVOC can be found at &lt;https://divoc.digit.org/platform/divocs-verifiable-certificate-features&gt;"/><jurisdiction><coding><system value="http://unstats.un.org/unsd/methods/m49/m49.htm"/><code value="001"/></coding></jurisdiction><compose><include><system value="http://smart.who.int/ddcc/CodeSystem/LabTestQualitativeResultDivocValueSet"/><concept><code value="Negative"/><display value="Negative"/></concept><concept><code value="Positive"/><display value="Positive"/></concept><concept><code value="Inconclusive"/><display value="Inconclusive"/></concept><concept><code value="Void"/><display value="Void"/></concept><concept><code value="negative"/><display value="Negative"/></concept><concept><code value="positive"/><display value="Positive"/></concept><concept><code value="inconclusive"/><display value="Inconclusive"/></concept><concept><code value="void"/><display value="Void"/></concept></include></compose></ValueSet>