{"resourceType":"CodeSystem","id":"WHODDCCdivoclabtesttype","text":{"status":"generated","div":"<div xmlns=\"http://www.w3.org/1999/xhtml\"><p class=\"res-header-id\"><b>Generated Narrative: CodeSystem WHODDCCdivoclabtesttype</b></p><a name=\"WHODDCCdivoclabtesttype\"> </a><a name=\"hcWHODDCCdivoclabtesttype\"> </a><a name=\"WHODDCCdivoclabtesttype-en-US\"> </a><p>This case-sensitive code system <code>http://smart.who.int/ddcc/CodeSystem/WHODDCCdivoclabtesttype</code> defines the following codes:</p><table class=\"codes\"><tr><td style=\"white-space:nowrap\"><b>Code</b></td><td><b>Display</b></td></tr><tr><td style=\"white-space:nowrap\">RT-PCR<a name=\"WHODDCCdivoclabtesttype-RT-PCR\"> </a></td><td>RT-PCR</td></tr><tr><td style=\"white-space:nowrap\">Rapid Antigen Test (RAT)<a name=\"WHODDCCdivoclabtesttype-RapidAntigenTest.40RAT.41\"> </a></td><td>Rapid Antigen Test (RAT)</td></tr><tr><td style=\"white-space:nowrap\">rt-pcr<a name=\"WHODDCCdivoclabtesttype-rt-pcr\"> </a></td><td>RT-PCR</td></tr><tr><td style=\"white-space:nowrap\">rapid antigen test (rat)<a name=\"WHODDCCdivoclabtesttype-rapidantigentest.40rat.41\"> </a></td><td>Rapid Antigen Test (RAT)</td></tr></table></div>"},"url":"http://smart.who.int/ddcc/CodeSystem/WHODDCCdivoclabtesttype","version":"1.0.0","name":"WHODDCCdivoclabtesttype","title":"DIVOC lab test type codes used in this IG","status":"draft","experimental":true,"date":"2024-10-15T09:23:49+00:00","publisher":"WHO","contact":[{"name":"WHO","telecom":[{"system":"url","value":"http://who.int"}]}],"description":"All DIVOC lab test type codes from its internally defined code system used in this IG. Provided so the FHIR server can perform expansions.","jurisdiction":[{"coding":[{"system":"http://unstats.un.org/unsd/methods/m49/m49.htm","code":"001"}]}],"caseSensitive":true,"content":"complete","count":4,"concept":[{"code":"RT-PCR","display":"RT-PCR"},{"code":"Rapid Antigen Test (RAT)","display":"Rapid Antigen Test (RAT)"},{"code":"rt-pcr","display":"RT-PCR"},{"code":"rapid antigen test (rat)","display":"Rapid Antigen Test (RAT)"}]}