<?xml version="1.0" encoding="UTF-8"?>

<CodeSystem xmlns="http://hl7.org/fhir">
  <id value="WHODDCCdivoclabtestresult"/>
  <text>
    <status value="generated"/><div xmlns="http://www.w3.org/1999/xhtml"><p class="res-header-id"><b>Generated Narrative: CodeSystem WHODDCCdivoclabtestresult</b></p><a name="WHODDCCdivoclabtestresult"> </a><a name="hcWHODDCCdivoclabtestresult"> </a><a name="WHODDCCdivoclabtestresult-en-US"> </a><p>This case-sensitive code system <code>http://smart.who.int/ddcc/CodeSystem/WHODDCCdivoclabtestresult</code> defines the following codes:</p><table class="codes"><tr><td style="white-space:nowrap"><b>Code</b></td><td><b>Display</b></td></tr><tr><td style="white-space:nowrap">Negative<a name="WHODDCCdivoclabtestresult-Negative"> </a></td><td>Negative</td></tr><tr><td style="white-space:nowrap">Positive<a name="WHODDCCdivoclabtestresult-Positive"> </a></td><td>Positive</td></tr><tr><td style="white-space:nowrap">Inconclusive<a name="WHODDCCdivoclabtestresult-Inconclusive"> </a></td><td>Inconclusive</td></tr><tr><td style="white-space:nowrap">Void<a name="WHODDCCdivoclabtestresult-Void"> </a></td><td>Void</td></tr><tr><td style="white-space:nowrap">negative<a name="WHODDCCdivoclabtestresult-negative"> </a></td><td>Negative</td></tr><tr><td style="white-space:nowrap">positive<a name="WHODDCCdivoclabtestresult-positive"> </a></td><td>Positive</td></tr><tr><td style="white-space:nowrap">inconclusive<a name="WHODDCCdivoclabtestresult-inconclusive"> </a></td><td>Inconclusive</td></tr><tr><td style="white-space:nowrap">void<a name="WHODDCCdivoclabtestresult-void"> </a></td><td>Void</td></tr></table></div>
  </text>
  <url value="http://smart.who.int/ddcc/CodeSystem/WHODDCCdivoclabtestresult"/>
  <version value="1.0.0"/>
  <name value="WHODDCCdivoclabtestresult"/>
  <title value="DIVOC lab test result codes used in this IG"/>
  <status value="draft"/>
  <experimental value="true"/>
  <date value="2024-10-11T11:23:29+00:00"/>
  <publisher value="WHO"/>
  <contact>
    <name value="WHO"/>
    <telecom>
      <system value="url"/>
      <value value="http://who.int"/>
    </telecom>
  </contact>
  <description value="All DIVOC lab test result codes from its internally defined code system used in this IG. Provided so the FHIR server can perform expansions."/>
  <jurisdiction>
    <coding>
      <system value="http://unstats.un.org/unsd/methods/m49/m49.htm"/>
      <code value="001"/>
    </coding>
  </jurisdiction>
  <caseSensitive value="true"/>
  <content value="complete"/>
  <count value="8"/>
  <concept>
    <code value="Negative"/>
    <display value="Negative"/>
  </concept>
  <concept>
    <code value="Positive"/>
    <display value="Positive"/>
  </concept>
  <concept>
    <code value="Inconclusive"/>
    <display value="Inconclusive"/>
  </concept>
  <concept>
    <code value="Void"/>
    <display value="Void"/>
  </concept>
  <concept>
    <code value="negative"/>
    <display value="Negative"/>
  </concept>
  <concept>
    <code value="positive"/>
    <display value="Positive"/>
  </concept>
  <concept>
    <code value="inconclusive"/>
    <display value="Inconclusive"/>
  </concept>
  <concept>
    <code value="void"/>
    <display value="Void"/>
  </concept>
</CodeSystem>