<?xml version="1.0" encoding="UTF-8"?>

<CodeSystem xmlns="http://hl7.org/fhir">
  <id value="WHODDCCeuur"/>
  <text>
    <status value="generated"/><div xmlns="http://www.w3.org/1999/xhtml"><p class="res-header-id"><b>Generated Narrative: CodeSystem WHODDCCeuur</b></p><a name="WHODDCCeuur"> </a><a name="hcWHODDCCeuur"> </a><a name="WHODDCCeuur-en-US"> </a><p>This case-sensitive code system <code>https://ec.europa.eu/health/documents/community-register/html/</code> defines the following codes:</p><table class="codes"><tr><td style="white-space:nowrap"><b>Code</b></td><td><b>Display</b></td></tr><tr><td style="white-space:nowrap">EU/1/20/1528<a name="WHODDCCeuur-EU.471.4720.471528"> </a></td><td>Comirnaty</td></tr><tr><td style="white-space:nowrap">EU/1/20/1507<a name="WHODDCCeuur-EU.471.4720.471507"> </a></td><td>Spikevax</td></tr><tr><td style="white-space:nowrap">EU/1/21/1529<a name="WHODDCCeuur-EU.471.4721.471529"> </a></td><td>Vaxzevria</td></tr><tr><td style="white-space:nowrap">EU/1/20/1525<a name="WHODDCCeuur-EU.471.4720.471525"> </a></td><td>Jcovden</td></tr><tr><td style="white-space:nowrap">CVnCoV<a name="WHODDCCeuur-CVnCoV"> </a></td><td>CVnCoV</td></tr><tr><td style="white-space:nowrap">NVX-CoV2373<a name="WHODDCCeuur-NVX-CoV2373"> </a></td><td>NVX-CoV2373</td></tr><tr><td style="white-space:nowrap">Sputnik-V<a name="WHODDCCeuur-Sputnik-V"> </a></td><td>Sputnik V</td></tr><tr><td style="white-space:nowrap">Convidecia<a name="WHODDCCeuur-Convidecia"> </a></td><td>Convidecia</td></tr><tr><td style="white-space:nowrap">EpiVacCorona<a name="WHODDCCeuur-EpiVacCorona"> </a></td><td>EpiVacCorona</td></tr><tr><td style="white-space:nowrap">BBIBP-CorV<a name="WHODDCCeuur-BBIBP-CorV"> </a></td><td>BBIBP-CorV</td></tr><tr><td style="white-space:nowrap">Inactivated-SARS-CoV-2-Vero-Cell<a name="WHODDCCeuur-Inactivated-SARS-CoV-2-Vero-Cell"> </a></td><td>Inactivated SARS-CoV-2 (Vero Cell)</td></tr><tr><td style="white-space:nowrap">CoronaVac<a name="WHODDCCeuur-CoronaVac"> </a></td><td>CoronaVac</td></tr><tr><td style="white-space:nowrap">Covaxin<a name="WHODDCCeuur-Covaxin"> </a></td><td>Covaxin</td></tr><tr><td style="white-space:nowrap">Covishield<a name="WHODDCCeuur-Covishield"> </a></td><td>Covishield</td></tr><tr><td style="white-space:nowrap">Covid-19-recombinant<a name="WHODDCCeuur-Covid-19-recombinant"> </a></td><td>Covid-19 (recombinant)</td></tr><tr><td style="white-space:nowrap">R-COVI<a name="WHODDCCeuur-R-COVI"> </a></td><td>R-COVI</td></tr><tr><td style="white-space:nowrap">CoviVac<a name="WHODDCCeuur-CoviVac"> </a></td><td>CoviVac</td></tr><tr><td style="white-space:nowrap">Sputnik-Light<a name="WHODDCCeuur-Sputnik-Light"> </a></td><td>Sputnik Light</td></tr><tr><td style="white-space:nowrap">Hayat-Vax<a name="WHODDCCeuur-Hayat-Vax"> </a></td><td>Hayat-Vax</td></tr><tr><td style="white-space:nowrap">Abdala<a name="WHODDCCeuur-Abdala"> </a></td><td>Abdala</td></tr><tr><td style="white-space:nowrap">WIBP-CorV<a name="WHODDCCeuur-WIBP-CorV"> </a></td><td>WIBP-CorV</td></tr><tr><td style="white-space:nowrap">MVC-COV1901<a name="WHODDCCeuur-MVC-COV1901"> </a></td><td>MVC COVID-19 vaccine</td></tr><tr><td style="white-space:nowrap">EU/1/21/1618<a name="WHODDCCeuur-EU.471.4721.471618"> </a></td><td>Nuvaxovid</td></tr><tr><td style="white-space:nowrap">Covovax<a name="WHODDCCeuur-Covovax"> </a></td><td>Covovax</td></tr><tr><td style="white-space:nowrap">Vidprevtyn<a name="WHODDCCeuur-Vidprevtyn"> </a></td><td>Vidprevtyn</td></tr><tr><td style="white-space:nowrap">VLA2001<a name="WHODDCCeuur-VLA2001"> </a></td><td>VLA2001</td></tr><tr><td style="white-space:nowrap">EpiVacCorona-N<a name="WHODDCCeuur-EpiVacCorona-N"> </a></td><td>EpiVacCorona- N</td></tr><tr><td style="white-space:nowrap">Sputnik-M<a name="WHODDCCeuur-Sputnik-M"> </a></td><td>Sputnik M</td></tr><tr><td style="white-space:nowrap">Covid-19-adsorvida-inativada<a name="WHODDCCeuur-Covid-19-adsorvida-inativada"> </a></td><td>Vacina adsorvida covid-19 (inativada)</td></tr><tr><td style="white-space:nowrap">NVSI-06-08<a name="WHODDCCeuur-NVSI-06-08"> </a></td><td>NVSI-06-08</td></tr><tr><td style="white-space:nowrap">YS-SC2-010<a name="WHODDCCeuur-YS-SC2-010"> </a></td><td>YS-SC2-010</td></tr><tr><td style="white-space:nowrap">SCTV01C<a name="WHODDCCeuur-SCTV01C"> </a></td><td>SCTV01C</td></tr><tr><td style="white-space:nowrap">Covifenz<a name="WHODDCCeuur-Covifenz"> </a></td><td>Covifenz</td></tr><tr><td style="white-space:nowrap">AZD2816<a name="WHODDCCeuur-AZD2816"> </a></td><td>AZD2816</td></tr><tr><td style="white-space:nowrap">Soberana-02<a name="WHODDCCeuur-Soberana-02"> </a></td><td>Soberana 02</td></tr><tr><td style="white-space:nowrap">Soberana-Plus<a name="WHODDCCeuur-Soberana-Plus"> </a></td><td>Soberana Plus</td></tr><tr><td style="white-space:nowrap">EU/1/21/1624<a name="WHODDCCeuur-EU.471.4721.471624"> </a></td><td>COVID-19 Vaccine Valneva</td></tr><tr><td style="white-space:nowrap">EU/1/21/1580<a name="WHODDCCeuur-EU.471.4721.471580"> </a></td><td>VidPrevtyn Beta</td></tr></table></div>
  </text>
  <url value="https://ec.europa.eu/health/documents/community-register/html/"/>
  <version value="1.0.0"/>
  <name value="WHODDCCeuur"/>
  <title value="EUUR codes used in this IG"/>
  <status value="draft"/>
  <experimental value="true"/>
  <date value="2024-10-11T11:23:29+00:00"/>
  <publisher value="WHO"/>
  <contact>
    <name value="WHO"/>
    <telecom>
      <system value="url"/>
      <value value="http://who.int"/>
    </telecom>
  </contact>
  <description value="All EUUR codes from `https://ec.europa.eu/health/documents/community-register/html/` used in this IG. Provided so the FHIR server can perform expansions."/>
  <jurisdiction>
    <coding>
      <system value="http://unstats.un.org/unsd/methods/m49/m49.htm"/>
      <code value="001"/>
    </coding>
  </jurisdiction>
  <caseSensitive value="true"/>
  <content value="complete"/>
  <count value="38"/>
  <concept>
    <code value="EU/1/20/1528"/>
    <display value="Comirnaty"/>
  </concept>
  <concept>
    <code value="EU/1/20/1507"/>
    <display value="Spikevax"/>
  </concept>
  <concept>
    <code value="EU/1/21/1529"/>
    <display value="Vaxzevria"/>
  </concept>
  <concept>
    <code value="EU/1/20/1525"/>
    <display value="Jcovden"/>
  </concept>
  <concept>
    <code value="CVnCoV"/>
    <display value="CVnCoV"/>
  </concept>
  <concept>
    <code value="NVX-CoV2373"/>
    <display value="NVX-CoV2373"/>
  </concept>
  <concept>
    <code value="Sputnik-V"/>
    <display value="Sputnik V"/>
  </concept>
  <concept>
    <code value="Convidecia"/>
    <display value="Convidecia"/>
  </concept>
  <concept>
    <code value="EpiVacCorona"/>
    <display value="EpiVacCorona"/>
  </concept>
  <concept>
    <code value="BBIBP-CorV"/>
    <display value="BBIBP-CorV"/>
  </concept>
  <concept>
    <code value="Inactivated-SARS-CoV-2-Vero-Cell"/>
    <display value="Inactivated SARS-CoV-2 (Vero Cell)"/>
  </concept>
  <concept>
    <code value="CoronaVac"/>
    <display value="CoronaVac"/>
  </concept>
  <concept>
    <code value="Covaxin"/>
    <display value="Covaxin"/>
  </concept>
  <concept>
    <code value="Covishield"/>
    <display value="Covishield"/>
  </concept>
  <concept>
    <code value="Covid-19-recombinant"/>
    <display value="Covid-19 (recombinant)"/>
  </concept>
  <concept>
    <code value="R-COVI"/>
    <display value="R-COVI"/>
  </concept>
  <concept>
    <code value="CoviVac"/>
    <display value="CoviVac"/>
  </concept>
  <concept>
    <code value="Sputnik-Light"/>
    <display value="Sputnik Light"/>
  </concept>
  <concept>
    <code value="Hayat-Vax"/>
    <display value="Hayat-Vax"/>
  </concept>
  <concept>
    <code value="Abdala"/>
    <display value="Abdala"/>
  </concept>
  <concept>
    <code value="WIBP-CorV"/>
    <display value="WIBP-CorV"/>
  </concept>
  <concept>
    <code value="MVC-COV1901"/>
    <display value="MVC COVID-19 vaccine"/>
  </concept>
  <concept>
    <code value="EU/1/21/1618"/>
    <display value="Nuvaxovid"/>
  </concept>
  <concept>
    <code value="Covovax"/>
    <display value="Covovax"/>
  </concept>
  <concept>
    <code value="Vidprevtyn"/>
    <display value="Vidprevtyn"/>
  </concept>
  <concept>
    <code value="VLA2001"/>
    <display value="VLA2001"/>
  </concept>
  <concept>
    <code value="EpiVacCorona-N"/>
    <display value="EpiVacCorona- N"/>
  </concept>
  <concept>
    <code value="Sputnik-M"/>
    <display value="Sputnik M"/>
  </concept>
  <concept>
    <code value="Covid-19-adsorvida-inativada"/>
    <display value="Vacina adsorvida covid-19 (inativada)"/>
  </concept>
  <concept>
    <code value="NVSI-06-08"/>
    <display value="NVSI-06-08"/>
  </concept>
  <concept>
    <code value="YS-SC2-010"/>
    <display value="YS-SC2-010"/>
  </concept>
  <concept>
    <code value="SCTV01C"/>
    <display value="SCTV01C"/>
  </concept>
  <concept>
    <code value="Covifenz"/>
    <display value="Covifenz"/>
  </concept>
  <concept>
    <code value="AZD2816"/>
    <display value="AZD2816"/>
  </concept>
  <concept>
    <code value="Soberana-02"/>
    <display value="Soberana 02"/>
  </concept>
  <concept>
    <code value="Soberana-Plus"/>
    <display value="Soberana Plus"/>
  </concept>
  <concept>
    <code value="EU/1/21/1624"/>
    <display value="COVID-19 Vaccine Valneva"/>
  </concept>
  <concept>
    <code value="EU/1/21/1580"/>
    <display value="VidPrevtyn Beta"/>
  </concept>
</CodeSystem>