<?xml version="1.0" encoding="UTF-8"?>

<ValueSet xmlns="http://hl7.org/fhir">
  <id value="WHODDCCDiseaseTargetedCOVID19"/>
  <text>
    <status value="generated"/><div xmlns="http://www.w3.org/1999/xhtml"><p class="res-header-id"><b>Generated Narrative: ValueSet WHODDCCDiseaseTargetedCOVID19</b></p><a name="WHODDCCDiseaseTargetedCOVID19"> </a><a name="hcWHODDCCDiseaseTargetedCOVID19"> </a><a name="WHODDCCDiseaseTargetedCOVID19-en-US"> </a><ul><li>Include these codes as defined in <code>http://id.who.int/icd11/mms</code><table class="none"><tr><td style="white-space:nowrap"><b>Code</b></td><td><b>Display</b></td></tr><tr><td>RA01</td><td>COVID-19</td></tr></table></li></ul></div>
  </text>
  <url value="http://smart.who.int/ddcc/ValueSet/WHODDCCDiseaseTargetedCOVID19"/>
  <version value="1.0.0"/>
  <name value="WHODDCCDiseaseTargetedCOVID19"/>
  <title value="WHO Disease or Agent Targeted (COVID-19)"/>
  <status value="draft"/>
  <date value="2024-10-11T11:23:29+00:00"/>
  <publisher value="WHO"/>
  <contact>
    <name value="WHO"/>
    <telecom>
      <system value="url"/>
      <value value="http://who.int"/>
    </telecom>
  </contact>
  <description value="WHO Disease or Agent Targeted List (COVID-19) from [ICD 11](https://icd.who.int/browse11)"/>
  <jurisdiction>
    <coding>
      <system value="http://unstats.un.org/unsd/methods/m49/m49.htm"/>
      <code value="001"/>
    </coding>
  </jurisdiction>
  <compose>
    <include>
      <system value="http://id.who.int/icd11/mms"/>
      <concept>
        <code value="RA01"/>
        <display value="COVID-19"/>
      </concept>
    </include>
  </compose>
</ValueSet>