{"resourceType":"CodeSystem","id":"DDCCExampleTestCodeSystem","text":{"status":"generated","div":"<div xmlns=\"http://www.w3.org/1999/xhtml\"><p class=\"res-header-id\"><b>Generated Narrative: CodeSystem DDCCExampleTestCodeSystem</b></p><a name=\"DDCCExampleTestCodeSystem\"> </a><a name=\"hcDDCCExampleTestCodeSystem\"> </a><a name=\"DDCCExampleTestCodeSystem-en-US\"> </a><p>This case-sensitive code system <code>http://smart.who.int/ddcc/CodeSystem/DDCCExampleTestCodeSystem</code> defines the following code:</p><table class=\"codes\"><tr><td style=\"white-space:nowrap\"><b>Code</b></td><td><b>Display</b></td></tr><tr><td style=\"white-space:nowrap\">TEST<a name=\"DDCCExampleTestCodeSystem-TEST\"> </a></td><td>Test</td></tr></table></div>"},"url":"http://smart.who.int/ddcc/CodeSystem/DDCCExampleTestCodeSystem","version":"1.0.0","name":"DDCCExampleTestCodeSystem","title":"DDCC Codes for examples","status":"draft","experimental":false,"date":"2024-10-11T11:23:29+00:00","publisher":"WHO","contact":[{"name":"WHO","telecom":[{"system":"url","value":"http://who.int"}]}],"description":"Example codes for example resources.","jurisdiction":[{"coding":[{"system":"http://unstats.un.org/unsd/methods/m49/m49.htm","code":"001"}]}],"caseSensitive":true,"content":"complete","count":1,"concept":[{"code":"TEST","display":"Test"}]}