{"resourceType":"ValueSet","id":"ICAOV1ValueSet","text":{"status":"generated","div":"<div xmlns=\"http://www.w3.org/1999/xhtml\"><p class=\"res-header-id\"><b>Generated Narrative: ValueSet ICAOV1ValueSet</b></p><a name=\"ICAOV1ValueSet\"> </a><a name=\"hcICAOV1ValueSet\"> </a><a name=\"ICAOV1ValueSet-en-US\"> </a><ul><li>Include all codes defined in <a href=\"CodeSystem-ICAOV1CodeSystem.html\"><code>http://smart.who.int/ddcc/CodeSystem/ICAOV1CodeSystem</code></a></li></ul></div>"},"url":"http://smart.who.int/ddcc/ValueSet/ICAOV1ValueSet","version":"1.0.0","name":"ICAOV1ValueSet","title":"DDCC Codes for ICAO Vaccines","status":"draft","date":"2024-10-11T11:23:29+00:00","publisher":"WHO","contact":[{"name":"WHO","telecom":[{"system":"url","value":"http://who.int"}]}],"description":"ICAO vaccines codes for DDCC so the FHIR server can perform expansions.","jurisdiction":[{"coding":[{"system":"http://unstats.un.org/unsd/methods/m49/m49.htm","code":"001"}]}],"compose":{"include":[{"system":"http://smart.who.int/ddcc/CodeSystem/ICAOV1CodeSystem"}]}}