{"resourceType":"ValueSet","id":"LabTestQualitativeResultDivocValueSet","text":{"status":"generated","div":"<div xmlns=\"http://www.w3.org/1999/xhtml\"><p class=\"res-header-id\"><b>Generated Narrative: ValueSet LabTestQualitativeResultDivocValueSet</b></p><a name=\"LabTestQualitativeResultDivocValueSet\"> </a><a name=\"hcLabTestQualitativeResultDivocValueSet\"> </a><a name=\"LabTestQualitativeResultDivocValueSet-en-US\"> </a><ul><li>Include these codes as defined in <code>http://smart.who.int/ddcc/CodeSystem/LabTestQualitativeResultDivocValueSet</code><table class=\"none\"><tr><td style=\"white-space:nowrap\"><b>Code</b></td><td><b>Display</b></td></tr><tr><td>Negative</td><td>Negative</td></tr><tr><td>Positive</td><td>Positive</td></tr><tr><td>Inconclusive</td><td>Inconclusive</td></tr><tr><td>Void</td><td>Void</td></tr><tr><td>negative</td><td>Negative</td></tr><tr><td>positive</td><td>Positive</td></tr><tr><td>inconclusive</td><td>Inconclusive</td></tr><tr><td>void</td><td>Void</td></tr></table></li></ul></div>"},"url":"http://smart.who.int/ddcc/ValueSet/LabTestQualitativeResultDivocValueSet","version":"1.0.0","name":"LabTestQualitativeResultDivocValueSet","title":"Lab Test - Qualitative Result - DIVOC","status":"draft","experimental":true,"date":"2024-10-11T11:23:29+00:00","publisher":"WHO","contact":[{"name":"WHO","telecom":[{"system":"url","value":"http://who.int"}]}],"description":"This is a one-time snapshot of the allowed values for lab test results, retrieved in February 2023. Contents may need to be updated and readers should consult the credential's documentation. Some information on DIVOC's test certificate can be found at https://github.com/egovernments/DIVOC/blob/main/test-certificate-context/test-certificate-context.js. Additional information on DIVOC can be found at <https://divoc.digit.org/platform/divocs-verifiable-certificate-features>","jurisdiction":[{"coding":[{"system":"http://unstats.un.org/unsd/methods/m49/m49.htm","code":"001"}]}],"compose":{"include":[{"system":"http://smart.who.int/ddcc/CodeSystem/LabTestQualitativeResultDivocValueSet","concept":[{"code":"Negative","display":"Negative"},{"code":"Positive","display":"Positive"},{"code":"Inconclusive","display":"Inconclusive"},{"code":"Void","display":"Void"},{"code":"negative","display":"Negative"},{"code":"positive","display":"Positive"},{"code":"inconclusive","display":"Inconclusive"},{"code":"void","display":"Void"}]}]}}