{"resourceType":"ValueSet","id":"LabTestResultIcaoValueSet","text":{"status":"generated","div":"<div xmlns=\"http://www.w3.org/1999/xhtml\"><p class=\"res-header-id\"><b>Generated Narrative: ValueSet LabTestResultIcaoValueSet</b></p><a name=\"LabTestResultIcaoValueSet\"> </a><a name=\"hcLabTestResultIcaoValueSet\"> </a><a name=\"LabTestResultIcaoValueSet-en-US\"> </a><ul><li>Include these codes as defined in <code>http://smart.who.int/ddcc/CodeSystem/LabTestResultIcaoValueSet</code><table class=\"none\"><tr><td style=\"white-space:nowrap\"><b>Code</b></td><td><b>Display</b></td></tr><tr><td>normal</td><td>Normal</td></tr><tr><td>abnormal</td><td>Abnormal</td></tr><tr><td>positive</td><td>Positive</td></tr><tr><td>negative</td><td>Negative</td></tr></table></li></ul></div>"},"url":"http://smart.who.int/ddcc/ValueSet/LabTestResultIcaoValueSet","version":"1.0.0","name":"LabTestResultIcaoValueSet","title":"Lab Test - Qualitative Result - ICAO","status":"draft","experimental":true,"date":"2024-10-11T11:23:29+00:00","publisher":"WHO","contact":[{"name":"WHO","telecom":[{"system":"url","value":"http://who.int"}]}],"description":"This is a one-time snapshot of the allowed values for lab test results in ICAO, retrieved in February 2023 from https://www.icao.int/Security/FAL/TRIP/PublishingImages/Pages/Publications/Visible%20Digital%20Seal%20for%20non-constrained%20environments%20%28VDS-NC%29.pdf. Contents may need to be updated and readers should consult the credential's documentation.","jurisdiction":[{"coding":[{"system":"http://unstats.un.org/unsd/methods/m49/m49.htm","code":"001"}]}],"compose":{"include":[{"system":"http://smart.who.int/ddcc/CodeSystem/LabTestResultIcaoValueSet","concept":[{"code":"normal","display":"Normal"},{"code":"abnormal","display":"Abnormal"},{"code":"positive","display":"Positive"},{"code":"negative","display":"Negative"}]}]}}