<?xml version="1.0" encoding="UTF-8"?>

<ValueSet xmlns="http://hl7.org/fhir">
  <id value="who-ddcc-sample-origin-covid-19"/>
  <text>
    <status value="generated"/><div xmlns="http://www.w3.org/1999/xhtml"><ul><li>Include these codes as defined in <a href="CodeSystem-DDCC-ICD11-CodeSystem.html"><code>http://id.who.int/icd11/mms</code></a><table class="none"><tr><td style="white-space:nowrap"><b>Code</b></td><td><b>Display</b></td></tr><tr><td><a href="CodeSystem-DDCC-ICD11-CodeSystem.html#DDCC-ICD11-CodeSystem-JAM.46AH.46XF">JAM.AH.XF</a></td><td>Nasopharyngeal swab</td></tr><tr><td><a href="CodeSystem-DDCC-ICD11-CodeSystem.html#DDCC-ICD11-CodeSystem-KAR.46AH.46XF">KAR.AH.XF</a></td><td>Oropharyngeal swab</td></tr><tr><td><a href="CodeSystem-DDCC-ICD11-CodeSystem.html#DDCC-ICD11-CodeSystem-JAE.46AH.46XF">JAE.AH.XF</a></td><td>Swab from nasal sinus</td></tr><tr><td><a href="CodeSystem-DDCC-ICD11-CodeSystem.html#DDCC-ICD11-CodeSystem-KAZ.46AH.46XD">KAZ.AH.XD</a></td><td>Saliva specimen</td></tr><tr><td><a href="CodeSystem-DDCC-ICD11-CodeSystem.html#DDCC-ICD11-CodeSystem-DIA.46AH.46XA">DIA.AH.XA</a></td><td>Blood specimen</td></tr></table></li></ul></div>
  </text>
  <url value="http://smart.who.int/ddcc/ValueSet/who-ddcc-sample-origin-covid-19"/>
  <version value="1.0.0"/>
  <name value="WHO_DDCC_Sample_Origin_COVID_19"/>
  <title value="WHO Speciman Sample Origin (COVID-19)"/>
  <status value="draft"/>
  <date value="2023-11-07T06:07:49+00:00"/>
  <publisher value="WHO"/>
  <contact>
    <name value="WHO"/>
    <telecom>
      <system value="url"/>
      <value value="http://who.int"/>
    </telecom>
  </contact>
  <description value="WHO Speciman Sample Origin List (COVID-19)"/>
  <jurisdiction>
    <coding>
      <system value="http://unstats.un.org/unsd/methods/m49/m49.htm"/>
      <code value="001"/>
    </coding>
  </jurisdiction>
  <compose>
    <include>
      <system value="http://id.who.int/icd11/mms"/>
      <concept>
        <code value="JAM.AH.XF"/>
        <display value="Nasopharyngeal swab"/>
      </concept>
      <concept>
        <code value="KAR.AH.XF"/>
        <display value="Oropharyngeal swab"/>
      </concept>
      <concept>
        <code value="JAE.AH.XF"/>
        <display value="Swab from nasal sinus"/>
      </concept>
      <concept>
        <code value="KAZ.AH.XD"/>
        <display value="Saliva specimen"/>
      </concept>
      <concept>
        <code value="DIA.AH.XA"/>
        <display value="Blood specimen"/>
      </concept>
    </include>
  </compose>
</ValueSet>