{"resourceType":"OperationDefinition","id":"IPSView","meta":{"profile":["http://smart.who.int/base/StructureDefinition/SGTransaction"]},"text":{"status":"extensions","div":"<div xmlns=\"http://www.w3.org/1999/xhtml\"><p>URL: [base]/$IPSView</p><p>Parameters</p><table class=\"grid\"><tr><td><b>Use</b></td><td><b>Name</b></td><td><b>Scope</b></td><td><b>Cardinality</b></td><td><b>Type</b></td><td><b>Binding</b></td><td><b>Documentation</b></td></tr></table></div>"},"extension":[{"url":"http://smart.who.int/base/StructureDefinition/Sgactorext","valueReference":{"reference":"ActorDefinition/HCEMR"}},{"url":"http://smart.who.int/base/StructureDefinition/Sgactorext","valueReference":{"reference":"ActorDefinition/OCHIE"}},{"url":"http://smart.who.int/base/StructureDefinition/Markdown"},{"url":"http://smart.who.int/base/StructureDefinition/Markdown"},{"url":"http://smart.who.int/base/StructureDefinition/Markdown"}],"url":"http://smart.who.int/ips-pilgrimage/OperationDefinition/IPSView","version":"1.0.0","name":"IPSView","title":"Retrieve SHL for IPS Viewer","status":"active","kind":"operation","experimental":false,"date":"2024-04-25T17:24:48+00:00","publisher":"WHO","contact":[{"name":"WHO","telecom":[{"system":"url","value":"http://who.int"},{"system":"email","value":"smart@who.int"}]}],"description":"Retrieve SHL for IPS Viewer","code":"IPSView","system":true,"type":false,"instance":false}