{
  "resourceType" : "ValueSet",
  "id" : "DDCCQRFormatValueSet",
  "text" : {
    "status" : "generated",
    "div" : "<div xmlns=\"http://www.w3.org/1999/xhtml\"><p class=\"res-header-id\"><b>Generated Narrative: ValueSet DDCCQRFormatValueSet</b></p><a name=\"DDCCQRFormatValueSet\"> </a><a name=\"hcDDCCQRFormatValueSet\"> </a><a name=\"DDCCQRFormatValueSet-en-US\"> </a><ul><li>Include all codes defined in <a href=\"CodeSystem-DDCCQRFormatCodeSystem.html\"><code>http://smart.who.int/ddcc/CodeSystem/DDCCQRFormatCodeSystem</code></a></li></ul></div>"
  },
  "url" : "http://smart.who.int/ddcc/ValueSet/DDCCQRFormatValueSet",
  "version" : "1.0.0",
  "name" : "DDCCQRFormatValueSet",
  "title" : "DDCC QR Format Codes",
  "status" : "draft",
  "date" : "2024-10-17T06:51:23+00:00",
  "publisher" : "WHO",
  "contact" : [{
    "name" : "WHO",
    "telecom" : [{
      "system" : "url",
      "value" : "http://who.int"
    }]
  }],
  "description" : "Format of the representation of QR code",
  "jurisdiction" : [{
    "coding" : [{
      "system" : "http://unstats.un.org/unsd/methods/m49/m49.htm",
      "code" : "001"
    }]
  }],
  "compose" : {
    "include" : [{
      "system" : "http://smart.who.int/ddcc/CodeSystem/DDCCQRFormatCodeSystem"
    }]
  }
}