{
  "resourceType" : "ValueSet",
  "id" : "DDCCCompositionCategoryValueSet",
  "text" : {
    "status" : "generated",
    "div" : "<div xmlns=\"http://www.w3.org/1999/xhtml\"><p class=\"res-header-id\"><b>Generated Narrative: ValueSet DDCCCompositionCategoryValueSet</b></p><a name=\"DDCCCompositionCategoryValueSet\"> </a><a name=\"hcDDCCCompositionCategoryValueSet\"> </a><a name=\"DDCCCompositionCategoryValueSet-en-US\"> </a><ul><li>Include all codes defined in <a href=\"CodeSystem-DDCCCompositionCategoryCodeSystem.html\"><code>http://smart.who.int/ddcc/CodeSystem/DDCCCompositionCategoryCodeSystem</code></a></li></ul></div>"
  },
  "url" : "http://smart.who.int/ddcc/ValueSet/DDCCCompositionCategoryValueSet",
  "version" : "1.0.0",
  "name" : "DDCCCompositionCategoryValueSet",
  "title" : "DDCC Composition Category Codes",
  "status" : "draft",
  "date" : "2024-10-15T09:19:12+00:00",
  "publisher" : "WHO",
  "contact" : [{
    "name" : "WHO",
    "telecom" : [{
      "system" : "url",
      "value" : "http://who.int"
    }]
  }],
  "description" : "Categorization of DDCC Composition",
  "jurisdiction" : [{
    "coding" : [{
      "system" : "http://unstats.un.org/unsd/methods/m49/m49.htm",
      "code" : "001"
    }]
  }],
  "compose" : {
    "include" : [{
      "system" : "http://smart.who.int/ddcc/CodeSystem/DDCCCompositionCategoryCodeSystem"
    }]
  }
}