{
  "resourceType" : "ValueSet",
  "id" : "LabTestPathogenDivocValueSet",
  "text" : {
    "status" : "generated",
    "div" : "<div xmlns=\"http://www.w3.org/1999/xhtml\"><p class=\"res-header-id\"><b>Generated Narrative: ValueSet LabTestPathogenDivocValueSet</b></p><a name=\"LabTestPathogenDivocValueSet\"> </a><a name=\"hcLabTestPathogenDivocValueSet\"> </a><a name=\"LabTestPathogenDivocValueSet-en-US\"> </a><ul><li>Include these codes as defined in <code>http://smart.who.int/ddcc/CodeSystem/LabTestPathogenDivocValueSet</code><table class=\"none\"><tr><td style=\"white-space:nowrap\"><b>Code</b></td><td><b>Display</b></td></tr><tr><td>COVID-19</td><td>Concerns the detection of SARS-CoV-2 infection.</td></tr><tr><td>covid-19</td><td>Concerns the detection of SARS-CoV-2 infection.</td></tr></table></li></ul></div>"
  },
  "url" : "http://smart.who.int/ddcc/ValueSet/LabTestPathogenDivocValueSet",
  "version" : "1.0.0",
  "name" : "LabTestPathogenDivocValueSet",
  "title" : "Lab Test - Pathogen - DIVOC",
  "status" : "draft",
  "experimental" : true,
  "date" : "2024-10-15T09:19:12+00:00",
  "publisher" : "WHO",
  "contact" : [{
    "name" : "WHO",
    "telecom" : [{
      "system" : "url",
      "value" : "http://who.int"
    }]
  }],
  "description" : "This is a one-time snapshot of the allowed values for pathogens, retrieved in February 2023. Contents may need to be updated and readers should consult the credential's documentation. Some information on DIVOC's test certificate can be found at https://github.com/egovernments/DIVOC/blob/main/test-certificate-context/test-certificate-context.js. Additional information on DIVOC can be found at <https://divoc.digit.org/platform/divocs-verifiable-certificate-features>",
  "jurisdiction" : [{
    "coding" : [{
      "system" : "http://unstats.un.org/unsd/methods/m49/m49.htm",
      "code" : "001"
    }]
  }],
  "compose" : {
    "include" : [{
      "system" : "http://smart.who.int/ddcc/CodeSystem/LabTestPathogenDivocValueSet",
      "concept" : [{
        "code" : "COVID-19",
        "display" : "Concerns the detection of SARS-CoV-2 infection."
      },
      {
        "code" : "covid-19",
        "display" : "Concerns the detection of SARS-CoV-2 infection."
      }]
    }]
  }
}