{"resourceType":"ConceptMap","id":"who-ddcc-map-divoc-icd11-vaccines","text":{"status":"generated","div":"<div xmlns=\"http://www.w3.org/1999/xhtml\"><p class=\"res-header-id\"><b>Generated Narrative: ConceptMap who-ddcc-map-divoc-icd11-vaccines</b></p><a name=\"who-ddcc-map-divoc-icd11-vaccines\"> </a><a name=\"hcwho-ddcc-map-divoc-icd11-vaccines\"> </a><a name=\"who-ddcc-map-divoc-icd11-vaccines-en-US\"> </a><p>Mapping from (not specified) to (not specified)</p><br/><p><b>Group 1 </b>Mapping from <code>http://smart.who.int/ddcc/DIVOC</code> to <code>http://id.who.int/icd11/mms</code></p><table class=\"grid\"><tr><td><b>Source Code</b></td><td><b>Relationship</b></td><td><b>Target Code</b></td></tr><tr><td>DIVOC001</td><td><a href=\"http://hl7.org/fhir/extensions/5.1.0/CodeSystem-concept-map-equivalence.html#equivalent\" title=\"equivalent\">is equivalent to</a></td><td>XM6AT1</td></tr><tr><td>DIVOC002</td><td><a href=\"http://hl7.org/fhir/extensions/5.1.0/CodeSystem-concept-map-equivalence.html#wider\" title=\"wider\">maps to wider concept</a></td><td>XM1NL1</td></tr><tr><td>DIVOC003</td><td><a href=\"http://hl7.org/fhir/extensions/5.1.0/CodeSystem-concept-map-equivalence.html#wider\" title=\"wider\">maps to wider concept</a></td><td>XM9QW8</td></tr><tr><td>DIVOC004</td><td><a href=\"http://hl7.org/fhir/extensions/5.1.0/CodeSystem-concept-map-equivalence.html#equivalent\" title=\"equivalent\">is equivalent to</a></td><td>XM9QW8</td></tr><tr><td>DIVOC005</td><td><a href=\"http://hl7.org/fhir/extensions/5.1.0/CodeSystem-concept-map-equivalence.html#wider\" title=\"wider\">maps to wider concept</a></td><td>XM0GQ8</td></tr><tr><td>DIVOC006</td><td><a href=\"http://hl7.org/fhir/extensions/5.1.0/CodeSystem-concept-map-equivalence.html#wider\" title=\"wider\">maps to wider concept</a></td><td>XM0CX4</td></tr><tr><td>DIVOC007</td><td><a href=\"http://hl7.org/fhir/extensions/5.1.0/CodeSystem-concept-map-equivalence.html#wider\" title=\"wider\">maps to wider concept</a></td><td>XM0GQ8</td></tr><tr><td>DIVOC008</td><td><a href=\"http://hl7.org/fhir/extensions/5.1.0/CodeSystem-concept-map-equivalence.html#wider\" title=\"wider\">maps to wider concept</a></td><td>XM9QW8</td></tr><tr><td>DIVOC009</td><td><a href=\"http://hl7.org/fhir/extensions/5.1.0/CodeSystem-concept-map-equivalence.html#wider\" title=\"wider\">maps to wider concept</a></td><td>XM1NL1</td></tr><tr><td>DIVOC010</td><td><a href=\"http://hl7.org/fhir/extensions/5.1.0/CodeSystem-concept-map-equivalence.html#wider\" title=\"wider\">maps to wider concept</a></td><td>XM1NL1</td></tr><tr><td>DIVOC011</td><td><a href=\"http://hl7.org/fhir/extensions/5.1.0/CodeSystem-concept-map-equivalence.html#wider\" title=\"wider\">maps to wider concept</a></td><td>XM9QW8</td></tr><tr><td>DIVOC012</td><td><a href=\"http://hl7.org/fhir/extensions/5.1.0/CodeSystem-concept-map-equivalence.html#wider\" title=\"wider\">maps to wider concept</a></td><td>XM5JC5</td></tr><tr><td>DIVOC013</td><td><a href=\"http://hl7.org/fhir/extensions/5.1.0/CodeSystem-concept-map-equivalence.html#wider\" title=\"wider\">maps to wider concept</a></td><td>XM5JC5</td></tr></table></div>"},"url":"http://smart.who.int/ddcc/ConceptMap/who-ddcc-map-divoc-icd11-vaccines","version":"1.0.1","name":"DIVOC_ICD11_COVID19_vaccines","title":"ConceptMap from DIVOC to ICD-11 for Vaccines","status":"draft","experimental":true,"date":"2022-11-22","publisher":"WHO","contact":[{"name":"WHO","telecom":[{"system":"url","value":"http://who.int"}]}],"description":"Rule-based mappings between DIVOC and ICD-11 for COVID-19 Vaccines","jurisdiction":[{"coding":[{"system":"http://unstats.un.org/unsd/methods/m49/m49.htm","code":"001"}]}],"group":[{"source":"http://smart.who.int/ddcc/DIVOC","target":"http://id.who.int/icd11/mms","element":[{"code":"DIVOC001","target":[{"code":"XM6AT1","equivalence":"equivalent"}]},{"code":"DIVOC002","target":[{"code":"XM1NL1","equivalence":"wider"}]},{"code":"DIVOC003","target":[{"code":"XM9QW8","equivalence":"wider"}]},{"code":"DIVOC004","target":[{"code":"XM9QW8","equivalence":"equivalent"}]},{"code":"DIVOC005","target":[{"code":"XM0GQ8","equivalence":"wider"}]},{"code":"DIVOC006","target":[{"code":"XM0CX4","equivalence":"wider"}]},{"code":"DIVOC007","target":[{"code":"XM0GQ8","equivalence":"wider"}]},{"code":"DIVOC008","target":[{"code":"XM9QW8","equivalence":"wider"}]},{"code":"DIVOC009","target":[{"code":"XM1NL1","equivalence":"wider"}]},{"code":"DIVOC010","target":[{"code":"XM1NL1","equivalence":"wider"}]},{"code":"DIVOC011","target":[{"code":"XM9QW8","equivalence":"wider"}]},{"code":"DIVOC012","target":[{"code":"XM5JC5","equivalence":"wider"}]},{"code":"DIVOC013","target":[{"code":"XM5JC5","equivalence":"wider"}]}]}]}