{"resourceType":"OperationDefinition","id":"DDCCQuestionnaireResponserevokeHealthCertificate","text":{"status":"generated","div":"<div xmlns=\"http://www.w3.org/1999/xhtml\"><p class=\"res-header-id\"><b>Generated Narrative: OperationDefinition DDCCQuestionnaireResponserevokeHealthCertificate</b></p><a name=\"DDCCQuestionnaireResponserevokeHealthCertificate\"> </a><a name=\"hcDDCCQuestionnaireResponserevokeHealthCertificate\"> </a><a name=\"DDCCQuestionnaireResponserevokeHealthCertificate-en-US\"> </a><h3>Parameters</h3><table class=\"grid\"><tr><td><b>Use</b></td><td><b>Name</b></td><td><b>Scope</b></td><td><b>Cardinality</b></td><td><b>Type</b></td><td><b>Binding</b></td><td><b>Documentation</b></td></tr><tr><td>IN</td><td>id</td><td/><td>1..1</td><td><a href=\"http://hl7.org/fhir/R4/datatypes.html#id\">id</a></td><td/><td><div><p>The DDCC id of the DDCC Document.</p>\n</div></td></tr><tr><td>OUT</td><td>return</td><td/><td>1..1</td><td><a href=\"http://hl7.org/fhir/R4/datatypes.html#boolean\">boolean</a></td><td/><td><div><p>A boolean to determine if the revocation was successful or not.</p>\n</div></td></tr></table></div>"},"url":"http://smart.who.int/ddcc/OperationDefinition/DDCCQuestionnaireResponserevokeHealthCertificate","version":"1.0.1","name":"QuestionnaireResponse_Revoke_Health_Certificate","title":"OperationDefinition for revoking a health certificate (DDCC).","status":"draft","kind":"operation","experimental":true,"date":"2021-12-21","publisher":"WHO","contact":[{"name":"WHO","telecom":[{"system":"url","value":"http://who.int"}]}],"description":"Revoke a DDCC Document.","jurisdiction":[{"coding":[{"system":"http://unstats.un.org/unsd/methods/m49/m49.htm","code":"001"}]}],"code":"revokeHealthCertificate","system":false,"type":true,"instance":true,"parameter":[{"name":"id","use":"in","min":1,"max":"1","documentation":"The DDCC id of the DDCC Document.","type":"id"},{"name":"return","use":"out","min":1,"max":"1","documentation":"A boolean to determine if the revocation was successful or not.","type":"boolean"}]}