{"resourceType":"ConceptMap","id":"who-ddcc-map-icd11-eudcc-vaccines","text":{"status":"extensions","div":"<div xmlns=\"http://www.w3.org/1999/xhtml\"><h2>ICD11_EU_DCC_COVID19_vaccines (http://worldhealthorganization.github.io/ddcc/ConceptMap/WHO_DDCC_Map_ICD11_to_EUDCC_Vaccines)</h2><p>Mapping from <a href=\"CodeSystem-DDCC-ICD11-CodeSystem.html\">http://id.who.int/icd11/mms</a> to <a href=\"CodeSystem-vaccines-covid-19-names.html\">https://ec.europa.eu/health/documents/community-register/html/</a></p><p>DRAFT (not intended for production usage). Published on 2022-11-22 by WHO (WHO: <a href=\"http://who.int\">http://who.int</a>). </p><div><p>Rule-based mappings between ICD-11 and EU DCC for COVID-19 Vaccines</p>\n</div><br/><p><b>Group 1</b>Mapping from <a href=\"CodeSystem-DDCC-ICD11-CodeSystem.html\">DDCC Codes for ICD11</a> to <a href=\"CodeSystem-vaccines-covid-19-names.html\">Covid-19 Vaccine Codes for EU DCC</a></p><table class=\"grid\"><tr><td colspan=\"2\"><b>Source Concept Details</b></td><td><b>Relationship</b></td><td colspan=\"2\"><b>Target Concept Details</b></td></tr><tr><td colspan=\"2\"><b>Codes</b> from <a href=\"CodeSystem-DDCC-ICD11-CodeSystem.html\" title=\"http://id.who.int/icd11/mms\">DDCC Codes for ICD11</a></td><td/><td colspan=\"2\"><b>Codes</b> from <a href=\"CodeSystem-vaccines-covid-19-names.html\" title=\"https://ec.europa.eu/health/documents/community-register/html/\">Covid-19 Vaccine Codes for EU DCC</a></td></tr><tr><td style=\"border-right-width: 0px; border-bottom-style: none\">XM0GQ8</td><td style=\"border-left-width: 0px; border-bottom-style: none\">COVID-19 vaccine, RNA based</td><td><a href=\"http://hl7.org/fhir/R4/codesystem-concept-map-equivalence.html#narrower\" title=\"narrower\">narrower</a></td><td style=\"border-right-width: 0px\">EU/1/20/1528</td><td style=\"border-left-width: 0px\">Comirnaty</td></tr><tr><td style=\"border-right-width: 0px; border-top-style: none\"/><td style=\"border-top-style: none; border-left-width: 0px\"/><td><a href=\"http://hl7.org/fhir/R4/codesystem-concept-map-equivalence.html#narrower\" title=\"narrower\">narrower</a></td><td style=\"border-right-width: 0px\">EU/1/20/1507</td><td style=\"border-left-width: 0px\">Spikevax</td></tr><tr><td style=\"border-right-width: 0px; border-bottom-style: none\">XM9QW8</td><td style=\"border-left-width: 0px; border-bottom-style: none\">COVID-19 vaccine, non-replicating viral vector</td><td><a href=\"http://hl7.org/fhir/R4/codesystem-concept-map-equivalence.html#narrower\" title=\"narrower\">narrower</a></td><td style=\"border-right-width: 0px\">EU/1/21/1529</td><td style=\"border-left-width: 0px\">Vaxzevria</td></tr><tr><td style=\"border-right-width: 0px; border-top-style: none; border-bottom-style: none\"/><td style=\"border-left-width: 0px; border-top-style: none; border-bottom-style: none\"/><td><a href=\"http://hl7.org/fhir/R4/codesystem-concept-map-equivalence.html#narrower\" title=\"narrower\">narrower</a></td><td style=\"border-right-width: 0px\">Covishield</td><td style=\"border-left-width: 0px\">Covishield</td></tr><tr><td style=\"border-right-width: 0px; border-top-style: none; border-bottom-style: none\"/><td style=\"border-left-width: 0px; border-top-style: none; border-bottom-style: none\"/><td><a href=\"http://hl7.org/fhir/R4/codesystem-concept-map-equivalence.html#narrower\" title=\"narrower\">narrower</a></td><td style=\"border-right-width: 0px\">Sputnik-V</td><td style=\"border-left-width: 0px\">Sputnik-V</td></tr><tr><td style=\"border-right-width: 0px; border-top-style: none\"/><td style=\"border-top-style: none; border-left-width: 0px\"/><td><a href=\"http://hl7.org/fhir/R4/codesystem-concept-map-equivalence.html#narrower\" title=\"narrower\">narrower</a></td><td style=\"border-right-width: 0px\">Convidecia</td><td style=\"border-left-width: 0px\">Convidecia</td></tr><tr><td style=\"border-right-width: 0px\">XM0CX4</td><td style=\"border-left-width: 0px\">COVID-19 vaccine, replicating viral vector</td><td><a href=\"http://hl7.org/fhir/R4/codesystem-concept-map-equivalence.html#equivalent\" title=\"equivalent\">is equivalent to</a></td><td style=\"border-right-width: 0px\">EU/1/20/1525</td><td style=\"border-left-width: 0px\">Jcovden</td></tr><tr><td style=\"border-right-width: 0px; border-bottom-style: none\">XM1NL1</td><td style=\"border-left-width: 0px; border-bottom-style: none\">COVID-19 vaccine, inactivated virus</td><td><a href=\"http://hl7.org/fhir/R4/codesystem-concept-map-equivalence.html#narrower\" title=\"narrower\">narrower</a></td><td style=\"border-right-width: 0px\">Covaxin</td><td style=\"border-left-width: 0px\">Covaxin</td></tr><tr><td style=\"border-right-width: 0px; border-top-style: none; border-bottom-style: none\"/><td style=\"border-left-width: 0px; border-top-style: none; border-bottom-style: none\"/><td><a href=\"http://hl7.org/fhir/R4/codesystem-concept-map-equivalence.html#narrower\" title=\"narrower\">narrower</a></td><td style=\"border-right-width: 0px\">CoronaVac</td><td style=\"border-left-width: 0px\">CoronaVac</td></tr><tr><td style=\"border-right-width: 0px; border-top-style: none\"/><td style=\"border-top-style: none; border-left-width: 0px\"/><td><a href=\"http://hl7.org/fhir/R4/codesystem-concept-map-equivalence.html#narrower\" title=\"narrower\">narrower</a></td><td style=\"border-right-width: 0px\">BBIBP-CorV</td><td style=\"border-left-width: 0px\">BBIBP-CorV</td></tr><tr><td style=\"border-right-width: 0px\">XM5JC5</td><td style=\"border-left-width: 0px\">COVID-19 vaccine, virus protein subunit</td><td><a href=\"http://hl7.org/fhir/R4/codesystem-concept-map-equivalence.html#equivalent\" title=\"equivalent\">is equivalent to</a></td><td style=\"border-right-width: 0px\">NVX-CoV2373</td><td style=\"border-left-width: 0px\">NVX-CoV2373 (deprecated)</td></tr></table></div>"},"url":"http://worldhealthorganization.github.io/ddcc/ConceptMap/WHO_DDCC_Map_ICD11_to_EUDCC_Vaccines","version":"1.0.0","name":"ICD11_EU_DCC_COVID19_vaccines","title":"ConceptMap from ICD-11 to EU DCC for Vaccines","status":"draft","experimental":true,"date":"2022-11-22","publisher":"WHO","contact":[{"name":"WHO","telecom":[{"system":"url","value":"http://who.int"}]}],"description":"Rule-based mappings between ICD-11 and EU DCC for COVID-19 Vaccines","jurisdiction":[{"coding":[{"system":"http://unstats.un.org/unsd/methods/m49/m49.htm","code":"001"}]}],"sourceCanonical":"http://id.who.int/icd11/mms","targetCanonical":"https://ec.europa.eu/health/documents/community-register/html/","group":[{"source":"http://id.who.int/icd11/mms","target":"https://ec.europa.eu/health/documents/community-register/html/","element":[{"code":"XM0GQ8","target":[{"code":"EU/1/20/1528","equivalence":"narrower"},{"code":"EU/1/20/1507","equivalence":"narrower"}]},{"code":"XM9QW8","target":[{"code":"EU/1/21/1529","equivalence":"narrower"},{"code":"Covishield","equivalence":"narrower"},{"code":"Sputnik-V","equivalence":"narrower"},{"code":"Convidecia","equivalence":"narrower"}]},{"code":"XM0CX4","target":[{"code":"EU/1/20/1525","equivalence":"equivalent"}]},{"code":"XM1NL1","target":[{"code":"Covaxin","equivalence":"narrower"},{"code":"CoronaVac","equivalence":"narrower"},{"code":"BBIBP-CorV","equivalence":"narrower"}]},{"code":"XM5JC5","target":[{"code":"NVX-CoV2373","equivalence":"equivalent"}]}]}]}