{"resourceType":"StructureDefinition","id":"CertSHC","text":{"status":"extensions","div":"<div xmlns=\"http://www.w3.org/1999/xhtml\"><table border=\"0\" cellpadding=\"0\" cellspacing=\"0\" style=\"border: 0px #F0F0F0 solid; font-size: 11px; font-family: verdana; vertical-align: top;\"><tr style=\"border: 1px #F0F0F0 solid; font-size: 11px; font-family: verdana; vertical-align: top\"><th style=\"vertical-align: top; text-align : left; background-color: white; border: 0px #F0F0F0 solid; padding:0px 4px 0px 4px\" class=\"hierarchy\"><a href=\"http://build.fhir.org/ig/FHIR/ig-guidance/readingIgs.html#table-views\" title=\"The logical name of the element\">Name</a></th><th style=\"vertical-align: top; text-align : left; background-color: white; border: 0px #F0F0F0 solid; padding:0px 4px 0px 4px\" class=\"hierarchy\"><a href=\"http://build.fhir.org/ig/FHIR/ig-guidance/readingIgs.html#table-views\" title=\"Information about the use of the element\">Flags</a></th><th style=\"vertical-align: top; text-align : left; background-color: white; border: 0px #F0F0F0 solid; padding:0px 4px 0px 4px\" class=\"hierarchy\"><a href=\"http://build.fhir.org/ig/FHIR/ig-guidance/readingIgs.html#table-views\" title=\"Minimum and Maximum # of times the the element can appear in the instance\">Card.</a></th><th style=\"width: 100px\" class=\"hierarchy\"><a href=\"http://build.fhir.org/ig/FHIR/ig-guidance/readingIgs.html#table-views\" title=\"Reference to the type of the element\">Type</a></th><th style=\"vertical-align: top; text-align : left; background-color: white; border: 0px #F0F0F0 solid; padding:0px 4px 0px 4px\" class=\"hierarchy\"><a href=\"http://build.fhir.org/ig/FHIR/ig-guidance/readingIgs.html#table-views\" title=\"Additional information about the element\">Description &amp; Constraints</a><span style=\"float: right\"><a href=\"http://build.fhir.org/ig/FHIR/ig-guidance/readingIgs.html#table-views\" title=\"Legend for this format\"><img src=\"http://hl7.org/fhir/R4/help16.png\" alt=\"doco\" style=\"background-color: inherit\"/></a></span></th></tr><tr style=\"border: 0px #F0F0F0 solid; padding:0px; vertical-align: top; background-color: white\"><td style=\"vertical-align: top; text-align : left; background-color: white; border: 0px #F0F0F0 solid; padding:0px 4px 0px 4px; white-space: nowrap; background-image: url(tbl_bck1.png)\" class=\"hierarchy\"><img src=\"tbl_spacer.png\" alt=\".\" style=\"background-color: inherit\" class=\"hierarchy\"/><img src=\"icon_element.gif\" alt=\".\" style=\"background-color: white; background-color: inherit\" title=\"Element\" class=\"hierarchy\"/> <a href=\"StructureDefinition-CertSHC-definitions.html#CertSHC\" title=\"Data elements for the Smart Health Cards Core Data Set.\">CertSHC</a><a name=\"CertSHC\"> </a></td><td style=\"vertical-align: top; text-align : left; background-color: white; border: 0px #F0F0F0 solid; padding:0px 4px 0px 4px\" class=\"hierarchy\"/><td style=\"vertical-align: top; text-align : left; background-color: white; border: 0px #F0F0F0 solid; padding:0px 4px 0px 4px\" class=\"hierarchy\"><span style=\"opacity: 0.5\">0</span><span style=\"opacity: 0.5\">..</span><span style=\"opacity: 0.5\">*</span></td><td style=\"vertical-align: top; text-align : left; background-color: white; border: 0px #F0F0F0 solid; padding:0px 4px 0px 4px\" class=\"hierarchy\"><a href=\"http://build.fhir.org/types.html#Base\">Base</a></td><td style=\"vertical-align: top; text-align : left; background-color: white; border: 0px #F0F0F0 solid; padding:0px 4px 0px 4px\" class=\"hierarchy\">This is an abstract type. <br/>Certificate - Smart Health Card's JSon Web Token Logical Model</td></tr>\r\n<tr style=\"border: 0px #F0F0F0 solid; padding:0px; vertical-align: top; background-color: #F7F7F7\"><td style=\"vertical-align: top; text-align : left; background-color: #F7F7F7; border: 0px #F0F0F0 solid; padding:0px 4px 0px 4px; white-space: nowrap; background-image: url(tbl_bck10.png)\" class=\"hierarchy\"><img src=\"tbl_spacer.png\" alt=\".\" style=\"background-color: inherit\" class=\"hierarchy\"/><img src=\"tbl_vjoin.png\" alt=\".\" style=\"background-color: inherit\" class=\"hierarchy\"/><img src=\"icon_primitive.png\" alt=\".\" style=\"background-color: #F7F7F7; background-color: inherit\" title=\"Primitive Data Type\" class=\"hierarchy\"/> <a href=\"StructureDefinition-CertSHC-definitions.html#CertSHC.iss\" title=\"Issuer\">iss</a><a name=\"CertSHC.iss\"> </a></td><td style=\"vertical-align: top; text-align : left; background-color: #F7F7F7; border: 0px #F0F0F0 solid; padding:0px 4px 0px 4px\" class=\"hierarchy\"/><td style=\"vertical-align: top; text-align : left; background-color: #F7F7F7; border: 0px #F0F0F0 solid; padding:0px 4px 0px 4px\" class=\"hierarchy\">0..1</td><td style=\"vertical-align: top; text-align : left; background-color: #F7F7F7; border: 0px #F0F0F0 solid; padding:0px 4px 0px 4px\" class=\"hierarchy\"><a href=\"http://hl7.org/fhir/R4/datatypes.html#string\">string</a></td><td style=\"vertical-align: top; text-align : left; background-color: #F7F7F7; border: 0px #F0F0F0 solid; padding:0px 4px 0px 4px\" class=\"hierarchy\">Issuer</td></tr>\r\n<tr style=\"border: 0px #F0F0F0 solid; padding:0px; vertical-align: top; background-color: white\"><td style=\"vertical-align: top; text-align : left; background-color: white; border: 0px #F0F0F0 solid; padding:0px 4px 0px 4px; white-space: nowrap; background-image: url(tbl_bck10.png)\" class=\"hierarchy\"><img src=\"tbl_spacer.png\" alt=\".\" style=\"background-color: inherit\" class=\"hierarchy\"/><img src=\"tbl_vjoin.png\" alt=\".\" style=\"background-color: inherit\" class=\"hierarchy\"/><img src=\"icon_primitive.png\" alt=\".\" style=\"background-color: white; background-color: inherit\" title=\"Primitive Data Type\" class=\"hierarchy\"/> <a href=\"StructureDefinition-CertSHC-definitions.html#CertSHC.sub\" title=\"Subject\">sub</a><a name=\"CertSHC.sub\"> </a></td><td style=\"vertical-align: top; text-align : left; background-color: white; border: 0px #F0F0F0 solid; padding:0px 4px 0px 4px\" class=\"hierarchy\"/><td style=\"vertical-align: top; text-align : left; background-color: white; border: 0px #F0F0F0 solid; padding:0px 4px 0px 4px\" class=\"hierarchy\">0..1</td><td style=\"vertical-align: top; text-align : left; background-color: white; border: 0px #F0F0F0 solid; padding:0px 4px 0px 4px\" class=\"hierarchy\"><a href=\"http://hl7.org/fhir/R4/datatypes.html#string\">string</a></td><td style=\"vertical-align: top; text-align : left; background-color: white; border: 0px #F0F0F0 solid; padding:0px 4px 0px 4px\" class=\"hierarchy\">Subject</td></tr>\r\n<tr style=\"border: 0px #F0F0F0 solid; padding:0px; vertical-align: top; background-color: #F7F7F7\"><td style=\"vertical-align: top; text-align : left; background-color: #F7F7F7; border: 0px #F0F0F0 solid; padding:0px 4px 0px 4px; white-space: nowrap; background-image: url(tbl_bck10.png)\" class=\"hierarchy\"><img src=\"tbl_spacer.png\" alt=\".\" style=\"background-color: inherit\" class=\"hierarchy\"/><img src=\"tbl_vjoin.png\" alt=\".\" style=\"background-color: inherit\" class=\"hierarchy\"/><img src=\"icon_primitive.png\" alt=\".\" style=\"background-color: #F7F7F7; background-color: inherit\" title=\"Primitive Data Type\" class=\"hierarchy\"/> <a href=\"StructureDefinition-CertSHC-definitions.html#CertSHC.aud\" title=\"Audience\">aud</a><a name=\"CertSHC.aud\"> </a></td><td style=\"vertical-align: top; text-align : left; background-color: #F7F7F7; border: 0px #F0F0F0 solid; padding:0px 4px 0px 4px\" class=\"hierarchy\"/><td style=\"vertical-align: top; text-align : left; background-color: #F7F7F7; border: 0px #F0F0F0 solid; padding:0px 4px 0px 4px\" class=\"hierarchy\">0..1</td><td style=\"vertical-align: top; text-align : left; background-color: #F7F7F7; border: 0px #F0F0F0 solid; padding:0px 4px 0px 4px\" class=\"hierarchy\"><a href=\"http://hl7.org/fhir/R4/datatypes.html#string\">string</a></td><td style=\"vertical-align: top; text-align : left; background-color: #F7F7F7; border: 0px #F0F0F0 solid; padding:0px 4px 0px 4px\" class=\"hierarchy\">Audience</td></tr>\r\n<tr style=\"border: 0px #F0F0F0 solid; padding:0px; vertical-align: top; background-color: white\"><td style=\"vertical-align: top; text-align : left; background-color: white; border: 0px #F0F0F0 solid; padding:0px 4px 0px 4px; white-space: nowrap; background-image: url(tbl_bck10.png)\" class=\"hierarchy\"><img src=\"tbl_spacer.png\" alt=\".\" style=\"background-color: inherit\" class=\"hierarchy\"/><img src=\"tbl_vjoin.png\" alt=\".\" style=\"background-color: inherit\" class=\"hierarchy\"/><img src=\"icon_primitive.png\" alt=\".\" style=\"background-color: white; background-color: inherit\" title=\"Primitive Data Type\" class=\"hierarchy\"/> <a href=\"StructureDefinition-CertSHC-definitions.html#CertSHC.exp\" title=\"Expiration Date\">exp</a><a name=\"CertSHC.exp\"> </a></td><td style=\"vertical-align: top; text-align : left; background-color: white; border: 0px #F0F0F0 solid; padding:0px 4px 0px 4px\" class=\"hierarchy\"/><td style=\"vertical-align: top; text-align : left; background-color: white; border: 0px #F0F0F0 solid; padding:0px 4px 0px 4px\" class=\"hierarchy\">0..1</td><td style=\"vertical-align: top; text-align : left; background-color: white; border: 0px #F0F0F0 solid; padding:0px 4px 0px 4px\" class=\"hierarchy\"><a href=\"http://hl7.org/fhir/R4/datatypes.html#dateTime\">dateTime</a></td><td style=\"vertical-align: top; text-align : left; background-color: white; border: 0px #F0F0F0 solid; padding:0px 4px 0px 4px\" class=\"hierarchy\">Expiration Date</td></tr>\r\n<tr style=\"border: 0px #F0F0F0 solid; padding:0px; vertical-align: top; background-color: #F7F7F7\"><td style=\"vertical-align: top; text-align : left; background-color: #F7F7F7; border: 0px #F0F0F0 solid; padding:0px 4px 0px 4px; white-space: nowrap; background-image: url(tbl_bck10.png)\" class=\"hierarchy\"><img src=\"tbl_spacer.png\" alt=\".\" style=\"background-color: inherit\" class=\"hierarchy\"/><img src=\"tbl_vjoin.png\" alt=\".\" style=\"background-color: inherit\" class=\"hierarchy\"/><img src=\"icon_primitive.png\" alt=\".\" style=\"background-color: #F7F7F7; background-color: inherit\" title=\"Primitive Data Type\" class=\"hierarchy\"/> <a href=\"StructureDefinition-CertSHC-definitions.html#CertSHC.nbf\" title=\"Not before Date\">nbf</a><a name=\"CertSHC.nbf\"> </a></td><td style=\"vertical-align: top; text-align : left; background-color: #F7F7F7; border: 0px #F0F0F0 solid; padding:0px 4px 0px 4px\" class=\"hierarchy\"/><td style=\"vertical-align: top; text-align : left; background-color: #F7F7F7; border: 0px #F0F0F0 solid; padding:0px 4px 0px 4px\" class=\"hierarchy\">0..1</td><td style=\"vertical-align: top; text-align : left; background-color: #F7F7F7; border: 0px #F0F0F0 solid; padding:0px 4px 0px 4px\" class=\"hierarchy\"><a href=\"http://hl7.org/fhir/R4/datatypes.html#dateTime\">dateTime</a></td><td style=\"vertical-align: top; text-align : left; background-color: #F7F7F7; border: 0px #F0F0F0 solid; padding:0px 4px 0px 4px\" class=\"hierarchy\">Not before Date</td></tr>\r\n<tr style=\"border: 0px #F0F0F0 solid; padding:0px; vertical-align: top; background-color: white\"><td style=\"vertical-align: top; text-align : left; background-color: white; border: 0px #F0F0F0 solid; padding:0px 4px 0px 4px; white-space: nowrap; background-image: url(tbl_bck10.png)\" class=\"hierarchy\"><img src=\"tbl_spacer.png\" alt=\".\" style=\"background-color: inherit\" class=\"hierarchy\"/><img src=\"tbl_vjoin.png\" alt=\".\" style=\"background-color: inherit\" class=\"hierarchy\"/><img src=\"icon_primitive.png\" alt=\".\" style=\"background-color: white; background-color: inherit\" title=\"Primitive Data Type\" class=\"hierarchy\"/> <a href=\"StructureDefinition-CertSHC-definitions.html#CertSHC.iat\" title=\"Issued at Date\">iat</a><a name=\"CertSHC.iat\"> </a></td><td style=\"vertical-align: top; text-align : left; background-color: white; border: 0px #F0F0F0 solid; padding:0px 4px 0px 4px\" class=\"hierarchy\"/><td style=\"vertical-align: top; text-align : left; background-color: white; border: 0px #F0F0F0 solid; padding:0px 4px 0px 4px\" class=\"hierarchy\">0..1</td><td style=\"vertical-align: top; text-align : left; background-color: white; border: 0px #F0F0F0 solid; padding:0px 4px 0px 4px\" class=\"hierarchy\"><a href=\"http://hl7.org/fhir/R4/datatypes.html#dateTime\">dateTime</a></td><td style=\"vertical-align: top; text-align : left; background-color: white; border: 0px #F0F0F0 solid; padding:0px 4px 0px 4px\" class=\"hierarchy\">Issued at Date</td></tr>\r\n<tr style=\"border: 0px #F0F0F0 solid; padding:0px; vertical-align: top; background-color: #F7F7F7\"><td style=\"vertical-align: top; text-align : left; background-color: #F7F7F7; border: 0px #F0F0F0 solid; padding:0px 4px 0px 4px; white-space: nowrap; background-image: url(tbl_bck10.png)\" class=\"hierarchy\"><img src=\"tbl_spacer.png\" alt=\".\" style=\"background-color: inherit\" class=\"hierarchy\"/><img src=\"tbl_vjoin.png\" alt=\".\" style=\"background-color: inherit\" class=\"hierarchy\"/><img src=\"icon_primitive.png\" alt=\".\" style=\"background-color: #F7F7F7; background-color: inherit\" title=\"Primitive Data Type\" class=\"hierarchy\"/> <a href=\"StructureDefinition-CertSHC-definitions.html#CertSHC.jti\" title=\"Credential's Unique Identifier\">jti</a><a name=\"CertSHC.jti\"> </a></td><td style=\"vertical-align: top; text-align : left; background-color: #F7F7F7; border: 0px #F0F0F0 solid; padding:0px 4px 0px 4px\" class=\"hierarchy\"/><td style=\"vertical-align: top; text-align : left; background-color: #F7F7F7; border: 0px #F0F0F0 solid; padding:0px 4px 0px 4px\" class=\"hierarchy\">0..1</td><td style=\"vertical-align: top; text-align : left; background-color: #F7F7F7; border: 0px #F0F0F0 solid; padding:0px 4px 0px 4px\" class=\"hierarchy\"><a href=\"http://hl7.org/fhir/R4/datatypes.html#string\">string</a></td><td style=\"vertical-align: top; text-align : left; background-color: #F7F7F7; border: 0px #F0F0F0 solid; padding:0px 4px 0px 4px\" class=\"hierarchy\">Credential's Unique Identifier</td></tr>\r\n<tr style=\"border: 0px #F0F0F0 solid; padding:0px; vertical-align: top; background-color: white\"><td style=\"vertical-align: top; text-align : left; background-color: white; border: 0px #F0F0F0 solid; padding:0px 4px 0px 4px; white-space: nowrap; background-image: url(tbl_bck01.png)\" class=\"hierarchy\"><img src=\"tbl_spacer.png\" alt=\".\" style=\"background-color: inherit\" class=\"hierarchy\"/><img src=\"tbl_vjoin_end.png\" alt=\".\" style=\"background-color: inherit\" class=\"hierarchy\"/><img src=\"icon_datatype.gif\" alt=\".\" style=\"background-color: white; background-color: inherit\" title=\"Data Type\" class=\"hierarchy\"/> <a href=\"StructureDefinition-CertSHC-definitions.html#CertSHC.vc\" title=\"VC - verifiable credential\">vc</a><a name=\"CertSHC.vc\"> </a></td><td style=\"vertical-align: top; text-align : left; background-color: white; border: 0px #F0F0F0 solid; padding:0px 4px 0px 4px\" class=\"hierarchy\"/><td style=\"vertical-align: top; text-align : left; background-color: white; border: 0px #F0F0F0 solid; padding:0px 4px 0px 4px\" class=\"hierarchy\">0..1</td><td style=\"vertical-align: top; text-align : left; background-color: white; border: 0px #F0F0F0 solid; padding:0px 4px 0px 4px\" class=\"hierarchy\"><a href=\"http://hl7.org/fhir/R4/datatypes.html#BackboneElement\">BackboneElement</a></td><td style=\"vertical-align: top; text-align : left; background-color: white; border: 0px #F0F0F0 solid; padding:0px 4px 0px 4px\" class=\"hierarchy\">VC - verifiable credential</td></tr>\r\n<tr style=\"border: 0px #F0F0F0 solid; padding:0px; vertical-align: top; background-color: #F7F7F7\"><td style=\"vertical-align: top; text-align : left; background-color: #F7F7F7; border: 0px #F0F0F0 solid; padding:0px 4px 0px 4px; white-space: nowrap; background-image: url(tbl_bck010.png)\" class=\"hierarchy\"><img src=\"tbl_spacer.png\" alt=\".\" style=\"background-color: inherit\" class=\"hierarchy\"/><img src=\"tbl_blank.png\" alt=\".\" style=\"background-color: inherit\" class=\"hierarchy\"/><img src=\"tbl_vjoin.png\" alt=\".\" style=\"background-color: inherit\" class=\"hierarchy\"/><img src=\"icon_primitive.png\" alt=\".\" style=\"background-color: #F7F7F7; background-color: inherit\" title=\"Primitive Data Type\" class=\"hierarchy\"/> <a href=\"StructureDefinition-CertSHC-definitions.html#CertSHC.vc.type\" title=\"Credential Type\">type</a><a name=\"CertSHC.vc.type\"> </a></td><td style=\"vertical-align: top; text-align : left; background-color: #F7F7F7; border: 0px #F0F0F0 solid; padding:0px 4px 0px 4px\" class=\"hierarchy\"/><td style=\"vertical-align: top; text-align : left; background-color: #F7F7F7; border: 0px #F0F0F0 solid; padding:0px 4px 0px 4px\" class=\"hierarchy\">0..*</td><td style=\"vertical-align: top; text-align : left; background-color: #F7F7F7; border: 0px #F0F0F0 solid; padding:0px 4px 0px 4px\" class=\"hierarchy\"><a href=\"http://hl7.org/fhir/R4/datatypes.html#string\">string</a></td><td style=\"vertical-align: top; text-align : left; background-color: #F7F7F7; border: 0px #F0F0F0 solid; padding:0px 4px 0px 4px\" class=\"hierarchy\">Credential Type<br/></td></tr>\r\n<tr style=\"border: 0px #F0F0F0 solid; padding:0px; vertical-align: top; background-color: white\"><td style=\"vertical-align: top; text-align : left; background-color: white; border: 0px #F0F0F0 solid; padding:0px 4px 0px 4px; white-space: nowrap; background-image: url(tbl_bck001.png)\" class=\"hierarchy\"><img src=\"tbl_spacer.png\" alt=\".\" style=\"background-color: inherit\" class=\"hierarchy\"/><img src=\"tbl_blank.png\" alt=\".\" style=\"background-color: inherit\" class=\"hierarchy\"/><img src=\"tbl_vjoin_end.png\" alt=\".\" style=\"background-color: inherit\" class=\"hierarchy\"/><img src=\"icon_datatype.gif\" alt=\".\" style=\"background-color: white; background-color: inherit\" title=\"Data Type\" class=\"hierarchy\"/> <a href=\"StructureDefinition-CertSHC-definitions.html#CertSHC.vc.credentialSubject\" title=\"Credential Subject\">credentialSubject</a><a name=\"CertSHC.vc.credentialSubject\"> </a></td><td style=\"vertical-align: top; text-align : left; background-color: white; border: 0px #F0F0F0 solid; padding:0px 4px 0px 4px\" class=\"hierarchy\"/><td style=\"vertical-align: top; text-align : left; background-color: white; border: 0px #F0F0F0 solid; padding:0px 4px 0px 4px\" class=\"hierarchy\">0..1</td><td style=\"vertical-align: top; text-align : left; background-color: white; border: 0px #F0F0F0 solid; padding:0px 4px 0px 4px\" class=\"hierarchy\"><a href=\"http://hl7.org/fhir/R4/datatypes.html#BackboneElement\">BackboneElement</a></td><td style=\"vertical-align: top; text-align : left; background-color: white; border: 0px #F0F0F0 solid; padding:0px 4px 0px 4px\" class=\"hierarchy\">Credential Subject</td></tr>\r\n<tr style=\"border: 0px #F0F0F0 solid; padding:0px; vertical-align: top; background-color: #F7F7F7\"><td style=\"vertical-align: top; text-align : left; background-color: #F7F7F7; border: 0px #F0F0F0 solid; padding:0px 4px 0px 4px; white-space: nowrap; background-image: url(tbl_bck0010.png)\" class=\"hierarchy\"><img src=\"tbl_spacer.png\" alt=\".\" style=\"background-color: inherit\" class=\"hierarchy\"/><img src=\"tbl_blank.png\" alt=\".\" style=\"background-color: inherit\" class=\"hierarchy\"/><img src=\"tbl_blank.png\" alt=\".\" style=\"background-color: inherit\" class=\"hierarchy\"/><img src=\"tbl_vjoin.png\" alt=\".\" style=\"background-color: inherit\" class=\"hierarchy\"/><img src=\"icon_primitive.png\" alt=\".\" style=\"background-color: #F7F7F7; background-color: inherit\" title=\"Primitive Data Type\" class=\"hierarchy\"/> <a href=\"StructureDefinition-CertSHC-definitions.html#CertSHC.vc.credentialSubject.fhirVersion\" title=\"Fhir Version\">fhirVersion</a><a name=\"CertSHC.vc.credentialSubject.fhirVersion\"> </a></td><td style=\"vertical-align: top; text-align : left; background-color: #F7F7F7; border: 0px #F0F0F0 solid; padding:0px 4px 0px 4px\" class=\"hierarchy\"/><td style=\"vertical-align: top; text-align : left; background-color: #F7F7F7; border: 0px #F0F0F0 solid; padding:0px 4px 0px 4px\" class=\"hierarchy\">0..1</td><td style=\"vertical-align: top; text-align : left; background-color: #F7F7F7; border: 0px #F0F0F0 solid; padding:0px 4px 0px 4px\" class=\"hierarchy\"><a href=\"http://hl7.org/fhir/R4/datatypes.html#string\">string</a></td><td style=\"vertical-align: top; text-align : left; background-color: #F7F7F7; border: 0px #F0F0F0 solid; padding:0px 4px 0px 4px\" class=\"hierarchy\">Fhir Version</td></tr>\r\n<tr style=\"border: 0px #F0F0F0 solid; padding:0px; vertical-align: top; background-color: white\"><td style=\"vertical-align: top; text-align : left; background-color: white; border: 0px #F0F0F0 solid; padding:0px 4px 0px 4px; white-space: nowrap; background-image: url(tbl_bck0000.png)\" class=\"hierarchy\"><img src=\"tbl_spacer.png\" alt=\".\" style=\"background-color: inherit\" class=\"hierarchy\"/><img src=\"tbl_blank.png\" alt=\".\" style=\"background-color: inherit\" class=\"hierarchy\"/><img src=\"tbl_blank.png\" alt=\".\" style=\"background-color: inherit\" class=\"hierarchy\"/><img src=\"tbl_vjoin_end.png\" alt=\".\" style=\"background-color: inherit\" class=\"hierarchy\"/><img src=\"icon_resource.png\" alt=\".\" style=\"background-color: white; background-color: inherit\" title=\"Resource\" class=\"hierarchy\"/> <a href=\"StructureDefinition-CertSHC-definitions.html#CertSHC.vc.credentialSubject.fhirBundle\" title=\"Fhir Bundle with the signed objects\">fhirBundle</a><a name=\"CertSHC.vc.credentialSubject.fhirBundle\"> </a></td><td style=\"vertical-align: top; text-align : left; background-color: white; border: 0px #F0F0F0 solid; padding:0px 4px 0px 4px\" class=\"hierarchy\"/><td style=\"vertical-align: top; text-align : left; background-color: white; border: 0px #F0F0F0 solid; padding:0px 4px 0px 4px\" class=\"hierarchy\">0..1</td><td style=\"vertical-align: top; text-align : left; background-color: white; border: 0px #F0F0F0 solid; padding:0px 4px 0px 4px\" class=\"hierarchy\"><a href=\"http://hl7.org/fhir/R4/bundle.html\">Bundle</a></td><td style=\"vertical-align: top; text-align : left; background-color: white; border: 0px #F0F0F0 solid; padding:0px 4px 0px 4px\" class=\"hierarchy\">Fhir Bundle with the signed objects</td></tr>\r\n<tr><td colspan=\"5\" class=\"hierarchy\"><br/><a href=\"http://build.fhir.org/ig/FHIR/ig-guidance/readingIgs.html#table-views\" title=\"Legend for this format\"><img src=\"http://hl7.org/fhir/R4/help16.png\" alt=\"doco\" style=\"background-color: inherit\"/> Documentation for this format</a></td></tr></table></div>"},"url":"http://worldhealthorganization.github.io/ddcc/StructureDefinition/CertSHC","version":"1.0.0","name":"CertSHC","title":"Certificate - Smart Health Card's JSon Web Token Logical Model","status":"draft","date":"2022-11-23T04:25:10+00:00","publisher":"WHO","contact":[{"name":"WHO","telecom":[{"system":"url","value":"http://who.int"}]}],"description":"Data elements for the Smart Health Cards Core Data Set.","jurisdiction":[{"coding":[{"system":"http://unstats.un.org/unsd/methods/m49/m49.htm","code":"001"}]}],"fhirVersion":"4.0.1","mapping":[{"identity":"rim","uri":"http://hl7.org/v3","name":"RIM Mapping"}],"kind":"logical","abstract":true,"type":"http://worldhealthorganization.github.io/ddcc/StructureDefinition/CertSHC","baseDefinition":"http://hl7.org/fhir/StructureDefinition/Base","derivation":"specialization","snapshot":{"element":[{"id":"CertSHC","path":"CertSHC","short":"Certificate - Smart Health Card's JSon Web Token Logical Model","definition":"Data elements for the Smart Health Cards Core Data Set.","min":0,"max":"*","base":{"path":"Base","min":0,"max":"*"},"isModifier":false},{"id":"CertSHC.iss","path":"CertSHC.iss","short":"Issuer","definition":"Issuer","min":0,"max":"1","base":{"path":"CertSHC.iss","min":0,"max":"1"},"type":[{"code":"string"}]},{"id":"CertSHC.sub","path":"CertSHC.sub","short":"Subject","definition":"Subject","min":0,"max":"1","base":{"path":"CertSHC.sub","min":0,"max":"1"},"type":[{"code":"string"}]},{"id":"CertSHC.aud","path":"CertSHC.aud","short":"Audience","definition":"Audience","min":0,"max":"1","base":{"path":"CertSHC.aud","min":0,"max":"1"},"type":[{"code":"string"}]},{"id":"CertSHC.exp","path":"CertSHC.exp","short":"Expiration Date","definition":"Expiration Date","min":0,"max":"1","base":{"path":"CertSHC.exp","min":0,"max":"1"},"type":[{"code":"dateTime"}]},{"id":"CertSHC.nbf","path":"CertSHC.nbf","short":"Not before Date","definition":"Not before Date","min":0,"max":"1","base":{"path":"CertSHC.nbf","min":0,"max":"1"},"type":[{"code":"dateTime"}]},{"id":"CertSHC.iat","path":"CertSHC.iat","short":"Issued at Date","definition":"Issued at Date","min":0,"max":"1","base":{"path":"CertSHC.iat","min":0,"max":"1"},"type":[{"code":"dateTime"}]},{"id":"CertSHC.jti","path":"CertSHC.jti","short":"Credential's Unique Identifier","definition":"Credential's Unique Identifier","min":0,"max":"1","base":{"path":"CertSHC.jti","min":0,"max":"1"},"type":[{"code":"string"}]},{"id":"CertSHC.vc","path":"CertSHC.vc","short":"VC - verifiable credential","definition":"VC - verifiable credential","min":0,"max":"1","base":{"path":"CertSHC.vc","min":0,"max":"1"},"type":[{"code":"BackboneElement"}],"constraint":[{"key":"ele-1","severity":"error","human":"All FHIR elements must have a @value or children","expression":"hasValue() or (children().count() > id.count())","xpath":"@value|f:*|h:div","source":"http://hl7.org/fhir/StructureDefinition/Element"}]},{"id":"CertSHC.vc.id","path":"CertSHC.vc.id","representation":["xmlAttr"],"short":"Unique id for inter-element referencing","definition":"Unique id for the element within a resource (for internal references). This may be any string value that does not contain spaces.","min":0,"max":"1","base":{"path":"Element.id","min":0,"max":"1"},"type":[{"extension":[{"url":"http://hl7.org/fhir/StructureDefinition/structuredefinition-fhir-type","valueUrl":"string"}],"code":"http://hl7.org/fhirpath/System.String"}],"isModifier":false,"isSummary":false,"mapping":[{"identity":"rim","map":"n/a"}]},{"id":"CertSHC.vc.extension","path":"CertSHC.vc.extension","slicing":{"discriminator":[{"type":"value","path":"url"}],"description":"Extensions are always sliced by (at least) url","rules":"open"},"short":"Additional content defined by implementations","definition":"May be used to represent additional information that is not part of the basic definition of the element. To make the use of extensions safe and manageable, there is a strict set of governance  applied to the definition and use of extensions. Though any implementer can define an extension, there is a set of requirements that SHALL be met as part of the definition of the extension.","comment":"There can be no stigma associated with the use of extensions by any application, project, or standard - regardless of the institution or jurisdiction that uses or defines the extensions.  The use of extensions is what allows the FHIR specification to retain a core level of simplicity for everyone.","alias":["extensions","user content"],"min":0,"max":"*","base":{"path":"Element.extension","min":0,"max":"*"},"type":[{"code":"Extension"}],"constraint":[{"key":"ele-1","severity":"error","human":"All FHIR elements must have a @value or children","expression":"hasValue() or (children().count() > id.count())","xpath":"@value|f:*|h:div","source":"http://hl7.org/fhir/StructureDefinition/Element"},{"key":"ext-1","severity":"error","human":"Must have either extensions or value[x], not both","expression":"extension.exists() != value.exists()","xpath":"exists(f:extension)!=exists(f:*[starts-with(local-name(.), \"value\")])","source":"http://hl7.org/fhir/StructureDefinition/Extension"}],"isModifier":false,"isSummary":false,"mapping":[{"identity":"rim","map":"n/a"}]},{"id":"CertSHC.vc.modifierExtension","path":"CertSHC.vc.modifierExtension","short":"Extensions that cannot be ignored even if unrecognized","definition":"May be used to represent additional information that is not part of the basic definition of the element and that modifies the understanding of the element in which it is contained and/or the understanding of the containing element's descendants. Usually modifier elements provide negation or qualification. To make the use of extensions safe and manageable, there is a strict set of governance applied to the definition and use of extensions. Though any implementer can define an extension, there is a set of requirements that SHALL be met as part of the definition of the extension. Applications processing a resource are required to check for modifier extensions.\n\nModifier extensions SHALL NOT change the meaning of any elements on Resource or DomainResource (including cannot change the meaning of modifierExtension itself).","comment":"There can be no stigma associated with the use of extensions by any application, project, or standard - regardless of the institution or jurisdiction that uses or defines the extensions.  The use of extensions is what allows the FHIR specification to retain a core level of simplicity for everyone.","requirements":"Modifier extensions allow for extensions that *cannot* be safely ignored to be clearly distinguished from the vast majority of extensions which can be safely ignored.  This promotes interoperability by eliminating the need for implementers to prohibit the presence of extensions. For further information, see the [definition of modifier extensions](http://hl7.org/fhir/R4/extensibility.html#modifierExtension).","alias":["extensions","user content","modifiers"],"min":0,"max":"*","base":{"path":"BackboneElement.modifierExtension","min":0,"max":"*"},"type":[{"code":"Extension"}],"constraint":[{"key":"ele-1","severity":"error","human":"All FHIR elements must have a @value or children","expression":"hasValue() or (children().count() > id.count())","xpath":"@value|f:*|h:div","source":"http://hl7.org/fhir/StructureDefinition/Element"},{"key":"ext-1","severity":"error","human":"Must have either extensions or value[x], not both","expression":"extension.exists() != value.exists()","xpath":"exists(f:extension)!=exists(f:*[starts-with(local-name(.), \"value\")])","source":"http://hl7.org/fhir/StructureDefinition/Extension"}],"isModifier":true,"isModifierReason":"Modifier extensions are expected to modify the meaning or interpretation of the element that contains them","isSummary":true,"mapping":[{"identity":"rim","map":"N/A"}]},{"id":"CertSHC.vc.type","path":"CertSHC.vc.type","short":"Credential Type","definition":"Credential Type","min":0,"max":"*","base":{"path":"CertSHC.vc.type","min":0,"max":"*"},"type":[{"code":"string"}]},{"id":"CertSHC.vc.credentialSubject","path":"CertSHC.vc.credentialSubject","short":"Credential Subject","definition":"Credential Subject","min":0,"max":"1","base":{"path":"CertSHC.vc.credentialSubject","min":0,"max":"1"},"type":[{"code":"BackboneElement"}],"constraint":[{"key":"ele-1","severity":"error","human":"All FHIR elements must have a @value or children","expression":"hasValue() or (children().count() > id.count())","xpath":"@value|f:*|h:div","source":"http://hl7.org/fhir/StructureDefinition/Element"}]},{"id":"CertSHC.vc.credentialSubject.id","path":"CertSHC.vc.credentialSubject.id","representation":["xmlAttr"],"short":"Unique id for inter-element referencing","definition":"Unique id for the element within a resource (for internal references). This may be any string value that does not contain spaces.","min":0,"max":"1","base":{"path":"Element.id","min":0,"max":"1"},"type":[{"extension":[{"url":"http://hl7.org/fhir/StructureDefinition/structuredefinition-fhir-type","valueUrl":"string"}],"code":"http://hl7.org/fhirpath/System.String"}],"isModifier":false,"isSummary":false,"mapping":[{"identity":"rim","map":"n/a"}]},{"id":"CertSHC.vc.credentialSubject.extension","path":"CertSHC.vc.credentialSubject.extension","slicing":{"discriminator":[{"type":"value","path":"url"}],"description":"Extensions are always sliced by (at least) url","rules":"open"},"short":"Additional content defined by implementations","definition":"May be used to represent additional information that is not part of the basic definition of the element. To make the use of extensions safe and manageable, there is a strict set of governance  applied to the definition and use of extensions. Though any implementer can define an extension, there is a set of requirements that SHALL be met as part of the definition of the extension.","comment":"There can be no stigma associated with the use of extensions by any application, project, or standard - regardless of the institution or jurisdiction that uses or defines the extensions.  The use of extensions is what allows the FHIR specification to retain a core level of simplicity for everyone.","alias":["extensions","user content"],"min":0,"max":"*","base":{"path":"Element.extension","min":0,"max":"*"},"type":[{"code":"Extension"}],"constraint":[{"key":"ele-1","severity":"error","human":"All FHIR elements must have a @value or children","expression":"hasValue() or (children().count() > id.count())","xpath":"@value|f:*|h:div","source":"http://hl7.org/fhir/StructureDefinition/Element"},{"key":"ext-1","severity":"error","human":"Must have either extensions or value[x], not both","expression":"extension.exists() != value.exists()","xpath":"exists(f:extension)!=exists(f:*[starts-with(local-name(.), \"value\")])","source":"http://hl7.org/fhir/StructureDefinition/Extension"}],"isModifier":false,"isSummary":false,"mapping":[{"identity":"rim","map":"n/a"}]},{"id":"CertSHC.vc.credentialSubject.modifierExtension","path":"CertSHC.vc.credentialSubject.modifierExtension","short":"Extensions that cannot be ignored even if unrecognized","definition":"May be used to represent additional information that is not part of the basic definition of the element and that modifies the understanding of the element in which it is contained and/or the understanding of the containing element's descendants. Usually modifier elements provide negation or qualification. To make the use of extensions safe and manageable, there is a strict set of governance applied to the definition and use of extensions. Though any implementer can define an extension, there is a set of requirements that SHALL be met as part of the definition of the extension. Applications processing a resource are required to check for modifier extensions.\n\nModifier extensions SHALL NOT change the meaning of any elements on Resource or DomainResource (including cannot change the meaning of modifierExtension itself).","comment":"There can be no stigma associated with the use of extensions by any application, project, or standard - regardless of the institution or jurisdiction that uses or defines the extensions.  The use of extensions is what allows the FHIR specification to retain a core level of simplicity for everyone.","requirements":"Modifier extensions allow for extensions that *cannot* be safely ignored to be clearly distinguished from the vast majority of extensions which can be safely ignored.  This promotes interoperability by eliminating the need for implementers to prohibit the presence of extensions. For further information, see the [definition of modifier extensions](http://hl7.org/fhir/R4/extensibility.html#modifierExtension).","alias":["extensions","user content","modifiers"],"min":0,"max":"*","base":{"path":"BackboneElement.modifierExtension","min":0,"max":"*"},"type":[{"code":"Extension"}],"constraint":[{"key":"ele-1","severity":"error","human":"All FHIR elements must have a @value or children","expression":"hasValue() or (children().count() > id.count())","xpath":"@value|f:*|h:div","source":"http://hl7.org/fhir/StructureDefinition/Element"},{"key":"ext-1","severity":"error","human":"Must have either extensions or value[x], not both","expression":"extension.exists() != value.exists()","xpath":"exists(f:extension)!=exists(f:*[starts-with(local-name(.), \"value\")])","source":"http://hl7.org/fhir/StructureDefinition/Extension"}],"isModifier":true,"isModifierReason":"Modifier extensions are expected to modify the meaning or interpretation of the element that contains them","isSummary":true,"mapping":[{"identity":"rim","map":"N/A"}]},{"id":"CertSHC.vc.credentialSubject.fhirVersion","path":"CertSHC.vc.credentialSubject.fhirVersion","short":"Fhir Version","definition":"Fhir Version","min":0,"max":"1","base":{"path":"CertSHC.vc.credentialSubject.fhirVersion","min":0,"max":"1"},"type":[{"code":"string"}]},{"id":"CertSHC.vc.credentialSubject.fhirBundle","path":"CertSHC.vc.credentialSubject.fhirBundle","short":"Fhir Bundle with the signed objects","definition":"Fhir Bundle with the signed objects","min":0,"max":"1","base":{"path":"CertSHC.vc.credentialSubject.fhirBundle","min":0,"max":"1"},"type":[{"code":"Bundle"}]}]},"differential":{"element":[{"id":"CertSHC","path":"CertSHC","short":"Certificate - Smart Health Card's JSon Web Token Logical Model","definition":"Data elements for the Smart Health Cards Core Data Set."},{"id":"CertSHC.iss","path":"CertSHC.iss","short":"Issuer","definition":"Issuer","min":0,"max":"1","type":[{"code":"string"}]},{"id":"CertSHC.sub","path":"CertSHC.sub","short":"Subject","definition":"Subject","min":0,"max":"1","type":[{"code":"string"}]},{"id":"CertSHC.aud","path":"CertSHC.aud","short":"Audience","definition":"Audience","min":0,"max":"1","type":[{"code":"string"}]},{"id":"CertSHC.exp","path":"CertSHC.exp","short":"Expiration Date","definition":"Expiration Date","min":0,"max":"1","type":[{"code":"dateTime"}]},{"id":"CertSHC.nbf","path":"CertSHC.nbf","short":"Not before Date","definition":"Not before Date","min":0,"max":"1","type":[{"code":"dateTime"}]},{"id":"CertSHC.iat","path":"CertSHC.iat","short":"Issued at Date","definition":"Issued at Date","min":0,"max":"1","type":[{"code":"dateTime"}]},{"id":"CertSHC.jti","path":"CertSHC.jti","short":"Credential's Unique Identifier","definition":"Credential's Unique Identifier","min":0,"max":"1","type":[{"code":"string"}]},{"id":"CertSHC.vc","path":"CertSHC.vc","short":"VC - verifiable credential","definition":"VC - verifiable credential","min":0,"max":"1","type":[{"code":"BackboneElement"}]},{"id":"CertSHC.vc.type","path":"CertSHC.vc.type","short":"Credential Type","definition":"Credential Type","min":0,"max":"*","type":[{"code":"string"}]},{"id":"CertSHC.vc.credentialSubject","path":"CertSHC.vc.credentialSubject","short":"Credential Subject","definition":"Credential Subject","min":0,"max":"1","type":[{"code":"BackboneElement"}]},{"id":"CertSHC.vc.credentialSubject.fhirVersion","path":"CertSHC.vc.credentialSubject.fhirVersion","short":"Fhir Version","definition":"Fhir Version","min":0,"max":"1","type":[{"code":"string"}]},{"id":"CertSHC.vc.credentialSubject.fhirBundle","path":"CertSHC.vc.credentialSubject.fhirBundle","short":"Fhir Bundle with the signed objects","definition":"Fhir Bundle with the signed objects","min":0,"max":"1","type":[{"code":"Bundle"}]}]}}