{
  "resourceType" : "ValueSet",
  "id" : "LabTestTypeLoincValueSet",
  "text" : {
    "status" : "generated",
    "div" : "<div xmlns=\"http://www.w3.org/1999/xhtml\"><p class=\"res-header-id\"><b>Generated Narrative: ValueSet LabTestTypeLoincValueSet</b></p><a name=\"LabTestTypeLoincValueSet\"> </a><a name=\"hcLabTestTypeLoincValueSet\"> </a><a name=\"LabTestTypeLoincValueSet-en-US\"> </a><ul><li>Include these codes as defined in <a href=\"http://loinc.org\"><code>http://loinc.org</code></a><table class=\"none\"><tr><td style=\"white-space:nowrap\"><b>Code</b></td><td><b>Display</b></td></tr><tr><td><a href=\"CodeSystem-WHODDCCloinc.html#WHODDCCloinc-LP6464-4\">LP6464-4</a></td><td>Nucliec acid amplification with probe detection</td></tr><tr><td><a href=\"CodeSystem-WHODDCCloinc.html#WHODDCCloinc-LP217198-3\">LP217198-3</a></td><td>Rapid immunoassay</td></tr></table></li></ul></div>"
  },
  "url" : "http://smart.who.int/ddcc/ValueSet/LabTestTypeLoincValueSet",
  "version" : "1.0.0",
  "name" : "LabTestTypeLoincValueSet",
  "title" : "Lab Test - Type - Generic - LOINC",
  "status" : "draft",
  "experimental" : true,
  "date" : "2024-10-16T15:43:03+00:00",
  "publisher" : "WHO",
  "contact" : [{
    "name" : "WHO",
    "telecom" : [{
      "system" : "url",
      "value" : "http://who.int"
    }]
  }],
  "description" : "This is a one-time snapshot of the allowed values for generic lab tests in EUDCC, retrieved in February 2023 from https://eur-lex.europa.eu/legal-content/EN/TXT/?uri=uriserv%3AOJ.L_.2021.230.01.0032.01.ENG. Contents may need to be updated and readers should consult the credential's documentation.",
  "jurisdiction" : [{
    "coding" : [{
      "system" : "http://unstats.un.org/unsd/methods/m49/m49.htm",
      "code" : "001"
    }]
  }],
  "compose" : {
    "include" : [{
      "system" : "http://loinc.org",
      "concept" : [{
        "code" : "LP6464-4",
        "display" : "Nucliec acid amplification with probe detection"
      },
      {
        "code" : "LP217198-3",
        "display" : "Rapid immunoassay"
      }]
    }]
  }
}