{
  "resourceType" : "CodeSystem",
  "id" : "WHODDCCdivoclabtestpathogen",
  "text" : {
    "status" : "generated",
    "div" : "<div xmlns=\"http://www.w3.org/1999/xhtml\"><p class=\"res-header-id\"><b>Generated Narrative: CodeSystem WHODDCCdivoclabtestpathogen</b></p><a name=\"WHODDCCdivoclabtestpathogen\"> </a><a name=\"hcWHODDCCdivoclabtestpathogen\"> </a><a name=\"WHODDCCdivoclabtestpathogen-en-US\"> </a><p>This case-sensitive code system <code>http://smart.who.int/ddcc/CodeSystem/WHODDCCdivoclabtestpathogen</code> defines the following codes:</p><table class=\"codes\"><tr><td style=\"white-space:nowrap\"><b>Code</b></td><td><b>Display</b></td></tr><tr><td style=\"white-space:nowrap\">COVID-19<a name=\"WHODDCCdivoclabtestpathogen-COVID-19\"> </a></td><td>Concerns the detection of SARS-CoV-2 infection.</td></tr><tr><td style=\"white-space:nowrap\">covid-19<a name=\"WHODDCCdivoclabtestpathogen-covid-19\"> </a></td><td>Concerns the detection of SARS-CoV-2 infection.</td></tr></table></div>"
  },
  "url" : "http://smart.who.int/ddcc/CodeSystem/WHODDCCdivoclabtestpathogen",
  "version" : "1.0.1",
  "name" : "WHODDCCdivoclabtestpathogen",
  "title" : "DIVOC lab test pathogen codes used in this IG",
  "status" : "active",
  "experimental" : true,
  "date" : "2024-12-17T16:31:24+00:00",
  "publisher" : "WHO",
  "contact" : [{
    "name" : "WHO",
    "telecom" : [{
      "system" : "url",
      "value" : "http://who.int"
    }]
  }],
  "description" : "All DIVOC lab test pathogen codes from its internally defined code system used in this IG. Provided so the FHIR server can perform expansions.",
  "jurisdiction" : [{
    "coding" : [{
      "system" : "http://unstats.un.org/unsd/methods/m49/m49.htm",
      "code" : "001"
    }]
  }],
  "caseSensitive" : true,
  "content" : "complete",
  "count" : 2,
  "concept" : [{
    "code" : "COVID-19",
    "display" : "Concerns the detection of SARS-CoV-2 infection."
  },
  {
    "code" : "covid-19",
    "display" : "Concerns the detection of SARS-CoV-2 infection."
  }]
}