{
  "resourceType" : "ValueSet",
  "id" : "VaccineCovid19EUUnionRegisterValueSet",
  "text" : {
    "status" : "generated",
    "div" : "<div xmlns=\"http://www.w3.org/1999/xhtml\"><p class=\"res-header-id\"><b>Generated Narrative: ValueSet VaccineCovid19EUUnionRegisterValueSet</b></p><a name=\"VaccineCovid19EUUnionRegisterValueSet\"> </a><a name=\"hcVaccineCovid19EUUnionRegisterValueSet\"> </a><a name=\"VaccineCovid19EUUnionRegisterValueSet-en-US\"> </a><ul><li>Include these codes as defined in <a href=\"CodeSystem-WHODDCCeuur.html\"><code>https://ec.europa.eu/health/documents/community-register/html/</code></a><table class=\"none\"><tr><td style=\"white-space:nowrap\"><b>Code</b></td><td><b>Display</b></td></tr><tr><td><a href=\"CodeSystem-WHODDCCeuur.html#WHODDCCeuur-EU.471.4720.471528\">EU/1/20/1528</a></td><td>Comirnaty</td></tr><tr><td><a href=\"CodeSystem-WHODDCCeuur.html#WHODDCCeuur-EU.471.4720.471507\">EU/1/20/1507</a></td><td>Spikevax</td></tr><tr><td><a href=\"CodeSystem-WHODDCCeuur.html#WHODDCCeuur-EU.471.4721.471529\">EU/1/21/1529</a></td><td>Vaxzevria</td></tr><tr><td><a href=\"CodeSystem-WHODDCCeuur.html#WHODDCCeuur-EU.471.4720.471525\">EU/1/20/1525</a></td><td>Jcovden</td></tr><tr><td><a href=\"CodeSystem-WHODDCCeuur.html#WHODDCCeuur-CVnCoV\">CVnCoV</a></td><td>CVnCoV</td></tr><tr><td><a href=\"CodeSystem-WHODDCCeuur.html#WHODDCCeuur-NVX-CoV2373\">NVX-CoV2373</a></td><td>NVX-CoV2373</td></tr><tr><td><a href=\"CodeSystem-WHODDCCeuur.html#WHODDCCeuur-Sputnik-V\">Sputnik-V</a></td><td>Sputnik V</td></tr><tr><td><a href=\"CodeSystem-WHODDCCeuur.html#WHODDCCeuur-Convidecia\">Convidecia</a></td><td>Convidecia</td></tr><tr><td><a href=\"CodeSystem-WHODDCCeuur.html#WHODDCCeuur-EpiVacCorona\">EpiVacCorona</a></td><td>EpiVacCorona</td></tr><tr><td><a href=\"CodeSystem-WHODDCCeuur.html#WHODDCCeuur-BBIBP-CorV\">BBIBP-CorV</a></td><td>BBIBP-CorV</td></tr><tr><td><a href=\"CodeSystem-WHODDCCeuur.html#WHODDCCeuur-Inactivated-SARS-CoV-2-Vero-Cell\">Inactivated-SARS-CoV-2-Vero-Cell</a></td><td>Inactivated SARS-CoV-2 (Vero Cell)</td></tr><tr><td><a href=\"CodeSystem-WHODDCCeuur.html#WHODDCCeuur-CoronaVac\">CoronaVac</a></td><td>CoronaVac</td></tr><tr><td><a href=\"CodeSystem-WHODDCCeuur.html#WHODDCCeuur-Covaxin\">Covaxin</a></td><td>Covaxin</td></tr><tr><td><a href=\"CodeSystem-WHODDCCeuur.html#WHODDCCeuur-Covishield\">Covishield</a></td><td>Covishield</td></tr><tr><td><a href=\"CodeSystem-WHODDCCeuur.html#WHODDCCeuur-Covid-19-recombinant\">Covid-19-recombinant</a></td><td>Covid-19 (recombinant)</td></tr><tr><td><a href=\"CodeSystem-WHODDCCeuur.html#WHODDCCeuur-R-COVI\">R-COVI</a></td><td>R-COVI</td></tr><tr><td><a href=\"CodeSystem-WHODDCCeuur.html#WHODDCCeuur-CoviVac\">CoviVac</a></td><td>CoviVac</td></tr><tr><td><a href=\"CodeSystem-WHODDCCeuur.html#WHODDCCeuur-Sputnik-Light\">Sputnik-Light</a></td><td>Sputnik Light</td></tr><tr><td><a href=\"CodeSystem-WHODDCCeuur.html#WHODDCCeuur-Hayat-Vax\">Hayat-Vax</a></td><td>Hayat-Vax</td></tr><tr><td><a href=\"CodeSystem-WHODDCCeuur.html#WHODDCCeuur-Abdala\">Abdala</a></td><td>Abdala</td></tr><tr><td><a href=\"CodeSystem-WHODDCCeuur.html#WHODDCCeuur-WIBP-CorV\">WIBP-CorV</a></td><td>WIBP-CorV</td></tr><tr><td><a href=\"CodeSystem-WHODDCCeuur.html#WHODDCCeuur-MVC-COV1901\">MVC-COV1901</a></td><td>MVC COVID-19 vaccine</td></tr><tr><td><a href=\"CodeSystem-WHODDCCeuur.html#WHODDCCeuur-EU.471.4721.471618\">EU/1/21/1618</a></td><td>Nuvaxovid</td></tr><tr><td><a href=\"CodeSystem-WHODDCCeuur.html#WHODDCCeuur-Covovax\">Covovax</a></td><td>Covovax</td></tr><tr><td><a href=\"CodeSystem-WHODDCCeuur.html#WHODDCCeuur-Vidprevtyn\">Vidprevtyn</a></td><td>Vidprevtyn</td></tr><tr><td><a href=\"CodeSystem-WHODDCCeuur.html#WHODDCCeuur-VLA2001\">VLA2001</a></td><td>VLA2001</td></tr><tr><td><a href=\"CodeSystem-WHODDCCeuur.html#WHODDCCeuur-EpiVacCorona-N\">EpiVacCorona-N</a></td><td>EpiVacCorona- N</td></tr><tr><td><a href=\"CodeSystem-WHODDCCeuur.html#WHODDCCeuur-Sputnik-M\">Sputnik-M</a></td><td>Sputnik M</td></tr><tr><td><a href=\"CodeSystem-WHODDCCeuur.html#WHODDCCeuur-Covid-19-adsorvida-inativada\">Covid-19-adsorvida-inativada</a></td><td>Vacina adsorvida covid-19 (inativada)</td></tr><tr><td><a href=\"CodeSystem-WHODDCCeuur.html#WHODDCCeuur-NVSI-06-08\">NVSI-06-08</a></td><td>NVSI-06-08</td></tr><tr><td><a href=\"CodeSystem-WHODDCCeuur.html#WHODDCCeuur-YS-SC2-010\">YS-SC2-010</a></td><td>YS-SC2-010</td></tr><tr><td><a href=\"CodeSystem-WHODDCCeuur.html#WHODDCCeuur-SCTV01C\">SCTV01C</a></td><td>SCTV01C</td></tr><tr><td><a href=\"CodeSystem-WHODDCCeuur.html#WHODDCCeuur-Covifenz\">Covifenz</a></td><td>Covifenz</td></tr><tr><td><a href=\"CodeSystem-WHODDCCeuur.html#WHODDCCeuur-AZD2816\">AZD2816</a></td><td>AZD2816</td></tr><tr><td><a href=\"CodeSystem-WHODDCCeuur.html#WHODDCCeuur-Soberana-02\">Soberana-02</a></td><td>Soberana 02</td></tr><tr><td><a href=\"CodeSystem-WHODDCCeuur.html#WHODDCCeuur-Soberana-Plus\">Soberana-Plus</a></td><td>Soberana Plus</td></tr><tr><td><a href=\"CodeSystem-WHODDCCeuur.html#WHODDCCeuur-EU.471.4721.471624\">EU/1/21/1624</a></td><td>COVID-19 Vaccine Valneva</td></tr><tr><td><a href=\"CodeSystem-WHODDCCeuur.html#WHODDCCeuur-EU.471.4721.471580\">EU/1/21/1580</a></td><td>VidPrevtyn Beta</td></tr></table></li></ul></div>"
  },
  "url" : "http://smart.who.int/ddcc/ValueSet/VaccineCovid19EUUnionRegisterValueSet",
  "version" : "1.0.1",
  "name" : "VaccineCovid19EUUnionRegisterValueSet",
  "title" : "Vaccine - COVID-19 - EU Union Register of Medicinial Products",
  "status" : "active",
  "experimental" : true,
  "date" : "2024-12-17T16:31:24+00:00",
  "publisher" : "WHO",
  "contact" : [{
    "name" : "WHO",
    "telecom" : [{
      "system" : "url",
      "value" : "http://who.int"
    }]
  }],
  "description" : "Union Register of medicinal products for vaccines with EU-wide authorisation. The Union Register is found at <https://ec.europa.eu/health/documents/community-register/html/index_en.htm>. However, the contents of this ValueSet are based on v1.14 (2023-01-25) of the [EU DCC value set guidelines](https://health.ec.europa.eu/system/files/2023-01/eu-dcc-value-sets_en.pdf).",
  "jurisdiction" : [{
    "coding" : [{
      "system" : "http://unstats.un.org/unsd/methods/m49/m49.htm",
      "code" : "001"
    }]
  }],
  "compose" : {
    "include" : [{
      "system" : "https://ec.europa.eu/health/documents/community-register/html/",
      "concept" : [{
        "code" : "EU/1/20/1528",
        "display" : "Comirnaty"
      },
      {
        "code" : "EU/1/20/1507",
        "display" : "Spikevax"
      },
      {
        "code" : "EU/1/21/1529",
        "display" : "Vaxzevria"
      },
      {
        "code" : "EU/1/20/1525",
        "display" : "Jcovden"
      },
      {
        "code" : "CVnCoV",
        "display" : "CVnCoV"
      },
      {
        "code" : "NVX-CoV2373",
        "display" : "NVX-CoV2373"
      },
      {
        "code" : "Sputnik-V",
        "display" : "Sputnik V"
      },
      {
        "code" : "Convidecia",
        "display" : "Convidecia"
      },
      {
        "code" : "EpiVacCorona",
        "display" : "EpiVacCorona"
      },
      {
        "code" : "BBIBP-CorV",
        "display" : "BBIBP-CorV"
      },
      {
        "code" : "Inactivated-SARS-CoV-2-Vero-Cell",
        "display" : "Inactivated SARS-CoV-2 (Vero Cell)"
      },
      {
        "code" : "CoronaVac",
        "display" : "CoronaVac"
      },
      {
        "code" : "Covaxin",
        "display" : "Covaxin"
      },
      {
        "code" : "Covishield",
        "display" : "Covishield"
      },
      {
        "code" : "Covid-19-recombinant",
        "display" : "Covid-19 (recombinant)"
      },
      {
        "code" : "R-COVI",
        "display" : "R-COVI"
      },
      {
        "code" : "CoviVac",
        "display" : "CoviVac"
      },
      {
        "code" : "Sputnik-Light",
        "display" : "Sputnik Light"
      },
      {
        "code" : "Hayat-Vax",
        "display" : "Hayat-Vax"
      },
      {
        "code" : "Abdala",
        "display" : "Abdala"
      },
      {
        "code" : "WIBP-CorV",
        "display" : "WIBP-CorV"
      },
      {
        "code" : "MVC-COV1901",
        "display" : "MVC COVID-19 vaccine"
      },
      {
        "code" : "EU/1/21/1618",
        "display" : "Nuvaxovid"
      },
      {
        "code" : "Covovax",
        "display" : "Covovax"
      },
      {
        "code" : "Vidprevtyn",
        "display" : "Vidprevtyn"
      },
      {
        "code" : "VLA2001",
        "display" : "VLA2001"
      },
      {
        "code" : "EpiVacCorona-N",
        "display" : "EpiVacCorona- N"
      },
      {
        "code" : "Sputnik-M",
        "display" : "Sputnik M"
      },
      {
        "code" : "Covid-19-adsorvida-inativada",
        "display" : "Vacina adsorvida covid-19 (inativada)"
      },
      {
        "code" : "NVSI-06-08",
        "display" : "NVSI-06-08"
      },
      {
        "code" : "YS-SC2-010",
        "display" : "YS-SC2-010"
      },
      {
        "code" : "SCTV01C",
        "display" : "SCTV01C"
      },
      {
        "code" : "Covifenz",
        "display" : "Covifenz"
      },
      {
        "code" : "AZD2816",
        "display" : "AZD2816"
      },
      {
        "code" : "Soberana-02",
        "display" : "Soberana 02"
      },
      {
        "code" : "Soberana-Plus",
        "display" : "Soberana Plus"
      },
      {
        "code" : "EU/1/21/1624",
        "display" : "COVID-19 Vaccine Valneva"
      },
      {
        "code" : "EU/1/21/1580",
        "display" : "VidPrevtyn Beta"
      }]
    }]
  }
}