<?xml version="1.0" encoding="UTF-8"?>

<ValueSet xmlns="http://hl7.org/fhir">
  <id value="vaccine-covid19-snomed"/>
  <text>
    <status value="generated"/><div xmlns="http://www.w3.org/1999/xhtml"><ul><li>Include these codes as defined in <a href="http://www.snomed.org/"><code>http://snomed.info/sct</code></a><table class="none"><tr><td style="white-space:nowrap"><b>Code</b></td><td><b>Display</b></td></tr><tr><td><a href="CodeSystem-WHO-DDCC-snomed.html#WHO-DDCC-snomed-1031000172108">1031000172108</a></td><td>COVID-19 mRNA vaccine (BNT162b2) of Pfizer-BioNTech</td></tr><tr><td><a href="CodeSystem-WHO-DDCC-snomed.html#WHO-DDCC-snomed-10871000172106">10871000172106</a></td><td>COVID-19 mRNA vaccine (mRNA-1273) of Moderna</td></tr><tr><td><a href="CodeSystem-WHO-DDCC-snomed.html#WHO-DDCC-snomed-10891000172107">10891000172107</a></td><td>COVID-19 viral vector vaccine (AZD1222 (ChAdOx1-S recombinant)) of AstraZeneca, Oxford</td></tr><tr><td><a href="CodeSystem-WHO-DDCC-snomed.html#WHO-DDCC-snomed-10901000172106">10901000172106</a></td><td>COVID-19 viral vector vaccine (JNJ-78436735( Ad26.COV2-S recombinant)) of Johnson and Johnson, Janssens</td></tr><tr><td><a href="CodeSystem-WHO-DDCC-snomed.html#WHO-DDCC-snomed-125071000220108">125071000220108</a></td><td>COVID-19 mRNA Vaccine Pfizer-BioNTech 10 micrograms/dose concentrate for dispersion for injection</td></tr><tr><td><a href="CodeSystem-WHO-DDCC-snomed.html#WHO-DDCC-snomed-125081000220106">125081000220106</a></td><td>COVID-19 mRNA Vaccine Ready to Use Pfizer-BioNTech 30 micrograms/ 0.3 milliliter dose dispersion for injection</td></tr><tr><td><a href="CodeSystem-WHO-DDCC-snomed.html#WHO-DDCC-snomed-125091000220109">125091000220109</a></td><td>COVID-19 mRNA Ready to Use Adapted BA.1 Vaccine Pfizer-BioNTech 15 / 15 micrograms/ 0.3 milliliter dose dispersion for injection</td></tr><tr><td><a href="CodeSystem-WHO-DDCC-snomed.html#WHO-DDCC-snomed-125101000220104">125101000220104</a></td><td>COVID-19 mRNA Ready to Use Adapted BA.4 and BA.5 Vaccine Pfizer-BioNTech 15 / 15 micrograms/ 0.3 milliliter dose dispersion for injection</td></tr><tr><td><a href="CodeSystem-WHO-DDCC-snomed.html#WHO-DDCC-snomed-125111000220101">125111000220101</a></td><td>COVID-19 mRNA Adapted BA.1 Vaccine Moderna (50 micrograms/50 micrograms) / milliliter dispersion for injection</td></tr><tr><td><a href="CodeSystem-WHO-DDCC-snomed.html#WHO-DDCC-snomed-125121000220108">125121000220108</a></td><td>COVID-19 mRNA Adapted BA.4 nd BA.5 Vaccine Moderna (50 micrograms/50 micrograms) / milliliter dispersion for injection</td></tr><tr><td><a href="CodeSystem-WHO-DDCC-snomed.html#WHO-DDCC-snomed-1401000220108">1401000220108</a></td><td>COVID-19 Vaccine AstraZeneca 5 x10,000,000,000 viral particles/per 0.5ml dose for injection multidose vials</td></tr><tr><td><a href="CodeSystem-WHO-DDCC-snomed.html#WHO-DDCC-snomed-1411000220106">1411000220106</a></td><td>COVID-19 mRNA Vaccine Pfizer-BioNTech 30 micrograms per 0.3ml dose concentrate for suspension for injection multidose vials</td></tr><tr><td><a href="CodeSystem-WHO-DDCC-snomed.html#WHO-DDCC-snomed-1421000220104">1421000220104</a></td><td>COVID-19 mRNA Vaccine Moderna 0.1mg per 0.5mL dose dispersion for injection multidose vials</td></tr><tr><td><a href="CodeSystem-WHO-DDCC-snomed.html#WHO-DDCC-snomed-28571000087109">28571000087109</a></td><td>COVID-19 SPIKEVAX 0.20 mg/mL mRNA Mod</td></tr><tr><td><a href="CodeSystem-WHO-DDCC-snomed.html#WHO-DDCC-snomed-28581000087106">28581000087106</a></td><td>COVID-19 COMIRNATY 30 mcg/0.3 ml mRNA PB</td></tr><tr><td><a href="CodeSystem-WHO-DDCC-snomed.html#WHO-DDCC-snomed-28761000087108">28761000087108</a></td><td>COVID-19 VAXZEVRIA AZC</td></tr><tr><td><a href="CodeSystem-WHO-DDCC-snomed.html#WHO-DDCC-snomed-28951000087107">28951000087107</a></td><td>COVID-19 JANSSEN COVID-19 VACCINE Jan</td></tr><tr><td><a href="CodeSystem-WHO-DDCC-snomed.html#WHO-DDCC-snomed-28961000087105">28961000087105</a></td><td>COVID-19 COVISHIELD VP</td></tr><tr><td><a href="CodeSystem-WHO-DDCC-snomed.html#WHO-DDCC-snomed-29171000087106">29171000087106</a></td><td>COVID-19 NUVAXOVID NOV</td></tr><tr><td><a href="CodeSystem-WHO-DDCC-snomed.html#WHO-DDCC-snomed-30151000087105">30151000087105</a></td><td>COVID-19 COVIFENZ VLP MED</td></tr><tr><td><a href="CodeSystem-WHO-DDCC-snomed.html#WHO-DDCC-snomed-31301000087101">31301000087101</a></td><td>COVID-19 SINOPHARM-BIBP</td></tr><tr><td><a href="CodeSystem-WHO-DDCC-snomed.html#WHO-DDCC-snomed-31311000087104">31311000087104</a></td><td>COVID-19 CoronaVac</td></tr><tr><td><a href="CodeSystem-WHO-DDCC-snomed.html#WHO-DDCC-snomed-31341000087103">31341000087103</a></td><td>COVID-19 Sputnik V</td></tr><tr><td><a href="CodeSystem-WHO-DDCC-snomed.html#WHO-DDCC-snomed-31431000087100">31431000087100</a></td><td>COVID-19 Convidecia</td></tr><tr><td><a href="CodeSystem-WHO-DDCC-snomed.html#WHO-DDCC-snomed-33201000087108">33201000087108</a></td><td>COVID-19 SINOPHARM-WIBP</td></tr><tr><td><a href="CodeSystem-WHO-DDCC-snomed.html#WHO-DDCC-snomed-33211000087105">33211000087105</a></td><td>COVID-19 COVAXIN</td></tr><tr><td><a href="CodeSystem-WHO-DDCC-snomed.html#WHO-DDCC-snomed-33221000087102">33221000087102</a></td><td>COVID-19 mRNA CureVac</td></tr><tr><td><a href="CodeSystem-WHO-DDCC-snomed.html#WHO-DDCC-snomed-33361000087101">33361000087101</a></td><td>COVID-19 COMIRNATY pediatric 10 mcg/0.2 ml mRNA PB</td></tr><tr><td><a href="CodeSystem-WHO-DDCC-snomed.html#WHO-DDCC-snomed-33391000087109">33391000087109</a></td><td>COVID-19 Abdala</td></tr><tr><td><a href="CodeSystem-WHO-DDCC-snomed.html#WHO-DDCC-snomed-33401000087107">33401000087107</a></td><td>COVID-19 COVIran Barekat</td></tr><tr><td><a href="CodeSystem-WHO-DDCC-snomed.html#WHO-DDCC-snomed-33411000087109">33411000087109</a></td><td>COVID-19 CoviVac</td></tr><tr><td><a href="CodeSystem-WHO-DDCC-snomed.html#WHO-DDCC-snomed-33421000087101">33421000087101</a></td><td>COVID-19 EpiVacCorona</td></tr><tr><td><a href="CodeSystem-WHO-DDCC-snomed.html#WHO-DDCC-snomed-33431000087104">33431000087104</a></td><td>COVID-19 KCONVAC</td></tr><tr><td><a href="CodeSystem-WHO-DDCC-snomed.html#WHO-DDCC-snomed-33441000087105">33441000087105</a></td><td>COVID-19 Medgen-Dynavax-NIAID</td></tr><tr><td><a href="CodeSystem-WHO-DDCC-snomed.html#WHO-DDCC-snomed-33451000087108">33451000087108</a></td><td>COVID-19 QazCovid-in</td></tr><tr><td><a href="CodeSystem-WHO-DDCC-snomed.html#WHO-DDCC-snomed-33461000087106">33461000087106</a></td><td>COVID-19 Sputnik Light</td></tr><tr><td><a href="CodeSystem-WHO-DDCC-snomed.html#WHO-DDCC-snomed-33471000087102">33471000087102</a></td><td>COVID-19 ZIFIVAX</td></tr><tr><td><a href="CodeSystem-WHO-DDCC-snomed.html#WHO-DDCC-snomed-33581000087104">33581000087104</a></td><td>COVID-19 pediatric mRNA unspecified</td></tr><tr><td><a href="CodeSystem-WHO-DDCC-snomed.html#WHO-DDCC-snomed-33881000087102">33881000087102</a></td><td>COVID-19 COMIRNATY tris-sucrose 30 mcg/0.3 ml mRNA PB</td></tr><tr><td><a href="CodeSystem-WHO-DDCC-snomed.html#WHO-DDCC-snomed-34591000087100">34591000087100</a></td><td>COVID-19 Soberana 02</td></tr><tr><td><a href="CodeSystem-WHO-DDCC-snomed.html#WHO-DDCC-snomed-34601000087108">34601000087108</a></td><td>COVID-19 SpikoGen</td></tr><tr><td><a href="CodeSystem-WHO-DDCC-snomed.html#WHO-DDCC-snomed-34611000087105">34611000087105</a></td><td>COVID-19 COMIRNATY pediatric 3 mcg/0.2 ml mRNA PB</td></tr><tr><td><a href="CodeSystem-WHO-DDCC-snomed.html#WHO-DDCC-snomed-34921000087108">34921000087108</a></td><td>COVID-19 COVOVAX</td></tr><tr><td><a href="CodeSystem-WHO-DDCC-snomed.html#WHO-DDCC-snomed-35651000087105">35651000087105</a></td><td>COVID-19 SPIKEVAX 0.10 mg/mL mRNA Mod</td></tr><tr><td><a href="CodeSystem-WHO-DDCC-snomed.html#WHO-DDCC-snomed-37311000087109">37311000087109</a></td><td>COVID-19 SPIKEVAX Bivalent (Original / Omicron BA.1) 0.10 mg/mL mRNA Mod</td></tr><tr><td><a href="CodeSystem-WHO-DDCC-snomed.html#WHO-DDCC-snomed-37651000087101">37651000087101</a></td><td>COVID-19 SPIKEVAX Bivalent (Original / Omicron BA.4/BA.5) 0.10 mg/mL mRNA Mod</td></tr><tr><td><a href="CodeSystem-WHO-DDCC-snomed.html#WHO-DDCC-snomed-384671000221101">384671000221101</a></td><td>SINOPHARM - BIBP vacuna COVID-19 [SARS-COV-2 (cÃ©lulas Vero) inactivado 1 dosis/0,5 ml] suspensiÃ³n inyectable, vial de 0,5 ml (1 dosis), Sinopharm - Beijing Institute</td></tr><tr><td><a href="CodeSystem-WHO-DDCC-snomed.html#WHO-DDCC-snomed-399651000221108">399651000221108</a></td><td>vacuna COVID-19 virus entero inactivado 1 dosis/0,5 ml, suspensiÃ³n inyectable, vial de 0,5 ml (1 dosis)</td></tr><tr><td><a href="CodeSystem-WHO-DDCC-snomed.html#WHO-DDCC-snomed-399661000221105">399661000221105</a></td><td>vacuna COVID-19 vector no replicante adenovirus de chimpancÃ© 1 dosis/0,5 ml, soluciÃ³n inyectable, vial de 5 ml (10 dosis)</td></tr><tr><td><a href="CodeSystem-WHO-DDCC-snomed.html#WHO-DDCC-snomed-399681000221103">399681000221103</a></td><td>vacuna COVID-19 vector no replicante Adenovirus humano 5 1 dosis/0,5 ml, soluciÃ³n inyectable, vial de 3 ml (5 dosis)</td></tr><tr><td><a href="CodeSystem-WHO-DDCC-snomed.html#WHO-DDCC-snomed-399691000221100">399691000221100</a></td><td>vacuna COVID-19 vector no replicante Adenovirus humano 26 1 dosis/0,5 ml, soluciÃ³n inyectable, vial de 3 ml (5 dosis)</td></tr><tr><td><a href="CodeSystem-WHO-DDCC-snomed.html#WHO-DDCC-snomed-399701000221100">399701000221100</a></td><td>vacuna COVID-19 vector no replicante Adenovirus humano 26 1 dosis/0,5 ml, suspensiÃ³n inyectable, vial de 3 ml (5 dosis)</td></tr><tr><td><a href="CodeSystem-WHO-DDCC-snomed.html#WHO-DDCC-snomed-399771000221108">399771000221108</a></td><td>COVISHIELD vacuna COVID-19 [ChAdOx1 SARS-CoV-2 S 1 dosis/0,5 ml] soluciÃ³n inyectable, vial de 5 ml (10 dosis), Serum Institute of India</td></tr><tr><td><a href="CodeSystem-WHO-DDCC-snomed.html#WHO-DDCC-snomed-399781000221106">399781000221106</a></td><td>VAXZEVRIA vacuna COVID-19 [ChAdOx1 SARS-CoV-2 S 1 dosis/0,5 ml] soluciÃ³n inyectable, vial de 5 ml (10 dosis), Astrazeneca</td></tr><tr><td><a href="CodeSystem-WHO-DDCC-snomed.html#WHO-DDCC-snomed-399801000221105">399801000221105</a></td><td>SPUTNIK V vacuna COVID-19 componente I [rAd 26 SARS-CoV-2 S 1 dosis/0,5 ml] soluciÃ³n inyectable, vial de 3 ml (5 dosis), Instituto Gamaleya</td></tr><tr><td><a href="CodeSystem-WHO-DDCC-snomed.html#WHO-DDCC-snomed-399811000221108">399811000221108</a></td><td>SPUTNIK V vacuna COVID-19 componente II [rAd 5 SARS-CoV-2 S 1 dosis/0,5 ml] soluciÃ³n inyectable, vial de 3 ml (5 dosis), Instituto Gamaleya</td></tr><tr><td><a href="CodeSystem-WHO-DDCC-snomed.html#WHO-DDCC-snomed-399821000221103">399821000221103</a></td><td>JANSSEN vacuna COVID-19 [rAd 26 SARS-CoV-2 S 1 dosis/0,5 ml] suspensiÃ³n inyectable, vial de 3 ml (5 dosis), Janssen</td></tr><tr><td><a href="CodeSystem-WHO-DDCC-snomed.html#WHO-DDCC-snomed-399861000221106">399861000221106</a></td><td>vacuna COVID-19 ARNm 100 mcg/ml, suspensiÃ³n inyectable, vial de 5,5 ml (10 dosis de 0,5 ml)</td></tr><tr><td><a href="CodeSystem-WHO-DDCC-snomed.html#WHO-DDCC-snomed-399871000221102">399871000221102</a></td><td>vacuna COVID-19 ARNm 100 mcg/ml, suspensiÃ³n inyectable, vial de 7,5 ml (15 dosis de 0,5 ml)</td></tr><tr><td><a href="CodeSystem-WHO-DDCC-snomed.html#WHO-DDCC-snomed-399881000221104">399881000221104</a></td><td>vacuna COVID-19 ARNm 30 mcg/0,3 ml, suspensiÃ³n inyectable, vial de 0,45 ml (6 dosis de 0,3 ml luego de diluciÃ³n)</td></tr><tr><td><a href="CodeSystem-WHO-DDCC-snomed.html#WHO-DDCC-snomed-399891000221101">399891000221101</a></td><td>SPIKEVAX vacuna COVID-19 [SARS-CoV-2 S ARNm 100 mcg/0,5 ml] suspensiÃ³n inyectable, vial de 5.5 ml (10 dosis), Moderna</td></tr><tr><td><a href="CodeSystem-WHO-DDCC-snomed.html#WHO-DDCC-snomed-399901000221102">399901000221102</a></td><td>SPIKEVAX vacuna COVID-19 [SARS-CoV-2 S ARNm 100 mcg/0,5 ml] suspensiÃ³n inyectable, vial de 7,5 ml (15 dosis de 0,5 ml), Moderna</td></tr><tr><td><a href="CodeSystem-WHO-DDCC-snomed.html#WHO-DDCC-snomed-399911000221104">399911000221104</a></td><td>COMIRNATY vacuna COVID-19 [SARS-CoV-2 S ARNm 30 mcg/0,3 ml] suspensiÃ³n inyectable, vial de 0,45 ml (6 dosis de 0,3 ml luego de diluciÃ³n), Pfizer</td></tr><tr><td><a href="CodeSystem-WHO-DDCC-snomed.html#WHO-DDCC-snomed-424531000221101">424531000221101</a></td><td>vacuna COVID-19 virus entero inactivado 1 dosis/0,5 ml, suspensiÃ³n inyectable</td></tr><tr><td><a href="CodeSystem-WHO-DDCC-snomed.html#WHO-DDCC-snomed-424541000221108">424541000221108</a></td><td>vacuna COVID-19 virus entero inactivado 1 dosis/0,5 ml, suspensiÃ³n inyectable, vial de 1 ml (2 dosis)</td></tr><tr><td><a href="CodeSystem-WHO-DDCC-snomed.html#WHO-DDCC-snomed-424551000221105">424551000221105</a></td><td>SINOPHARM - BIBP vacuna COVID-19 [SARS-COV-2 (cÃ©lulas Vero) inactivado 1 dosis/0,5 ml] suspensiÃ³n inyectable, vial de 1 ml (2 dosis), Sinopharm - Beijing Institute</td></tr><tr><td><a href="CodeSystem-WHO-DDCC-snomed.html#WHO-DDCC-snomed-424561000221107">424561000221107</a></td><td>vacuna COVID-19 vector no replicante adenovirus de chimpancÃ© 1 dosis/0,5 ml, soluciÃ³n inyectable</td></tr><tr><td><a href="CodeSystem-WHO-DDCC-snomed.html#WHO-DDCC-snomed-424571000221103">424571000221103</a></td><td>VAXZEVRIA vacuna COVID-19 vector viral no replicante</td></tr><tr><td><a href="CodeSystem-WHO-DDCC-snomed.html#WHO-DDCC-snomed-424581000221100">424581000221100</a></td><td>COVISHIELD vacuna COVID-19 vector viral no replicante</td></tr><tr><td><a href="CodeSystem-WHO-DDCC-snomed.html#WHO-DDCC-snomed-424591000221102">424591000221102</a></td><td>JANSSEN vacuna COVID-19 vector viral no replicante</td></tr><tr><td><a href="CodeSystem-WHO-DDCC-snomed.html#WHO-DDCC-snomed-424601000221107">424601000221107</a></td><td>vacuna COVID-19 vector no replicante Adenovirus humano 26 1 dosis/0,5 ml, suspensiÃ³n inyectable</td></tr><tr><td><a href="CodeSystem-WHO-DDCC-snomed.html#WHO-DDCC-snomed-424611000221105">424611000221105</a></td><td>vacuna COVID-19 vector no replicante Adenovirus humano 26 1 dosis/0,5 ml, soluciÃ³n inyectable, vial de 0,5 ml (1 dosis)</td></tr><tr><td><a href="CodeSystem-WHO-DDCC-snomed.html#WHO-DDCC-snomed-424621000221100">424621000221100</a></td><td>vacuna COVID-19 vector no replicante Adenovirus humano 26 1 dosis/0,5 ml, soluciÃ³n inyectable, vial de 1 ml (2 dosis)</td></tr><tr><td><a href="CodeSystem-WHO-DDCC-snomed.html#WHO-DDCC-snomed-424631000221102">424631000221102</a></td><td>vacuna COVID-19 vector no replicante Adenovirus humano 26 1 dosis/0,5 ml, soluciÃ³n inyectable</td></tr><tr><td><a href="CodeSystem-WHO-DDCC-snomed.html#WHO-DDCC-snomed-424641000221109">424641000221109</a></td><td>SPUTNIK V vacuna COVID-19 componente I [rAd 26 SARS-CoV-2 S 1 dosis/0,5 ml] soluciÃ³n inyectable, vial de 0,5 ml (1 dosis), Instituto Gamaleya</td></tr><tr><td><a href="CodeSystem-WHO-DDCC-snomed.html#WHO-DDCC-snomed-424651000221106">424651000221106</a></td><td>SPUTNIK V vacuna COVID-19 componente I [rAd 26 SARS-CoV-2 S 1 dosis/0,5 ml] soluciÃ³n inyectable, vial de 1 ml (2 dosis), Instituto Gamaleya</td></tr><tr><td><a href="CodeSystem-WHO-DDCC-snomed.html#WHO-DDCC-snomed-424661000221108">424661000221108</a></td><td>SPUTNIK V vacuna COVID-19 componente II [rAd 5 SARS-CoV-2 S 1 dosis/0,5 ml] soluciÃ³n inyectable, vial de 1 ml (2 dosis), Instituto Gamaleya</td></tr><tr><td><a href="CodeSystem-WHO-DDCC-snomed.html#WHO-DDCC-snomed-424671000221104">424671000221104</a></td><td>SPUTNIK V vacuna COVID-19 componente II [rAd 5 SARS-CoV-2 S 1 dosis/0,5 ml] soluciÃ³n inyectable, vial de 0,5 ml (1 dosis), Instituto Gamaleya</td></tr><tr><td><a href="CodeSystem-WHO-DDCC-snomed.html#WHO-DDCC-snomed-424681000221101">424681000221101</a></td><td>vacuna COVID-19 vector no replicante Adenovirus humano 5 1 dosis/0,5 ml, soluciÃ³n inyectable, vial de 1 ml (2 dosis)</td></tr><tr><td><a href="CodeSystem-WHO-DDCC-snomed.html#WHO-DDCC-snomed-424691000221103">424691000221103</a></td><td>vacuna COVID-19 vector no replicante Adenovirus humano 5 1 dosis/0,5 ml, soluciÃ³n inyectable, vial de 0,5 ml (1 dosis)</td></tr><tr><td><a href="CodeSystem-WHO-DDCC-snomed.html#WHO-DDCC-snomed-424701000221103">424701000221103</a></td><td>vacuna COVID-19 vector no replicante Adenovirus humano 5 1 dosis/0,5 ml, soluciÃ³n inyectable</td></tr><tr><td><a href="CodeSystem-WHO-DDCC-snomed.html#WHO-DDCC-snomed-424711000221100">424711000221100</a></td><td>SPUTNIK V vacuna COVID-19 vector viral no replicante</td></tr><tr><td><a href="CodeSystem-WHO-DDCC-snomed.html#WHO-DDCC-snomed-424721000221105">424721000221105</a></td><td>vacuna COVID-19 ARNm 100 mcg/0,5 ml, suspensiÃ³n inyectable</td></tr><tr><td><a href="CodeSystem-WHO-DDCC-snomed.html#WHO-DDCC-snomed-424731000221108">424731000221108</a></td><td>SPIKEVAX vacuna COVID-19 ARNm</td></tr><tr><td><a href="CodeSystem-WHO-DDCC-snomed.html#WHO-DDCC-snomed-424741000221101">424741000221101</a></td><td>vacuna COVID-19 ARNm 30 mcg/0,3 ml, suspensiÃ³n inyectable</td></tr><tr><td><a href="CodeSystem-WHO-DDCC-snomed.html#WHO-DDCC-snomed-424751000221104">424751000221104</a></td><td>COMIRNATY vacuna COVID-19 ARNm</td></tr><tr><td><a href="CodeSystem-WHO-DDCC-snomed.html#WHO-DDCC-snomed-424781000221109">424781000221109</a></td><td>CONVIDECIA vacuna COVID-19 [rAd 5 SARS-CoV-2 S 1 dosis/0,5 ml] soluciÃ³n inyectable, vial de 0,5 ml, (1 dosis), Cansino</td></tr><tr><td><a href="CodeSystem-WHO-DDCC-snomed.html#WHO-DDCC-snomed-424791000221107">424791000221107</a></td><td>CONVIDECIA vacuna COVID-19 [rAd 5 SARS-CoV-2 S 1 dosis/0,5 ml] soluciÃ³n inyectable, vial de 1,5 ml (3 dosis), Cansino</td></tr><tr><td><a href="CodeSystem-WHO-DDCC-snomed.html#WHO-DDCC-snomed-424801000221108">424801000221108</a></td><td>vacuna COVID-19 vector no replicante Adenovirus humano 5 1 dosis/0,5 ml, soluciÃ³n inyectable, vial de 1,5 ml (3 dosis)</td></tr><tr><td><a href="CodeSystem-WHO-DDCC-snomed.html#WHO-DDCC-snomed-424821000221101">424821000221101</a></td><td>SPUTNIK LIGTH vacuna COVID-19 vector viral no replicante</td></tr><tr><td><a href="CodeSystem-WHO-DDCC-snomed.html#WHO-DDCC-snomed-424831000221103">424831000221103</a></td><td>NOVAVAX vacuna COVID-19 proteÃ­na de espiga recombinante</td></tr><tr><td><a href="CodeSystem-WHO-DDCC-snomed.html#WHO-DDCC-snomed-424971000221108">424971000221108</a></td><td>ZYDUS CADILA vacuna COVID-19 ADN</td></tr><tr><td><a href="CodeSystem-WHO-DDCC-snomed.html#WHO-DDCC-snomed-425001000221100">425001000221100</a></td><td>SPUTNIK V componente I vacuna COVID-19 vector viral no replicante rAd 26</td></tr><tr><td><a href="CodeSystem-WHO-DDCC-snomed.html#WHO-DDCC-snomed-425011000221102">425011000221102</a></td><td>SPUTNIK V componente II vacuna COVID-19 vector viral no replicante rAd 5</td></tr><tr><td><a href="CodeSystem-WHO-DDCC-snomed.html#WHO-DDCC-snomed-425031000221105">425031000221105</a></td><td>VAXZEVRIA vacuna COVID-19 [ChAdOx1 SARS-CoV-2 S 1 dosis/0,5 ml] soluciÃ³n inyectable, vial de 4 ml (8 dosis), Astrazeneca</td></tr><tr><td><a href="CodeSystem-WHO-DDCC-snomed.html#WHO-DDCC-snomed-425051000221101">425051000221101</a></td><td>vacuna que contiene vector adenovirus de chimpancÃ© no replicante que codifica proteÃ­na de espiga de SARS-CoV-2 1 dosis/0,5 ml, soluciÃ³n inyectable, vial de 4 ml (8 dosis)</td></tr><tr><td><a href="CodeSystem-WHO-DDCC-snomed.html#WHO-DDCC-snomed-62051000220105">62051000220105</a></td><td>Janssen COVID-19 Vaccine 0.5 millilitre suspension injection Janssen Inc</td></tr></table></li></ul></div>
  </text>
  <url value="http://smart.who.int/ddcc/ValueSet/vaccine-covid19-snomed"/>
  <version value="1.0.0"/>
  <name value="VaccineCovid19SnomedValueSet"/>
  <title value="Vaccine - COVID-19 - SNOMED CT"/>
  <status value="draft"/>
  <experimental value="true"/>
  <date value="2023-11-06T04:25:12+00:00"/>
  <publisher value="WHO"/>
  <contact>
    <name value="WHO"/>
    <telecom>
      <system value="url"/>
      <value value="http://who.int"/>
    </telecom>
  </contact>
  <description value="This is a one-time snapshot of the allowed SNOMED values for vaccines, retrieved in February 2023. Contents may need to be updated and readers should consult the documentation, found here http://hl7.org/fhir/uv/shc-vaccination/2021Sep/ValueSet-vaccine-snomed.html"/>
  <jurisdiction>
    <coding>
      <system value="http://unstats.un.org/unsd/methods/m49/m49.htm"/>
      <code value="001"/>
    </coding>
  </jurisdiction>
  <compose>
    <include>
      <system value="http://snomed.info/sct"/>
      <concept>
        <code value="1031000172108"/>
        <display value="COVID-19 mRNA vaccine (BNT162b2) of Pfizer-BioNTech"/>
      </concept>
      <concept>
        <code value="10871000172106"/>
        <display value="COVID-19 mRNA vaccine (mRNA-1273) of Moderna"/>
      </concept>
      <concept>
        <code value="10891000172107"/>
        <display value="COVID-19 viral vector vaccine (AZD1222 (ChAdOx1-S recombinant)) of AstraZeneca, Oxford"/>
      </concept>
      <concept>
        <code value="10901000172106"/>
        <display value="COVID-19 viral vector vaccine (JNJ-78436735( Ad26.COV2-S recombinant)) of Johnson and Johnson, Janssens"/>
      </concept>
      <concept>
        <code value="125071000220108"/>
        <display value="COVID-19 mRNA Vaccine Pfizer-BioNTech 10 micrograms/dose concentrate for dispersion for injection"/>
      </concept>
      <concept>
        <code value="125081000220106"/>
        <display value="COVID-19 mRNA Vaccine Ready to Use Pfizer-BioNTech 30 micrograms/ 0.3 milliliter dose dispersion for injection"/>
      </concept>
      <concept>
        <code value="125091000220109"/>
        <display value="COVID-19 mRNA Ready to Use Adapted BA.1 Vaccine Pfizer-BioNTech 15 / 15 micrograms/ 0.3 milliliter dose dispersion for injection"/>
      </concept>
      <concept>
        <code value="125101000220104"/>
        <display value="COVID-19 mRNA Ready to Use Adapted BA.4 and BA.5 Vaccine Pfizer-BioNTech 15 / 15 micrograms/ 0.3 milliliter dose dispersion for injection"/>
      </concept>
      <concept>
        <code value="125111000220101"/>
        <display value="COVID-19 mRNA Adapted BA.1 Vaccine Moderna (50 micrograms/50 micrograms) / milliliter dispersion for injection"/>
      </concept>
      <concept>
        <code value="125121000220108"/>
        <display value="COVID-19 mRNA Adapted BA.4 nd BA.5 Vaccine Moderna (50 micrograms/50 micrograms) / milliliter dispersion for injection"/>
      </concept>
      <concept>
        <code value="1401000220108"/>
        <display value="COVID-19 Vaccine AstraZeneca 5 x10,000,000,000 viral particles/per 0.5ml dose for injection multidose vials"/>
      </concept>
      <concept>
        <code value="1411000220106"/>
        <display value="COVID-19 mRNA Vaccine Pfizer-BioNTech 30 micrograms per 0.3ml dose concentrate for suspension for injection multidose vials"/>
      </concept>
      <concept>
        <code value="1421000220104"/>
        <display value="COVID-19 mRNA Vaccine Moderna 0.1mg per 0.5mL dose dispersion for injection multidose vials"/>
      </concept>
      <concept>
        <code value="28571000087109"/>
        <display value="COVID-19 SPIKEVAX 0.20 mg/mL mRNA Mod"/>
      </concept>
      <concept>
        <code value="28581000087106"/>
        <display value="COVID-19 COMIRNATY 30 mcg/0.3 ml mRNA PB"/>
      </concept>
      <concept>
        <code value="28761000087108"/>
        <display value="COVID-19 VAXZEVRIA AZC"/>
      </concept>
      <concept>
        <code value="28951000087107"/>
        <display value="COVID-19 JANSSEN COVID-19 VACCINE Jan"/>
      </concept>
      <concept>
        <code value="28961000087105"/>
        <display value="COVID-19 COVISHIELD VP"/>
      </concept>
      <concept>
        <code value="29171000087106"/>
        <display value="COVID-19 NUVAXOVID NOV"/>
      </concept>
      <concept>
        <code value="30151000087105"/>
        <display value="COVID-19 COVIFENZ VLP MED"/>
      </concept>
      <concept>
        <code value="31301000087101"/>
        <display value="COVID-19 SINOPHARM-BIBP"/>
      </concept>
      <concept>
        <code value="31311000087104"/>
        <display value="COVID-19 CoronaVac"/>
      </concept>
      <concept>
        <code value="31341000087103"/>
        <display value="COVID-19 Sputnik V"/>
      </concept>
      <concept>
        <code value="31431000087100"/>
        <display value="COVID-19 Convidecia"/>
      </concept>
      <concept>
        <code value="33201000087108"/>
        <display value="COVID-19 SINOPHARM-WIBP"/>
      </concept>
      <concept>
        <code value="33211000087105"/>
        <display value="COVID-19 COVAXIN"/>
      </concept>
      <concept>
        <code value="33221000087102"/>
        <display value="COVID-19 mRNA CureVac"/>
      </concept>
      <concept>
        <code value="33361000087101"/>
        <display value="COVID-19 COMIRNATY pediatric 10 mcg/0.2 ml mRNA PB"/>
      </concept>
      <concept>
        <code value="33391000087109"/>
        <display value="COVID-19 Abdala"/>
      </concept>
      <concept>
        <code value="33401000087107"/>
        <display value="COVID-19 COVIran Barekat"/>
      </concept>
      <concept>
        <code value="33411000087109"/>
        <display value="COVID-19 CoviVac"/>
      </concept>
      <concept>
        <code value="33421000087101"/>
        <display value="COVID-19 EpiVacCorona"/>
      </concept>
      <concept>
        <code value="33431000087104"/>
        <display value="COVID-19 KCONVAC"/>
      </concept>
      <concept>
        <code value="33441000087105"/>
        <display value="COVID-19 Medgen-Dynavax-NIAID"/>
      </concept>
      <concept>
        <code value="33451000087108"/>
        <display value="COVID-19 QazCovid-in"/>
      </concept>
      <concept>
        <code value="33461000087106"/>
        <display value="COVID-19 Sputnik Light"/>
      </concept>
      <concept>
        <code value="33471000087102"/>
        <display value="COVID-19 ZIFIVAX"/>
      </concept>
      <concept>
        <code value="33581000087104"/>
        <display value="COVID-19 pediatric mRNA unspecified"/>
      </concept>
      <concept>
        <code value="33881000087102"/>
        <display value="COVID-19 COMIRNATY tris-sucrose 30 mcg/0.3 ml mRNA PB"/>
      </concept>
      <concept>
        <code value="34591000087100"/>
        <display value="COVID-19 Soberana 02"/>
      </concept>
      <concept>
        <code value="34601000087108"/>
        <display value="COVID-19 SpikoGen"/>
      </concept>
      <concept>
        <code value="34611000087105"/>
        <display value="COVID-19 COMIRNATY pediatric 3 mcg/0.2 ml mRNA PB"/>
      </concept>
      <concept>
        <code value="34921000087108"/>
        <display value="COVID-19 COVOVAX"/>
      </concept>
      <concept>
        <code value="35651000087105"/>
        <display value="COVID-19 SPIKEVAX 0.10 mg/mL mRNA Mod"/>
      </concept>
      <concept>
        <code value="37311000087109"/>
        <display value="COVID-19 SPIKEVAX Bivalent (Original / Omicron BA.1) 0.10 mg/mL mRNA Mod"/>
      </concept>
      <concept>
        <code value="37651000087101"/>
        <display value="COVID-19 SPIKEVAX Bivalent (Original / Omicron BA.4/BA.5) 0.10 mg/mL mRNA Mod"/>
      </concept>
      <concept>
        <code value="384671000221101"/>
        <display value="SINOPHARM - BIBP vacuna COVID-19 [SARS-COV-2 (cÃ©lulas Vero) inactivado 1 dosis/0,5 ml] suspensiÃ³n inyectable, vial de 0,5 ml (1 dosis), Sinopharm - Beijing Institute"/>
      </concept>
      <concept>
        <code value="399651000221108"/>
        <display value="vacuna COVID-19 virus entero inactivado 1 dosis/0,5 ml, suspensiÃ³n inyectable, vial de 0,5 ml (1 dosis)"/>
      </concept>
      <concept>
        <code value="399661000221105"/>
        <display value="vacuna COVID-19 vector no replicante adenovirus de chimpancÃ© 1 dosis/0,5 ml, soluciÃ³n inyectable, vial de 5 ml (10 dosis)"/>
      </concept>
      <concept>
        <code value="399681000221103"/>
        <display value="vacuna COVID-19 vector no replicante Adenovirus humano 5 1 dosis/0,5 ml, soluciÃ³n inyectable, vial de 3 ml (5 dosis)"/>
      </concept>
      <concept>
        <code value="399691000221100"/>
        <display value="vacuna COVID-19 vector no replicante Adenovirus humano 26 1 dosis/0,5 ml, soluciÃ³n inyectable, vial de 3 ml (5 dosis)"/>
      </concept>
      <concept>
        <code value="399701000221100"/>
        <display value="vacuna COVID-19 vector no replicante Adenovirus humano 26 1 dosis/0,5 ml, suspensiÃ³n inyectable, vial de 3 ml (5 dosis)"/>
      </concept>
      <concept>
        <code value="399771000221108"/>
        <display value="COVISHIELD vacuna COVID-19 [ChAdOx1 SARS-CoV-2 S 1 dosis/0,5 ml] soluciÃ³n inyectable, vial de 5 ml (10 dosis), Serum Institute of India"/>
      </concept>
      <concept>
        <code value="399781000221106"/>
        <display value="VAXZEVRIA vacuna COVID-19 [ChAdOx1 SARS-CoV-2 S 1 dosis/0,5 ml] soluciÃ³n inyectable, vial de 5 ml (10 dosis), Astrazeneca"/>
      </concept>
      <concept>
        <code value="399801000221105"/>
        <display value="SPUTNIK V vacuna COVID-19 componente I [rAd 26 SARS-CoV-2 S 1 dosis/0,5 ml] soluciÃ³n inyectable, vial de 3 ml (5 dosis), Instituto Gamaleya"/>
      </concept>
      <concept>
        <code value="399811000221108"/>
        <display value="SPUTNIK V vacuna COVID-19 componente II [rAd 5 SARS-CoV-2 S 1 dosis/0,5 ml] soluciÃ³n inyectable, vial de 3 ml (5 dosis), Instituto Gamaleya"/>
      </concept>
      <concept>
        <code value="399821000221103"/>
        <display value="JANSSEN vacuna COVID-19 [rAd 26 SARS-CoV-2 S 1 dosis/0,5 ml] suspensiÃ³n inyectable, vial de 3 ml (5 dosis), Janssen"/>
      </concept>
      <concept>
        <code value="399861000221106"/>
        <display value="vacuna COVID-19 ARNm 100 mcg/ml, suspensiÃ³n inyectable, vial de 5,5 ml (10 dosis de 0,5 ml)"/>
      </concept>
      <concept>
        <code value="399871000221102"/>
        <display value="vacuna COVID-19 ARNm 100 mcg/ml, suspensiÃ³n inyectable, vial de 7,5 ml (15 dosis de 0,5 ml)"/>
      </concept>
      <concept>
        <code value="399881000221104"/>
        <display value="vacuna COVID-19 ARNm 30 mcg/0,3 ml, suspensiÃ³n inyectable, vial de 0,45 ml (6 dosis de 0,3 ml luego de diluciÃ³n)"/>
      </concept>
      <concept>
        <code value="399891000221101"/>
        <display value="SPIKEVAX vacuna COVID-19 [SARS-CoV-2 S ARNm 100 mcg/0,5 ml] suspensiÃ³n inyectable, vial de 5.5 ml (10 dosis), Moderna"/>
      </concept>
      <concept>
        <code value="399901000221102"/>
        <display value="SPIKEVAX vacuna COVID-19 [SARS-CoV-2 S ARNm 100 mcg/0,5 ml] suspensiÃ³n inyectable, vial de 7,5 ml (15 dosis de 0,5 ml), Moderna"/>
      </concept>
      <concept>
        <code value="399911000221104"/>
        <display value="COMIRNATY vacuna COVID-19 [SARS-CoV-2 S ARNm 30 mcg/0,3 ml] suspensiÃ³n inyectable, vial de 0,45 ml (6 dosis de 0,3 ml luego de diluciÃ³n), Pfizer"/>
      </concept>
      <concept>
        <code value="424531000221101"/>
        <display value="vacuna COVID-19 virus entero inactivado 1 dosis/0,5 ml, suspensiÃ³n inyectable"/>
      </concept>
      <concept>
        <code value="424541000221108"/>
        <display value="vacuna COVID-19 virus entero inactivado 1 dosis/0,5 ml, suspensiÃ³n inyectable, vial de 1 ml (2 dosis)"/>
      </concept>
      <concept>
        <code value="424551000221105"/>
        <display value="SINOPHARM - BIBP vacuna COVID-19 [SARS-COV-2 (cÃ©lulas Vero) inactivado 1 dosis/0,5 ml] suspensiÃ³n inyectable, vial de 1 ml (2 dosis), Sinopharm - Beijing Institute"/>
      </concept>
      <concept>
        <code value="424561000221107"/>
        <display value="vacuna COVID-19 vector no replicante adenovirus de chimpancÃ© 1 dosis/0,5 ml, soluciÃ³n inyectable"/>
      </concept>
      <concept>
        <code value="424571000221103"/>
        <display value="VAXZEVRIA vacuna COVID-19 vector viral no replicante"/>
      </concept>
      <concept>
        <code value="424581000221100"/>
        <display value="COVISHIELD vacuna COVID-19 vector viral no replicante"/>
      </concept>
      <concept>
        <code value="424591000221102"/>
        <display value="JANSSEN vacuna COVID-19 vector viral no replicante"/>
      </concept>
      <concept>
        <code value="424601000221107"/>
        <display value="vacuna COVID-19 vector no replicante Adenovirus humano 26 1 dosis/0,5 ml, suspensiÃ³n inyectable"/>
      </concept>
      <concept>
        <code value="424611000221105"/>
        <display value="vacuna COVID-19 vector no replicante Adenovirus humano 26 1 dosis/0,5 ml, soluciÃ³n inyectable, vial de 0,5 ml (1 dosis)"/>
      </concept>
      <concept>
        <code value="424621000221100"/>
        <display value="vacuna COVID-19 vector no replicante Adenovirus humano 26 1 dosis/0,5 ml, soluciÃ³n inyectable, vial de 1 ml (2 dosis)"/>
      </concept>
      <concept>
        <code value="424631000221102"/>
        <display value="vacuna COVID-19 vector no replicante Adenovirus humano 26 1 dosis/0,5 ml, soluciÃ³n inyectable"/>
      </concept>
      <concept>
        <code value="424641000221109"/>
        <display value="SPUTNIK V vacuna COVID-19 componente I [rAd 26 SARS-CoV-2 S 1 dosis/0,5 ml] soluciÃ³n inyectable, vial de 0,5 ml (1 dosis), Instituto Gamaleya"/>
      </concept>
      <concept>
        <code value="424651000221106"/>
        <display value="SPUTNIK V vacuna COVID-19 componente I [rAd 26 SARS-CoV-2 S 1 dosis/0,5 ml] soluciÃ³n inyectable, vial de 1 ml (2 dosis), Instituto Gamaleya"/>
      </concept>
      <concept>
        <code value="424661000221108"/>
        <display value="SPUTNIK V vacuna COVID-19 componente II [rAd 5 SARS-CoV-2 S 1 dosis/0,5 ml] soluciÃ³n inyectable, vial de 1 ml (2 dosis), Instituto Gamaleya"/>
      </concept>
      <concept>
        <code value="424671000221104"/>
        <display value="SPUTNIK V vacuna COVID-19 componente II [rAd 5 SARS-CoV-2 S 1 dosis/0,5 ml] soluciÃ³n inyectable, vial de 0,5 ml (1 dosis), Instituto Gamaleya"/>
      </concept>
      <concept>
        <code value="424681000221101"/>
        <display value="vacuna COVID-19 vector no replicante Adenovirus humano 5 1 dosis/0,5 ml, soluciÃ³n inyectable, vial de 1 ml (2 dosis)"/>
      </concept>
      <concept>
        <code value="424691000221103"/>
        <display value="vacuna COVID-19 vector no replicante Adenovirus humano 5 1 dosis/0,5 ml, soluciÃ³n inyectable, vial de 0,5 ml (1 dosis)"/>
      </concept>
      <concept>
        <code value="424701000221103"/>
        <display value="vacuna COVID-19 vector no replicante Adenovirus humano 5 1 dosis/0,5 ml, soluciÃ³n inyectable"/>
      </concept>
      <concept>
        <code value="424711000221100"/>
        <display value="SPUTNIK V vacuna COVID-19 vector viral no replicante"/>
      </concept>
      <concept>
        <code value="424721000221105"/>
        <display value="vacuna COVID-19 ARNm 100 mcg/0,5 ml, suspensiÃ³n inyectable"/>
      </concept>
      <concept>
        <code value="424731000221108"/>
        <display value="SPIKEVAX vacuna COVID-19 ARNm"/>
      </concept>
      <concept>
        <code value="424741000221101"/>
        <display value="vacuna COVID-19 ARNm 30 mcg/0,3 ml, suspensiÃ³n inyectable"/>
      </concept>
      <concept>
        <code value="424751000221104"/>
        <display value="COMIRNATY vacuna COVID-19 ARNm"/>
      </concept>
      <concept>
        <code value="424781000221109"/>
        <display value="CONVIDECIA vacuna COVID-19 [rAd 5 SARS-CoV-2 S 1 dosis/0,5 ml] soluciÃ³n inyectable, vial de 0,5 ml, (1 dosis), Cansino"/>
      </concept>
      <concept>
        <code value="424791000221107"/>
        <display value="CONVIDECIA vacuna COVID-19 [rAd 5 SARS-CoV-2 S 1 dosis/0,5 ml] soluciÃ³n inyectable, vial de 1,5 ml (3 dosis), Cansino"/>
      </concept>
      <concept>
        <code value="424801000221108"/>
        <display value="vacuna COVID-19 vector no replicante Adenovirus humano 5 1 dosis/0,5 ml, soluciÃ³n inyectable, vial de 1,5 ml (3 dosis)"/>
      </concept>
      <concept>
        <code value="424821000221101"/>
        <display value="SPUTNIK LIGTH vacuna COVID-19 vector viral no replicante"/>
      </concept>
      <concept>
        <code value="424831000221103"/>
        <display value="NOVAVAX vacuna COVID-19 proteÃ­na de espiga recombinante"/>
      </concept>
      <concept>
        <code value="424971000221108"/>
        <display value="ZYDUS CADILA vacuna COVID-19 ADN"/>
      </concept>
      <concept>
        <code value="425001000221100"/>
        <display value="SPUTNIK V componente I vacuna COVID-19 vector viral no replicante rAd 26"/>
      </concept>
      <concept>
        <code value="425011000221102"/>
        <display value="SPUTNIK V componente II vacuna COVID-19 vector viral no replicante rAd 5"/>
      </concept>
      <concept>
        <code value="425031000221105"/>
        <display value="VAXZEVRIA vacuna COVID-19 [ChAdOx1 SARS-CoV-2 S 1 dosis/0,5 ml] soluciÃ³n inyectable, vial de 4 ml (8 dosis), Astrazeneca"/>
      </concept>
      <concept>
        <code value="425051000221101"/>
        <display value="vacuna que contiene vector adenovirus de chimpancÃ© no replicante que codifica proteÃ­na de espiga de SARS-CoV-2 1 dosis/0,5 ml, soluciÃ³n inyectable, vial de 4 ml (8 dosis)"/>
      </concept>
      <concept>
        <code value="62051000220105"/>
        <display value="Janssen COVID-19 Vaccine 0.5 millilitre suspension injection Janssen Inc"/>
      </concept>
    </include>
  </compose>
</ValueSet>