<?xml version="1.0" encoding="UTF-8"?>

<CodeSystem xmlns="http://hl7.org/fhir">
  <id value="WHODDCCicaolabtestresult"/>
  <text>
    <status value="generated"/><div xmlns="http://www.w3.org/1999/xhtml"><p class="res-header-id"><b>Generated Narrative: CodeSystem WHODDCCicaolabtestresult</b></p><a name="WHODDCCicaolabtestresult"> </a><a name="hcWHODDCCicaolabtestresult"> </a><a name="WHODDCCicaolabtestresult-en-US"> </a><p>This case-sensitive code system <code>http://smart.who.int/ddcc/CodeSystem/WHODDCCicaolabtestresult</code> defines the following codes:</p><table class="codes"><tr><td style="white-space:nowrap"><b>Code</b></td><td><b>Display</b></td></tr><tr><td style="white-space:nowrap">normal<a name="WHODDCCicaolabtestresult-normal"> </a></td><td>Normal</td></tr><tr><td style="white-space:nowrap">abnormal<a name="WHODDCCicaolabtestresult-abnormal"> </a></td><td>Abnormal</td></tr><tr><td style="white-space:nowrap">positive<a name="WHODDCCicaolabtestresult-positive"> </a></td><td>Positive</td></tr><tr><td style="white-space:nowrap">negative<a name="WHODDCCicaolabtestresult-negative"> </a></td><td>Negative</td></tr></table></div>
  </text>
  <url value="http://smart.who.int/ddcc/CodeSystem/WHODDCCicaolabtestresult"/>
  <version value="1.0.0"/>
  <name value="WHODDCCicaolabtestresult"/>
  <title value="ICAO lab test result codes used in this IG"/>
  <status value="draft"/>
  <experimental value="true"/>
  <date value="2024-10-15T08:52:41+00:00"/>
  <publisher value="WHO"/>
  <contact>
    <name value="WHO"/>
    <telecom>
      <system value="url"/>
      <value value="http://who.int"/>
    </telecom>
  </contact>
  <description value="All ICAO lab test result codes from its internally defined code system used in this IG. Provided so the FHIR server can perform expansions."/>
  <jurisdiction>
    <coding>
      <system value="http://unstats.un.org/unsd/methods/m49/m49.htm"/>
      <code value="001"/>
    </coding>
  </jurisdiction>
  <caseSensitive value="true"/>
  <content value="complete"/>
  <count value="4"/>
  <concept>
    <code value="normal"/>
    <display value="Normal"/>
  </concept>
  <concept>
    <code value="abnormal"/>
    <display value="Abnormal"/>
  </concept>
  <concept>
    <code value="positive"/>
    <display value="Positive"/>
  </concept>
  <concept>
    <code value="negative"/>
    <display value="Negative"/>
  </concept>
</CodeSystem>