<?xml version="1.0" encoding="UTF-8"?><CodeSystem xmlns="http://hl7.org/fhir"><id value="DDCCFolderDesignationTypeCodesystem"/><text><status value="generated"/><div xmlns="http://www.w3.org/1999/xhtml"><p class="res-header-id"><b>Generated Narrative: CodeSystem DDCCFolderDesignationTypeCodesystem</b></p><a name="DDCCFolderDesignationTypeCodesystem"> </a><a name="hcDDCCFolderDesignationTypeCodesystem"> </a><a name="DDCCFolderDesignationTypeCodesystem-en-US"> </a><p>This case-sensitive code system <code>http://smart.who.int/ddcc/CodeSystem/DDCCFolderDesignationTypeCodesystem</code> defines the following code:</p><table class="codes"><tr><td style="white-space:nowrap"><b>Code</b></td><td><b>Display</b></td></tr><tr><td style="white-space:nowrap">ddcc<a name="DDCCFolderDesignationTypeCodesystem-ddcc"> </a></td><td>DDCC</td></tr></table></div></text><url value="http://smart.who.int/ddcc/CodeSystem/DDCCFolderDesignationTypeCodesystem"/><version value="1.0.0"/><name value="DDCCFolderDesignationTypeCodesystem"/><title value="DDCC Designation Types for Folder"/><status value="draft"/><experimental value="false"/><date value="2024-10-17T06:51:23+00:00"/><publisher value="WHO"/><contact><name value="WHO"/><telecom><system value="url"/><value value="http://who.int"/></telecom></contact><description value="DDCC Designation Types to use for DDCC Folders."/><jurisdiction><coding><system value="http://unstats.un.org/unsd/methods/m49/m49.htm"/><code value="001"/></coding></jurisdiction><caseSensitive value="true"/><content value="complete"/><count value="1"/><concept><code value="ddcc"/><display value="DDCC"/></concept></CodeSystem>