<?xml version="1.0" encoding="UTF-8"?><ValueSet xmlns="http://hl7.org/fhir"><id value="WHODDCCSampleOriginCOVID19"/><text><status value="generated"/><div xmlns="http://www.w3.org/1999/xhtml"><p class="res-header-id"><b>Generated Narrative: ValueSet WHODDCCSampleOriginCOVID19</b></p><a name="WHODDCCSampleOriginCOVID19"> </a><a name="hcWHODDCCSampleOriginCOVID19"> </a><a name="WHODDCCSampleOriginCOVID19-en-US"> </a><ul><li>Include these codes as defined in <code>http://id.who.int/icd11/mms</code><table class="none"><tr><td style="white-space:nowrap"><b>Code</b></td><td><b>Display</b></td></tr><tr><td>JAM.AH.XF</td><td>Nasopharyngeal swab</td></tr><tr><td>KAR.AH.XF</td><td>Oropharyngeal swab</td></tr><tr><td>JAE.AH.XF</td><td>Swab from nasal sinus</td></tr><tr><td>KAZ.AH.XD</td><td>Saliva specimen</td></tr><tr><td>DIA.AH.XA</td><td>Blood specimen</td></tr></table></li></ul></div></text><url value="http://smart.who.int/ddcc/ValueSet/WHODDCCSampleOriginCOVID19"/><version value="1.0.0"/><name value="WHODDCCSampleOriginCOVID19"/><title value="WHO Speciman Sample Origin (COVID-19)"/><status value="draft"/><date value="2024-10-15T09:19:12+00:00"/><publisher value="WHO"/><contact><name value="WHO"/><telecom><system value="url"/><value value="http://who.int"/></telecom></contact><description value="WHO Speciman Sample Origin List (COVID-19)"/><jurisdiction><coding><system value="http://unstats.un.org/unsd/methods/m49/m49.htm"/><code value="001"/></coding></jurisdiction><compose><include><system value="http://id.who.int/icd11/mms"/><concept><code value="JAM.AH.XF"/><display value="Nasopharyngeal swab"/></concept><concept><code value="KAR.AH.XF"/><display value="Oropharyngeal swab"/></concept><concept><code value="JAE.AH.XF"/><display value="Swab from nasal sinus"/></concept><concept><code value="KAZ.AH.XD"/><display value="Saliva specimen"/></concept><concept><code value="DIA.AH.XA"/><display value="Blood specimen"/></concept></include></compose></ValueSet>