<?xml version="1.0" encoding="UTF-8"?><ValueSet xmlns="http://hl7.org/fhir"><id value="DIVOCValueSet"/><text><status value="generated"/><div xmlns="http://www.w3.org/1999/xhtml"><p class="res-header-id"><b>Generated Narrative: ValueSet DIVOCValueSet</b></p><a name="DIVOCValueSet"> </a><a name="hcDIVOCValueSet"> </a><a name="DIVOCValueSet-en-US"> </a><ul><li>Include all codes defined in <a href="CodeSystem-DIVOCCodeSystem.html"><code>http://smart.who.int/ddcc/CodeSystem/DIVOCCodeSystem</code></a></li></ul></div></text><url value="http://smart.who.int/ddcc/ValueSet/DIVOCValueSet"/><version value="1.0.0"/><name value="DIVOCValueSet"/><title value="COVID-19 Vaccine Codes for DIVOC"/><status value="draft"/><date value="2024-10-15T09:19:12+00:00"/><publisher value="WHO"/><contact><name value="WHO"/><telecom><system value="url"/><value value="http://who.int"/></telecom></contact><description value="COVID-19 Vaccine codes for DIVOC so the FHIR server can perform expansions."/><jurisdiction><coding><system value="http://unstats.un.org/unsd/methods/m49/m49.htm"/><code value="001"/></coding></jurisdiction><compose><include><system value="http://smart.who.int/ddcc/CodeSystem/DIVOCCodeSystem"/></include></compose></ValueSet>