<?xml version="1.0" encoding="UTF-8"?><ValueSet xmlns="http://hl7.org/fhir"><id value="VaccineCovid19CvxValueSet"/><text><status value="generated"/><div xmlns="http://www.w3.org/1999/xhtml"><p class="res-header-id"><b>Generated Narrative: ValueSet VaccineCovid19CvxValueSet</b></p><a name="VaccineCovid19CvxValueSet"> </a><a name="hcVaccineCovid19CvxValueSet"> </a><a name="VaccineCovid19CvxValueSet-en-US"> </a><ul><li>Include these codes as defined in <a href="CodeSystem-WHODDCCcvx.html"><code>http://hl7.org/fhir/sid/cvx</code></a><table class="none"><tr><td style="white-space:nowrap"><b>Code</b></td><td><b>Display</b></td></tr><tr><td><a href="CodeSystem-WHODDCCcvx.html#WHODDCCcvx-207">207</a></td><td>COVID-19, mRNA, LNP-S, PF, 100 mcg/0.5mL dose or 50 mcg/0.25mL dose</td></tr><tr><td><a href="CodeSystem-WHODDCCcvx.html#WHODDCCcvx-208">208</a></td><td>COVID-19, mRNA, LNP-S, PF, 30 mcg/0.3 mL dose</td></tr><tr><td><a href="CodeSystem-WHODDCCcvx.html#WHODDCCcvx-210">210</a></td><td>COVID-19 vaccine, vector-nr, rS-ChAdOx1, PF, 0.5 mL </td></tr><tr><td><a href="CodeSystem-WHODDCCcvx.html#WHODDCCcvx-211">211</a></td><td>COVID-19, subunit, rS-nanoparticle+Matrix-M1 Adjuvant, PF, 0.5 mL</td></tr><tr><td><a href="CodeSystem-WHODDCCcvx.html#WHODDCCcvx-212">212</a></td><td>COVID-19 vaccine, vector-nr, rS-Ad26, PF, 0.5 mL</td></tr><tr><td><a href="CodeSystem-WHODDCCcvx.html#WHODDCCcvx-213">213</a></td><td>SARS-COV-2 (COVID-19) vaccine, UNSPECIFIED</td></tr><tr><td><a href="CodeSystem-WHODDCCcvx.html#WHODDCCcvx-217">217</a></td><td>COVID-19, mRNA, LNP-S, PF, 30 mcg/0.3 mL dose, tris-sucrose</td></tr><tr><td><a href="CodeSystem-WHODDCCcvx.html#WHODDCCcvx-218">218</a></td><td>COVID-19, mRNA, LNP-S, PF, 10 mcg/0.2 mL dose, tris-sucrose</td></tr><tr><td><a href="CodeSystem-WHODDCCcvx.html#WHODDCCcvx-219">219</a></td><td>COVID-19, mRNA, LNP-S, PF, 3 mcg/0.2 mL dose, tris-sucrose</td></tr><tr><td><a href="CodeSystem-WHODDCCcvx.html#WHODDCCcvx-221">221</a></td><td>COVID-19, mRNA, LNP-S, PF, 50 mcg/0.5 mL dose</td></tr><tr><td><a href="CodeSystem-WHODDCCcvx.html#WHODDCCcvx-225">225</a></td><td>COVID-19, D614, recomb, preS dTM, AS03 adjuvant add, PF, 5mcg/0.5mL</td></tr><tr><td><a href="CodeSystem-WHODDCCcvx.html#WHODDCCcvx-226">226</a></td><td>COVID-19, D614, recomb, preS dTM, AS03 adjuvant add, PF, 10mcg/0.5mL</td></tr><tr><td><a href="CodeSystem-WHODDCCcvx.html#WHODDCCcvx-227">227</a></td><td>COVID-19, mRNA, LNP-S, PF, pediatric 50 mcg/0.5 mL dose</td></tr><tr><td><a href="CodeSystem-WHODDCCcvx.html#WHODDCCcvx-228">228</a></td><td>COVID-19, mRNA, LNP-S, PF, pediatric 25 mcg/0.25 mL dose</td></tr><tr><td><a href="CodeSystem-WHODDCCcvx.html#WHODDCCcvx-229">229</a></td><td>COVID-19, mRNA, LNP-S, bivalent booster, PF, 50 mcg/0.5 mL or 25mcg/0.25 mL dose</td></tr><tr><td><a href="CodeSystem-WHODDCCcvx.html#WHODDCCcvx-230">230</a></td><td>COVID-19, mRNA, LNP-S, bivalent booster, PF, 10 mcg/0.2 mL</td></tr><tr><td><a href="CodeSystem-WHODDCCcvx.html#WHODDCCcvx-300">300</a></td><td>COVID-19, mRNA, LNP-S, bivalent booster, PF, 30 mcg/0.3 mL dose</td></tr><tr><td><a href="CodeSystem-WHODDCCcvx.html#WHODDCCcvx-301">301</a></td><td>COVID-19, mRNA, LNP-S, bivalent booster, PF, 10 mcg/0.2 mL dose</td></tr><tr><td><a href="CodeSystem-WHODDCCcvx.html#WHODDCCcvx-302">302</a></td><td>COVID-19, mRNA, LNP-S, bivalent, PF, 3 mcg/0.2 mL dose</td></tr><tr><td><a href="CodeSystem-WHODDCCcvx.html#WHODDCCcvx-500">500</a></td><td>COVID-19 Non-US Vaccine, Product Unknown</td></tr><tr><td><a href="CodeSystem-WHODDCCcvx.html#WHODDCCcvx-501">501</a></td><td>COVID-19 IV Non-US Vaccine (QAZCOVID-IN)</td></tr><tr><td><a href="CodeSystem-WHODDCCcvx.html#WHODDCCcvx-502">502</a></td><td>COVID-19 IV Non-US Vaccine (COVAXIN)</td></tr><tr><td><a href="CodeSystem-WHODDCCcvx.html#WHODDCCcvx-503">503</a></td><td>COVID-19 LAV Non-US Vaccine (COVIVAC)</td></tr><tr><td><a href="CodeSystem-WHODDCCcvx.html#WHODDCCcvx-504">504</a></td><td>COVID-19 VVnr Non-US Vaccine (Sputnik Light)</td></tr><tr><td><a href="CodeSystem-WHODDCCcvx.html#WHODDCCcvx-505">505</a></td><td>COVID-19 VVnr Non-US Vaccine (Sputnik V)</td></tr><tr><td><a href="CodeSystem-WHODDCCcvx.html#WHODDCCcvx-506">506</a></td><td>COVID-19 VVnr Non-US Vaccine (CanSino Biological Inc./Beijing Institute of Biotechnology)</td></tr><tr><td><a href="CodeSystem-WHODDCCcvx.html#WHODDCCcvx-507">507</a></td><td>COVID-19 PS Non-US Vaccine (Anhui Zhifei Longcom Biopharm + Inst of Micro, Chinese Acad of Sciences)</td></tr><tr><td><a href="CodeSystem-WHODDCCcvx.html#WHODDCCcvx-508">508</a></td><td>COVID-19 PS Non-US Vaccine (Jiangsu Province Centers for Disease Control and Prevention)</td></tr><tr><td><a href="CodeSystem-WHODDCCcvx.html#WHODDCCcvx-509">509</a></td><td>COVID-19 PS Non-US Vaccine (EpiVacCorona)</td></tr><tr><td><a href="CodeSystem-WHODDCCcvx.html#WHODDCCcvx-510">510</a></td><td>COVID-19 IV Non-US Vaccine (BIBP, Sinopharm)</td></tr><tr><td><a href="CodeSystem-WHODDCCcvx.html#WHODDCCcvx-511">511</a></td><td>COVID-19 IV Non-US Vaccine (CoronaVac, Sinovac)</td></tr><tr><td><a href="CodeSystem-WHODDCCcvx.html#WHODDCCcvx-512">512</a></td><td>SARS-COV-2 COVID-19 VLP Non-US Vaccine (Medicago, Covifenz)</td></tr><tr><td><a href="CodeSystem-WHODDCCcvx.html#WHODDCCcvx-513">513</a></td><td>SARS-COV-2 COVID-19 PS Non-US Vaccine (Anhui Zhifei Longcom, Zifivax)</td></tr><tr><td><a href="CodeSystem-WHODDCCcvx.html#WHODDCCcvx-514">514</a></td><td>SARS-COV-2 COVID-19 DNA Non-US Vaccine (Zydus Cadila, ZyCoV-D)</td></tr><tr><td><a href="CodeSystem-WHODDCCcvx.html#WHODDCCcvx-515">515</a></td><td>SARS-COV-2 COVID-19 PS Non-US Vaccine (Medigen, MVC-COV1901)</td></tr><tr><td><a href="CodeSystem-WHODDCCcvx.html#WHODDCCcvx-516">516</a></td><td>COV-2 COVID-19 Inactivated Non-US Vaccine Product (Minhai Biotechnology Co, KCONVAC)</td></tr><tr><td><a href="CodeSystem-WHODDCCcvx.html#WHODDCCcvx-517">517</a></td><td>SARS-COV-2 COVID-19 PS Non-US Vaccine (Biological E Limited, Corbevax)</td></tr><tr><td><a href="CodeSystem-WHODDCCcvx.html#WHODDCCcvx-518">518</a></td><td>COVID-19 Inactivated, Non-US Vaccine (VLA2001, Valneva)</td></tr><tr><td><a href="CodeSystem-WHODDCCcvx.html#WHODDCCcvx-519">519</a></td><td>COVID-19 mRNA, bivalent, original/Omicron BA.1, Non-US Vaccine (Spikevax Bivalent), Moderna</td></tr><tr><td><a href="CodeSystem-WHODDCCcvx.html#WHODDCCcvx-520">520</a></td><td>COVID-19 mRNA, bivalent, original/Omicron BA.1, Non-US Vaccine Product, Pfizer-BioNTech</td></tr></table></li></ul></div></text><url value="http://smart.who.int/ddcc/ValueSet/VaccineCovid19CvxValueSet"/><version value="1.0.0"/><name value="VaccineCovid19CvxValueSet"/><title value="Vaccine - COVID-19 - CVX"/><status value="draft"/><experimental value="true"/><date value="2024-10-17T06:51:23+00:00"/><publisher value="WHO"/><contact><name value="WHO"/><telecom><system value="url"/><value value="http://who.int"/></telecom></contact><description value="This is a one-time snapshot of the allowed CVX codes for vaccines, retrieved in February 2023. Contents may need to be updated and readers should consult the credential documentation, found here http://hl7.org/fhir/uv/shc-vaccination/2021Sep/ValueSet-vaccine-cvx.html. More information on the CVX value set can be found here, &lt;https://www2a.cdc.gov/vaccines/iis/iisstandards/vaccines.asp?rpt=cvx&gt;"/><jurisdiction><coding><system value="http://unstats.un.org/unsd/methods/m49/m49.htm"/><code value="001"/></coding></jurisdiction><compose><include><system value="http://hl7.org/fhir/sid/cvx"/><concept><code value="207"/><display value="COVID-19, mRNA, LNP-S, PF, 100 mcg/0.5mL dose or 50 mcg/0.25mL dose"/></concept><concept><code value="208"/><display value="COVID-19, mRNA, LNP-S, PF, 30 mcg/0.3 mL dose"/></concept><concept><code value="210"/><display value="COVID-19 vaccine, vector-nr, rS-ChAdOx1, PF, 0.5 mL "/></concept><concept><code value="211"/><display value="COVID-19, subunit, rS-nanoparticle+Matrix-M1 Adjuvant, PF, 0.5 mL"/></concept><concept><code value="212"/><display value="COVID-19 vaccine, vector-nr, rS-Ad26, PF, 0.5 mL"/></concept><concept><code value="213"/><display value="SARS-COV-2 (COVID-19) vaccine, UNSPECIFIED"/></concept><concept><code value="217"/><display value="COVID-19, mRNA, LNP-S, PF, 30 mcg/0.3 mL dose, tris-sucrose"/></concept><concept><code value="218"/><display value="COVID-19, mRNA, LNP-S, PF, 10 mcg/0.2 mL dose, tris-sucrose"/></concept><concept><code value="219"/><display value="COVID-19, mRNA, LNP-S, PF, 3 mcg/0.2 mL dose, tris-sucrose"/></concept><concept><code value="221"/><display value="COVID-19, mRNA, LNP-S, PF, 50 mcg/0.5 mL dose"/></concept><concept><code value="225"/><display value="COVID-19, D614, recomb, preS dTM, AS03 adjuvant add, PF, 5mcg/0.5mL"/></concept><concept><code value="226"/><display value="COVID-19, D614, recomb, preS dTM, AS03 adjuvant add, PF, 10mcg/0.5mL"/></concept><concept><code value="227"/><display value="COVID-19, mRNA, LNP-S, PF, pediatric 50 mcg/0.5 mL dose"/></concept><concept><code value="228"/><display value="COVID-19, mRNA, LNP-S, PF, pediatric 25 mcg/0.25 mL dose"/></concept><concept><code value="229"/><display value="COVID-19, mRNA, LNP-S, bivalent booster, PF, 50 mcg/0.5 mL or 25mcg/0.25 mL dose"/></concept><concept><code value="230"/><display value="COVID-19, mRNA, LNP-S, bivalent booster, PF, 10 mcg/0.2 mL"/></concept><concept><code value="300"/><display value="COVID-19, mRNA, LNP-S, bivalent booster, PF, 30 mcg/0.3 mL dose"/></concept><concept><code value="301"/><display value="COVID-19, mRNA, LNP-S, bivalent booster, PF, 10 mcg/0.2 mL dose"/></concept><concept><code value="302"/><display value="COVID-19, mRNA, LNP-S, bivalent, PF, 3 mcg/0.2 mL dose"/></concept><concept><code value="500"/><display value="COVID-19 Non-US Vaccine, Product Unknown"/></concept><concept><code value="501"/><display value="COVID-19 IV Non-US Vaccine (QAZCOVID-IN)"/></concept><concept><code value="502"/><display value="COVID-19 IV Non-US Vaccine (COVAXIN)"/></concept><concept><code value="503"/><display value="COVID-19 LAV Non-US Vaccine (COVIVAC)"/></concept><concept><code value="504"/><display value="COVID-19 VVnr Non-US Vaccine (Sputnik Light)"/></concept><concept><code value="505"/><display value="COVID-19 VVnr Non-US Vaccine (Sputnik V)"/></concept><concept><code value="506"/><display value="COVID-19 VVnr Non-US Vaccine (CanSino Biological Inc./Beijing Institute of Biotechnology)"/></concept><concept><code value="507"/><display value="COVID-19 PS Non-US Vaccine (Anhui Zhifei Longcom Biopharm + Inst of Micro, Chinese Acad of Sciences)"/></concept><concept><code value="508"/><display value="COVID-19 PS Non-US Vaccine (Jiangsu Province Centers for Disease Control and Prevention)"/></concept><concept><code value="509"/><display value="COVID-19 PS Non-US Vaccine (EpiVacCorona)"/></concept><concept><code value="510"/><display value="COVID-19 IV Non-US Vaccine (BIBP, Sinopharm)"/></concept><concept><code value="511"/><display value="COVID-19 IV Non-US Vaccine (CoronaVac, Sinovac)"/></concept><concept><code value="512"/><display value="SARS-COV-2 COVID-19 VLP Non-US Vaccine (Medicago, Covifenz)"/></concept><concept><code value="513"/><display value="SARS-COV-2 COVID-19 PS Non-US Vaccine (Anhui Zhifei Longcom, Zifivax)"/></concept><concept><code value="514"/><display value="SARS-COV-2 COVID-19 DNA Non-US Vaccine (Zydus Cadila, ZyCoV-D)"/></concept><concept><code value="515"/><display value="SARS-COV-2 COVID-19 PS Non-US Vaccine (Medigen, MVC-COV1901)"/></concept><concept><code value="516"/><display value="COV-2 COVID-19 Inactivated Non-US Vaccine Product (Minhai Biotechnology Co, KCONVAC)"/></concept><concept><code value="517"/><display value="SARS-COV-2 COVID-19 PS Non-US Vaccine (Biological E Limited, Corbevax)"/></concept><concept><code value="518"/><display value="COVID-19 Inactivated, Non-US Vaccine (VLA2001, Valneva)"/></concept><concept><code value="519"/><display value="COVID-19 mRNA, bivalent, original/Omicron BA.1, Non-US Vaccine (Spikevax Bivalent), Moderna"/></concept><concept><code value="520"/><display value="COVID-19 mRNA, bivalent, original/Omicron BA.1, Non-US Vaccine Product, Pfizer-BioNTech"/></concept></include></compose></ValueSet>