<?xml version="1.0" encoding="UTF-8"?>

<ValueSet xmlns="http://hl7.org/fhir">
  <id value="LabTestPathogenDivocValueSet"/>
  <text>
    <status value="generated"/><div xmlns="http://www.w3.org/1999/xhtml"><p class="res-header-id"><b>Generated Narrative: ValueSet LabTestPathogenDivocValueSet</b></p><a name="LabTestPathogenDivocValueSet"> </a><a name="hcLabTestPathogenDivocValueSet"> </a><a name="LabTestPathogenDivocValueSet-en-US"> </a><ul><li>Include these codes as defined in <code>http://smart.who.int/ddcc/CodeSystem/LabTestPathogenDivocValueSet</code><table class="none"><tr><td style="white-space:nowrap"><b>Code</b></td><td><b>Display</b></td></tr><tr><td>COVID-19</td><td>Concerns the detection of SARS-CoV-2 infection.</td></tr><tr><td>covid-19</td><td>Concerns the detection of SARS-CoV-2 infection.</td></tr></table></li></ul></div>
  </text>
  <url value="http://smart.who.int/ddcc/ValueSet/LabTestPathogenDivocValueSet"/>
  <version value="1.0.1"/>
  <name value="LabTestPathogenDivocValueSet"/>
  <title value="Lab Test - Pathogen - DIVOC"/>
  <status value="active"/>
  <experimental value="true"/>
  <date value="2024-12-17T16:31:24+00:00"/>
  <publisher value="WHO"/>
  <contact>
    <name value="WHO"/>
    <telecom>
      <system value="url"/>
      <value value="http://who.int"/>
    </telecom>
  </contact>
  <description value="This is a one-time snapshot of the allowed values for pathogens, retrieved in February 2023. Contents may need to be updated and readers should consult the credential's documentation. Some information on DIVOC's test certificate can be found at https://github.com/egovernments/DIVOC/blob/main/test-certificate-context/test-certificate-context.js. Additional information on DIVOC can be found at &lt;https://divoc.digit.org/platform/divocs-verifiable-certificate-features&gt;"/>
  <jurisdiction>
    <coding>
      <system value="http://unstats.un.org/unsd/methods/m49/m49.htm"/>
      <code value="001"/>
    </coding>
  </jurisdiction>
  <compose>
    <include>
      <system value="http://smart.who.int/ddcc/CodeSystem/LabTestPathogenDivocValueSet"/>
      <concept>
        <code value="COVID-19"/>
        <display value="Concerns the detection of SARS-CoV-2 infection."/>
      </concept>
      <concept>
        <code value="covid-19"/>
        <display value="Concerns the detection of SARS-CoV-2 infection."/>
      </concept>
    </include>
  </compose>
</ValueSet>