<?xml version="1.0" encoding="UTF-8"?><CodeSystem xmlns="http://hl7.org/fhir"><id value="WHODDCCeuur"/><text><status value="generated"/><div xmlns="http://www.w3.org/1999/xhtml"><p class="res-header-id"><b>Generated Narrative: CodeSystem WHODDCCeuur</b></p><a name="WHODDCCeuur"> </a><a name="hcWHODDCCeuur"> </a><a name="WHODDCCeuur-en-US"> </a><p>This case-sensitive code system <code>https://ec.europa.eu/health/documents/community-register/html/</code> defines the following codes:</p><table class="codes"><tr><td style="white-space:nowrap"><b>Code</b></td><td><b>Display</b></td></tr><tr><td style="white-space:nowrap">EU/1/20/1528<a name="WHODDCCeuur-EU.471.4720.471528"> </a></td><td>Comirnaty</td></tr><tr><td style="white-space:nowrap">EU/1/20/1507<a name="WHODDCCeuur-EU.471.4720.471507"> </a></td><td>Spikevax</td></tr><tr><td style="white-space:nowrap">EU/1/21/1529<a name="WHODDCCeuur-EU.471.4721.471529"> </a></td><td>Vaxzevria</td></tr><tr><td style="white-space:nowrap">EU/1/20/1525<a name="WHODDCCeuur-EU.471.4720.471525"> </a></td><td>Jcovden</td></tr><tr><td style="white-space:nowrap">CVnCoV<a name="WHODDCCeuur-CVnCoV"> </a></td><td>CVnCoV</td></tr><tr><td style="white-space:nowrap">NVX-CoV2373<a name="WHODDCCeuur-NVX-CoV2373"> </a></td><td>NVX-CoV2373</td></tr><tr><td style="white-space:nowrap">Sputnik-V<a name="WHODDCCeuur-Sputnik-V"> </a></td><td>Sputnik V</td></tr><tr><td style="white-space:nowrap">Convidecia<a name="WHODDCCeuur-Convidecia"> </a></td><td>Convidecia</td></tr><tr><td style="white-space:nowrap">EpiVacCorona<a name="WHODDCCeuur-EpiVacCorona"> </a></td><td>EpiVacCorona</td></tr><tr><td style="white-space:nowrap">BBIBP-CorV<a name="WHODDCCeuur-BBIBP-CorV"> </a></td><td>BBIBP-CorV</td></tr><tr><td style="white-space:nowrap">Inactivated-SARS-CoV-2-Vero-Cell<a name="WHODDCCeuur-Inactivated-SARS-CoV-2-Vero-Cell"> </a></td><td>Inactivated SARS-CoV-2 (Vero Cell)</td></tr><tr><td style="white-space:nowrap">CoronaVac<a name="WHODDCCeuur-CoronaVac"> </a></td><td>CoronaVac</td></tr><tr><td style="white-space:nowrap">Covaxin<a name="WHODDCCeuur-Covaxin"> </a></td><td>Covaxin</td></tr><tr><td style="white-space:nowrap">Covishield<a name="WHODDCCeuur-Covishield"> </a></td><td>Covishield</td></tr><tr><td style="white-space:nowrap">Covid-19-recombinant<a name="WHODDCCeuur-Covid-19-recombinant"> </a></td><td>Covid-19 (recombinant)</td></tr><tr><td style="white-space:nowrap">R-COVI<a name="WHODDCCeuur-R-COVI"> </a></td><td>R-COVI</td></tr><tr><td style="white-space:nowrap">CoviVac<a name="WHODDCCeuur-CoviVac"> </a></td><td>CoviVac</td></tr><tr><td style="white-space:nowrap">Sputnik-Light<a name="WHODDCCeuur-Sputnik-Light"> </a></td><td>Sputnik Light</td></tr><tr><td style="white-space:nowrap">Hayat-Vax<a name="WHODDCCeuur-Hayat-Vax"> </a></td><td>Hayat-Vax</td></tr><tr><td style="white-space:nowrap">Abdala<a name="WHODDCCeuur-Abdala"> </a></td><td>Abdala</td></tr><tr><td style="white-space:nowrap">WIBP-CorV<a name="WHODDCCeuur-WIBP-CorV"> </a></td><td>WIBP-CorV</td></tr><tr><td style="white-space:nowrap">MVC-COV1901<a name="WHODDCCeuur-MVC-COV1901"> </a></td><td>MVC COVID-19 vaccine</td></tr><tr><td style="white-space:nowrap">EU/1/21/1618<a name="WHODDCCeuur-EU.471.4721.471618"> </a></td><td>Nuvaxovid</td></tr><tr><td style="white-space:nowrap">Covovax<a name="WHODDCCeuur-Covovax"> </a></td><td>Covovax</td></tr><tr><td style="white-space:nowrap">Vidprevtyn<a name="WHODDCCeuur-Vidprevtyn"> </a></td><td>Vidprevtyn</td></tr><tr><td style="white-space:nowrap">VLA2001<a name="WHODDCCeuur-VLA2001"> </a></td><td>VLA2001</td></tr><tr><td style="white-space:nowrap">EpiVacCorona-N<a name="WHODDCCeuur-EpiVacCorona-N"> </a></td><td>EpiVacCorona- N</td></tr><tr><td style="white-space:nowrap">Sputnik-M<a name="WHODDCCeuur-Sputnik-M"> </a></td><td>Sputnik M</td></tr><tr><td style="white-space:nowrap">Covid-19-adsorvida-inativada<a name="WHODDCCeuur-Covid-19-adsorvida-inativada"> </a></td><td>Vacina adsorvida covid-19 (inativada)</td></tr><tr><td style="white-space:nowrap">NVSI-06-08<a name="WHODDCCeuur-NVSI-06-08"> </a></td><td>NVSI-06-08</td></tr><tr><td style="white-space:nowrap">YS-SC2-010<a name="WHODDCCeuur-YS-SC2-010"> </a></td><td>YS-SC2-010</td></tr><tr><td style="white-space:nowrap">SCTV01C<a name="WHODDCCeuur-SCTV01C"> </a></td><td>SCTV01C</td></tr><tr><td style="white-space:nowrap">Covifenz<a name="WHODDCCeuur-Covifenz"> </a></td><td>Covifenz</td></tr><tr><td style="white-space:nowrap">AZD2816<a name="WHODDCCeuur-AZD2816"> </a></td><td>AZD2816</td></tr><tr><td style="white-space:nowrap">Soberana-02<a name="WHODDCCeuur-Soberana-02"> </a></td><td>Soberana 02</td></tr><tr><td style="white-space:nowrap">Soberana-Plus<a name="WHODDCCeuur-Soberana-Plus"> </a></td><td>Soberana Plus</td></tr><tr><td style="white-space:nowrap">EU/1/21/1624<a name="WHODDCCeuur-EU.471.4721.471624"> </a></td><td>COVID-19 Vaccine Valneva</td></tr><tr><td style="white-space:nowrap">EU/1/21/1580<a name="WHODDCCeuur-EU.471.4721.471580"> </a></td><td>VidPrevtyn Beta</td></tr></table></div></text><url value="https://ec.europa.eu/health/documents/community-register/html/"/><version value="1.0.0"/><name value="WHODDCCeuur"/><title value="EUUR codes used in this IG"/><status value="draft"/><experimental value="true"/><date value="2025-03-10T12:24:36+00:00"/><publisher value="WHO"/><contact><name value="WHO"/><telecom><system value="url"/><value value="http://who.int"/></telecom></contact><description value="All EUUR codes from `https://ec.europa.eu/health/documents/community-register/html/` used in this IG. Provided so the FHIR server can perform expansions."/><jurisdiction><coding><system value="http://unstats.un.org/unsd/methods/m49/m49.htm"/><code value="001"/></coding></jurisdiction><caseSensitive value="true"/><content value="complete"/><count value="38"/><concept><code value="EU/1/20/1528"/><display value="Comirnaty"/><designation><use><system value="http://terminology.hl7.org/CodeSystem/designation-usage"/><code value="display"/></use><value value="Comirnaty"/></designation></concept><concept><code value="EU/1/20/1507"/><display value="Spikevax"/><designation><use><system value="http://terminology.hl7.org/CodeSystem/designation-usage"/><code value="display"/></use><value value="Spikevax"/></designation></concept><concept><code value="EU/1/21/1529"/><display value="Vaxzevria"/><designation><use><system value="http://terminology.hl7.org/CodeSystem/designation-usage"/><code value="display"/></use><value value="Vaxzevria"/></designation></concept><concept><code value="EU/1/20/1525"/><display value="Jcovden"/><designation><use><system value="http://terminology.hl7.org/CodeSystem/designation-usage"/><code value="display"/></use><value value="Jcovden"/></designation></concept><concept><code value="CVnCoV"/><display value="CVnCoV"/><designation><use><system value="http://terminology.hl7.org/CodeSystem/designation-usage"/><code value="display"/></use><value value="CVnCoV"/></designation></concept><concept><code value="NVX-CoV2373"/><display value="NVX-CoV2373"/><designation><use><system value="http://terminology.hl7.org/CodeSystem/designation-usage"/><code value="display"/></use><value value="NVX-CoV2373"/></designation></concept><concept><code value="Sputnik-V"/><display value="Sputnik V"/><designation><use><system value="http://terminology.hl7.org/CodeSystem/designation-usage"/><code value="display"/></use><value value="Sputnik V"/></designation></concept><concept><code value="Convidecia"/><display value="Convidecia"/><designation><use><system value="http://terminology.hl7.org/CodeSystem/designation-usage"/><code value="display"/></use><value value="Convidecia"/></designation></concept><concept><code value="EpiVacCorona"/><display value="EpiVacCorona"/><designation><use><system value="http://terminology.hl7.org/CodeSystem/designation-usage"/><code value="display"/></use><value value="EpiVacCorona"/></designation></concept><concept><code value="BBIBP-CorV"/><display value="BBIBP-CorV"/><designation><use><system value="http://terminology.hl7.org/CodeSystem/designation-usage"/><code value="display"/></use><value value="BBIBP-CorV"/></designation></concept><concept><code value="Inactivated-SARS-CoV-2-Vero-Cell"/><display value="Inactivated SARS-CoV-2 (Vero Cell)"/><designation><use><system value="http://terminology.hl7.org/CodeSystem/designation-usage"/><code value="display"/></use><value value="Inactivated SARS-CoV-2 (Vero Cell)"/></designation></concept><concept><code value="CoronaVac"/><display value="CoronaVac"/><designation><use><system value="http://terminology.hl7.org/CodeSystem/designation-usage"/><code value="display"/></use><value value="CoronaVac"/></designation></concept><concept><code value="Covaxin"/><display value="Covaxin"/><designation><use><system value="http://terminology.hl7.org/CodeSystem/designation-usage"/><code value="display"/></use><value value="Covaxin"/></designation></concept><concept><code value="Covishield"/><display value="Covishield"/><designation><use><system value="http://terminology.hl7.org/CodeSystem/designation-usage"/><code value="display"/></use><value value="Covishield"/></designation></concept><concept><code value="Covid-19-recombinant"/><display value="Covid-19 (recombinant)"/><designation><use><system value="http://terminology.hl7.org/CodeSystem/designation-usage"/><code value="display"/></use><value value="Covid-19 (recombinant)"/></designation></concept><concept><code value="R-COVI"/><display value="R-COVI"/><designation><use><system value="http://terminology.hl7.org/CodeSystem/designation-usage"/><code value="display"/></use><value value="R-COVI"/></designation></concept><concept><code value="CoviVac"/><display value="CoviVac"/><designation><use><system value="http://terminology.hl7.org/CodeSystem/designation-usage"/><code value="display"/></use><value value="CoviVac"/></designation></concept><concept><code value="Sputnik-Light"/><display value="Sputnik Light"/><designation><use><system value="http://terminology.hl7.org/CodeSystem/designation-usage"/><code value="display"/></use><value value="Sputnik Light"/></designation></concept><concept><code value="Hayat-Vax"/><display value="Hayat-Vax"/><designation><use><system value="http://terminology.hl7.org/CodeSystem/designation-usage"/><code value="display"/></use><value value="Hayat-Vax"/></designation></concept><concept><code value="Abdala"/><display value="Abdala"/><designation><use><system value="http://terminology.hl7.org/CodeSystem/designation-usage"/><code value="display"/></use><value value="Abdala"/></designation></concept><concept><code value="WIBP-CorV"/><display value="WIBP-CorV"/><designation><use><system value="http://terminology.hl7.org/CodeSystem/designation-usage"/><code value="display"/></use><value value="WIBP-CorV"/></designation></concept><concept><code value="MVC-COV1901"/><display value="MVC COVID-19 vaccine"/><designation><use><system value="http://terminology.hl7.org/CodeSystem/designation-usage"/><code value="display"/></use><value value="MVC COVID-19 vaccine"/></designation></concept><concept><code value="EU/1/21/1618"/><display value="Nuvaxovid"/><designation><use><system value="http://terminology.hl7.org/CodeSystem/designation-usage"/><code value="display"/></use><value value="Nuvaxovid"/></designation></concept><concept><code value="Covovax"/><display value="Covovax"/><designation><use><system value="http://terminology.hl7.org/CodeSystem/designation-usage"/><code value="display"/></use><value value="Covovax"/></designation></concept><concept><code value="Vidprevtyn"/><display value="Vidprevtyn"/><designation><use><system value="http://terminology.hl7.org/CodeSystem/designation-usage"/><code value="display"/></use><value value="Vidprevtyn"/></designation></concept><concept><code value="VLA2001"/><display value="VLA2001"/><designation><use><system value="http://terminology.hl7.org/CodeSystem/designation-usage"/><code value="display"/></use><value value="VLA2001"/></designation></concept><concept><code value="EpiVacCorona-N"/><display value="EpiVacCorona- N"/><designation><use><system value="http://terminology.hl7.org/CodeSystem/designation-usage"/><code value="display"/></use><value value="EpiVacCorona- N"/></designation></concept><concept><code value="Sputnik-M"/><display value="Sputnik M"/><designation><use><system value="http://terminology.hl7.org/CodeSystem/designation-usage"/><code value="display"/></use><value value="Sputnik M"/></designation></concept><concept><code value="Covid-19-adsorvida-inativada"/><display value="Vacina adsorvida covid-19 (inativada)"/><designation><use><system value="http://terminology.hl7.org/CodeSystem/designation-usage"/><code value="display"/></use><value value="Vacina adsorvida covid-19 (inativada)"/></designation></concept><concept><code value="NVSI-06-08"/><display value="NVSI-06-08"/><designation><use><system value="http://terminology.hl7.org/CodeSystem/designation-usage"/><code value="display"/></use><value value="NVSI-06-08"/></designation></concept><concept><code value="YS-SC2-010"/><display value="YS-SC2-010"/><designation><use><system value="http://terminology.hl7.org/CodeSystem/designation-usage"/><code value="display"/></use><value value="YS-SC2-010"/></designation></concept><concept><code value="SCTV01C"/><display value="SCTV01C"/><designation><use><system value="http://terminology.hl7.org/CodeSystem/designation-usage"/><code value="display"/></use><value value="SCTV01C"/></designation></concept><concept><code value="Covifenz"/><display value="Covifenz"/><designation><use><system value="http://terminology.hl7.org/CodeSystem/designation-usage"/><code value="display"/></use><value value="Covifenz"/></designation></concept><concept><code value="AZD2816"/><display value="AZD2816"/><designation><use><system value="http://terminology.hl7.org/CodeSystem/designation-usage"/><code value="display"/></use><value value="AZD2816"/></designation></concept><concept><code value="Soberana-02"/><display value="Soberana 02"/><designation><use><system value="http://terminology.hl7.org/CodeSystem/designation-usage"/><code value="display"/></use><value value="Soberana 02"/></designation></concept><concept><code value="Soberana-Plus"/><display value="Soberana Plus"/><designation><use><system value="http://terminology.hl7.org/CodeSystem/designation-usage"/><code value="display"/></use><value value="Soberana Plus"/></designation></concept><concept><code value="EU/1/21/1624"/><display value="COVID-19 Vaccine Valneva"/><designation><use><system value="http://terminology.hl7.org/CodeSystem/designation-usage"/><code value="display"/></use><value value="COVID-19 Vaccine Valneva"/></designation></concept><concept><code value="EU/1/21/1580"/><display value="VidPrevtyn Beta"/><designation><use><system value="http://terminology.hl7.org/CodeSystem/designation-usage"/><code value="display"/></use><value value="VidPrevtyn Beta"/></designation></concept></CodeSystem>