<?xml version="1.0" encoding="UTF-8"?><CodeSystem xmlns="http://hl7.org/fhir"><id value="WHODDCCdivoclabtesttype"/><text><status value="generated"/><div xmlns="http://www.w3.org/1999/xhtml"><p class="res-header-id"><b>Generated Narrative: CodeSystem WHODDCCdivoclabtesttype</b></p><a name="WHODDCCdivoclabtesttype"> </a><a name="hcWHODDCCdivoclabtesttype"> </a><a name="WHODDCCdivoclabtesttype-en-US"> </a><p>This case-sensitive code system <code>http://smart.who.int/ddcc/CodeSystem/WHODDCCdivoclabtesttype</code> defines the following codes:</p><table class="codes"><tr><td style="white-space:nowrap"><b>Code</b></td><td><b>Display</b></td></tr><tr><td style="white-space:nowrap">RT-PCR<a name="WHODDCCdivoclabtesttype-RT-PCR"> </a></td><td>RT-PCR</td></tr><tr><td style="white-space:nowrap">Rapid Antigen Test (RAT)<a name="WHODDCCdivoclabtesttype-RapidAntigenTest.40RAT.41"> </a></td><td>Rapid Antigen Test (RAT)</td></tr><tr><td style="white-space:nowrap">rt-pcr<a name="WHODDCCdivoclabtesttype-rt-pcr"> </a></td><td>RT-PCR</td></tr><tr><td style="white-space:nowrap">rapid antigen test (rat)<a name="WHODDCCdivoclabtesttype-rapidantigentest.40rat.41"> </a></td><td>Rapid Antigen Test (RAT)</td></tr></table></div></text><url value="http://smart.who.int/ddcc/CodeSystem/WHODDCCdivoclabtesttype"/><version value="1.0.0"/><name value="WHODDCCdivoclabtesttype"/><title value="DIVOC lab test type codes used in this IG"/><status value="draft"/><experimental value="true"/><date value="2025-03-10T12:24:36+00:00"/><publisher value="WHO"/><contact><name value="WHO"/><telecom><system value="url"/><value value="http://who.int"/></telecom></contact><description value="All DIVOC lab test type codes from its internally defined code system used in this IG. Provided so the FHIR server can perform expansions."/><jurisdiction><coding><system value="http://unstats.un.org/unsd/methods/m49/m49.htm"/><code value="001"/></coding></jurisdiction><caseSensitive value="true"/><content value="complete"/><count value="4"/><concept><code value="RT-PCR"/><display value="RT-PCR"/></concept><concept><code value="Rapid Antigen Test (RAT)"/><display value="Rapid Antigen Test (RAT)"/></concept><concept><code value="rt-pcr"/><display value="RT-PCR"/></concept><concept><code value="rapid antigen test (rat)"/><display value="Rapid Antigen Test (RAT)"/></concept></CodeSystem>