<?xml version="1.0" encoding="UTF-8"?><ValueSet xmlns="http://hl7.org/fhir"><id value="LabTestQualitativeResultSnomedValueSet"/><text><status value="generated"/><div xmlns="http://www.w3.org/1999/xhtml"><p class="res-header-id"><b>Generated Narrative: ValueSet LabTestQualitativeResultSnomedValueSet</b></p><a name="LabTestQualitativeResultSnomedValueSet"> </a><a name="hcLabTestQualitativeResultSnomedValueSet"> </a><a name="LabTestQualitativeResultSnomedValueSet-en-US"> </a><ul><li>Include these codes as defined in <a href="http://www.snomed.org/"><code>http://snomed.info/sct</code></a><table class="none"><tr><td style="white-space:nowrap"><b>Code</b></td><td><b>Display</b></td></tr><tr><td><a href="CodeSystem-WHODDCCsnomed.html#WHODDCCsnomed-10828004">10828004</a></td><td>Positive (qualifier value)</td></tr><tr><td><a href="CodeSystem-WHODDCCsnomed.html#WHODDCCsnomed-11214006">11214006</a></td><td>Reactive (qualifier value)</td></tr><tr><td><a href="CodeSystem-WHODDCCsnomed.html#WHODDCCsnomed-125154007">125154007</a></td><td>Specimen unsatisfactory for evaluation (finding)</td></tr><tr><td><a href="CodeSystem-WHODDCCsnomed.html#WHODDCCsnomed-131194007">131194007</a></td><td>Non-reactive (qualifier value)</td></tr><tr><td><a href="CodeSystem-WHODDCCsnomed.html#WHODDCCsnomed-260373001">260373001</a></td><td>Detected (qualifier value)</td></tr><tr><td><a href="CodeSystem-WHODDCCsnomed.html#WHODDCCsnomed-260385009">260385009</a></td><td>Negative (qualifier value)</td></tr><tr><td><a href="CodeSystem-WHODDCCsnomed.html#WHODDCCsnomed-260415000">260415000</a></td><td>Not detected (qualifier value)</td></tr><tr><td><a href="CodeSystem-WHODDCCsnomed.html#WHODDCCsnomed-415684004">415684004</a></td><td>Suspected (qualifier value)</td></tr><tr><td><a href="CodeSystem-WHODDCCsnomed.html#WHODDCCsnomed-419984006">419984006</a></td><td>Inconclusive (qualifier value)</td></tr><tr><td><a href="CodeSystem-WHODDCCsnomed.html#WHODDCCsnomed-42425007">42425007</a></td><td>Equivocal (qualifier value)</td></tr><tr><td><a href="CodeSystem-WHODDCCsnomed.html#WHODDCCsnomed-455371000124106">455371000124106</a></td><td>Invalid result (qualifier value)</td></tr><tr><td><a href="CodeSystem-WHODDCCsnomed.html#WHODDCCsnomed-720735008">720735008</a></td><td>Presumptive positive (qualifier value)</td></tr><tr><td><a href="CodeSystem-WHODDCCsnomed.html#WHODDCCsnomed-82334004">82334004</a></td><td>Indeterminate (qualifier value)</td></tr></table></li></ul></div></text><url value="http://smart.who.int/ddcc/ValueSet/LabTestQualitativeResultSnomedValueSet"/><version value="1.0.0"/><name value="LabTestQualitativeResultSnomedValueSet"/><title value="Lab Test - Qualitative Result - SNOMED CT"/><status value="draft"/><experimental value="true"/><date value="2024-10-15T13:40:08+00:00"/><publisher value="WHO"/><contact><name value="WHO"/><telecom><system value="url"/><value value="http://who.int"/></telecom></contact><description value="This is a one-time snapshot of the allowed values for lab test results in EUDCC and SMART Health Cards, retrieved in February 2023 from https://eur-lex.europa.eu/legal-content/EN/TXT/?uri=uriserv%3AOJ.L_.2021.230.01.0032.01.ENG and &lt;http://build.fhir.org/ig/HL7/fhir-shc-vaccination-ig/ValueSet-vaccine-snomed.html&gt; respectively. Contents may need to be updated and readers should consult the original documentation."/><jurisdiction><coding><system value="http://unstats.un.org/unsd/methods/m49/m49.htm"/><code value="001"/></coding></jurisdiction><compose><include><system value="http://snomed.info/sct"/><concept><code value="10828004"/><display value="Positive (qualifier value)"/></concept><concept><code value="11214006"/><display value="Reactive (qualifier value)"/></concept><concept><code value="125154007"/><display value="Specimen unsatisfactory for evaluation (finding)"/></concept><concept><code value="131194007"/><display value="Non-reactive (qualifier value)"/></concept><concept><code value="260373001"/><display value="Detected (qualifier value)"/></concept><concept><code value="260385009"/><display value="Negative (qualifier value)"/></concept><concept><code value="260415000"/><display value="Not detected (qualifier value)"/></concept><concept><code value="415684004"/><display value="Suspected (qualifier value)"/></concept><concept><code value="419984006"/><display value="Inconclusive (qualifier value)"/></concept><concept><code value="42425007"/><display value="Equivocal (qualifier value)"/></concept><concept><code value="455371000124106"/><display value="Invalid result (qualifier value)"/></concept><concept><code value="720735008"/><display value="Presumptive positive (qualifier value)"/></concept><concept><code value="82334004"/><display value="Indeterminate (qualifier value)"/></concept></include></compose></ValueSet>