<?xml version="1.0" encoding="UTF-8"?>

<CodeSystem xmlns="http://hl7.org/fhir">
  <id value="WHODDCCcvx"/>
  <text>
    <status value="generated"/><div xmlns="http://www.w3.org/1999/xhtml"><p class="res-header-id"><b>Generated Narrative: CodeSystem WHODDCCcvx</b></p><a name="WHODDCCcvx"> </a><a name="hcWHODDCCcvx"> </a><a name="WHODDCCcvx-en-US"> </a><p>This case-sensitive code system <code>http://hl7.org/fhir/sid/cvx</code> defines the following codes:</p><table class="codes"><tr><td style="white-space:nowrap"><b>Code</b></td><td><b>Display</b></td></tr><tr><td style="white-space:nowrap">207<a name="WHODDCCcvx-207"> </a></td><td>COVID-19, mRNA, LNP-S, PF, 100 mcg/0.5mL dose or 50 mcg/0.25mL dose</td></tr><tr><td style="white-space:nowrap">208<a name="WHODDCCcvx-208"> </a></td><td>COVID-19, mRNA, LNP-S, PF, 30 mcg/0.3 mL dose</td></tr><tr><td style="white-space:nowrap">210<a name="WHODDCCcvx-210"> </a></td><td>COVID-19 vaccine, vector-nr, rS-ChAdOx1, PF, 0.5 mL </td></tr><tr><td style="white-space:nowrap">211<a name="WHODDCCcvx-211"> </a></td><td>COVID-19, subunit, rS-nanoparticle+Matrix-M1 Adjuvant, PF, 0.5 mL</td></tr><tr><td style="white-space:nowrap">212<a name="WHODDCCcvx-212"> </a></td><td>COVID-19 vaccine, vector-nr, rS-Ad26, PF, 0.5 mL</td></tr><tr><td style="white-space:nowrap">213<a name="WHODDCCcvx-213"> </a></td><td>SARS-COV-2 (COVID-19) vaccine, UNSPECIFIED</td></tr><tr><td style="white-space:nowrap">217<a name="WHODDCCcvx-217"> </a></td><td>COVID-19, mRNA, LNP-S, PF, 30 mcg/0.3 mL dose, tris-sucrose</td></tr><tr><td style="white-space:nowrap">218<a name="WHODDCCcvx-218"> </a></td><td>COVID-19, mRNA, LNP-S, PF, 10 mcg/0.2 mL dose, tris-sucrose</td></tr><tr><td style="white-space:nowrap">219<a name="WHODDCCcvx-219"> </a></td><td>COVID-19, mRNA, LNP-S, PF, 3 mcg/0.2 mL dose, tris-sucrose</td></tr><tr><td style="white-space:nowrap">221<a name="WHODDCCcvx-221"> </a></td><td>COVID-19, mRNA, LNP-S, PF, 50 mcg/0.5 mL dose</td></tr><tr><td style="white-space:nowrap">225<a name="WHODDCCcvx-225"> </a></td><td>COVID-19, D614, recomb, preS dTM, AS03 adjuvant add, PF, 5mcg/0.5mL</td></tr><tr><td style="white-space:nowrap">226<a name="WHODDCCcvx-226"> </a></td><td>COVID-19, D614, recomb, preS dTM, AS03 adjuvant add, PF, 10mcg/0.5mL</td></tr><tr><td style="white-space:nowrap">227<a name="WHODDCCcvx-227"> </a></td><td>COVID-19, mRNA, LNP-S, PF, pediatric 50 mcg/0.5 mL dose</td></tr><tr><td style="white-space:nowrap">228<a name="WHODDCCcvx-228"> </a></td><td>COVID-19, mRNA, LNP-S, PF, pediatric 25 mcg/0.25 mL dose</td></tr><tr><td style="white-space:nowrap">229<a name="WHODDCCcvx-229"> </a></td><td>COVID-19, mRNA, LNP-S, bivalent booster, PF, 50 mcg/0.5 mL or 25mcg/0.25 mL dose</td></tr><tr><td style="white-space:nowrap">230<a name="WHODDCCcvx-230"> </a></td><td>COVID-19, mRNA, LNP-S, bivalent booster, PF, 10 mcg/0.2 mL</td></tr><tr><td style="white-space:nowrap">300<a name="WHODDCCcvx-300"> </a></td><td>COVID-19, mRNA, LNP-S, bivalent booster, PF, 30 mcg/0.3 mL dose</td></tr><tr><td style="white-space:nowrap">301<a name="WHODDCCcvx-301"> </a></td><td>COVID-19, mRNA, LNP-S, bivalent booster, PF, 10 mcg/0.2 mL dose</td></tr><tr><td style="white-space:nowrap">302<a name="WHODDCCcvx-302"> </a></td><td>COVID-19, mRNA, LNP-S, bivalent, PF, 3 mcg/0.2 mL dose</td></tr><tr><td style="white-space:nowrap">500<a name="WHODDCCcvx-500"> </a></td><td>COVID-19 Non-US Vaccine, Product Unknown</td></tr><tr><td style="white-space:nowrap">501<a name="WHODDCCcvx-501"> </a></td><td>COVID-19 IV Non-US Vaccine (QAZCOVID-IN)</td></tr><tr><td style="white-space:nowrap">502<a name="WHODDCCcvx-502"> </a></td><td>COVID-19 IV Non-US Vaccine (COVAXIN)</td></tr><tr><td style="white-space:nowrap">503<a name="WHODDCCcvx-503"> </a></td><td>COVID-19 LAV Non-US Vaccine (COVIVAC)</td></tr><tr><td style="white-space:nowrap">504<a name="WHODDCCcvx-504"> </a></td><td>COVID-19 VVnr Non-US Vaccine (Sputnik Light)</td></tr><tr><td style="white-space:nowrap">505<a name="WHODDCCcvx-505"> </a></td><td>COVID-19 VVnr Non-US Vaccine (Sputnik V)</td></tr><tr><td style="white-space:nowrap">506<a name="WHODDCCcvx-506"> </a></td><td>COVID-19 VVnr Non-US Vaccine (CanSino Biological Inc./Beijing Institute of Biotechnology)</td></tr><tr><td style="white-space:nowrap">507<a name="WHODDCCcvx-507"> </a></td><td>COVID-19 PS Non-US Vaccine (Anhui Zhifei Longcom Biopharm + Inst of Micro, Chinese Acad of Sciences)</td></tr><tr><td style="white-space:nowrap">508<a name="WHODDCCcvx-508"> </a></td><td>COVID-19 PS Non-US Vaccine (Jiangsu Province Centers for Disease Control and Prevention)</td></tr><tr><td style="white-space:nowrap">509<a name="WHODDCCcvx-509"> </a></td><td>COVID-19 PS Non-US Vaccine (EpiVacCorona)</td></tr><tr><td style="white-space:nowrap">510<a name="WHODDCCcvx-510"> </a></td><td>COVID-19 IV Non-US Vaccine (BIBP, Sinopharm)</td></tr><tr><td style="white-space:nowrap">511<a name="WHODDCCcvx-511"> </a></td><td>COVID-19 IV Non-US Vaccine (CoronaVac, Sinovac)</td></tr><tr><td style="white-space:nowrap">512<a name="WHODDCCcvx-512"> </a></td><td>SARS-COV-2 COVID-19 VLP Non-US Vaccine (Medicago, Covifenz)</td></tr><tr><td style="white-space:nowrap">513<a name="WHODDCCcvx-513"> </a></td><td>SARS-COV-2 COVID-19 PS Non-US Vaccine (Anhui Zhifei Longcom, Zifivax)</td></tr><tr><td style="white-space:nowrap">514<a name="WHODDCCcvx-514"> </a></td><td>SARS-COV-2 COVID-19 DNA Non-US Vaccine (Zydus Cadila, ZyCoV-D)</td></tr><tr><td style="white-space:nowrap">515<a name="WHODDCCcvx-515"> </a></td><td>SARS-COV-2 COVID-19 PS Non-US Vaccine (Medigen, MVC-COV1901)</td></tr><tr><td style="white-space:nowrap">516<a name="WHODDCCcvx-516"> </a></td><td>COV-2 COVID-19 Inactivated Non-US Vaccine Product (Minhai Biotechnology Co, KCONVAC)</td></tr><tr><td style="white-space:nowrap">517<a name="WHODDCCcvx-517"> </a></td><td>SARS-COV-2 COVID-19 PS Non-US Vaccine (Biological E Limited, Corbevax)</td></tr><tr><td style="white-space:nowrap">518<a name="WHODDCCcvx-518"> </a></td><td>COVID-19 Inactivated, Non-US Vaccine (VLA2001, Valneva)</td></tr><tr><td style="white-space:nowrap">519<a name="WHODDCCcvx-519"> </a></td><td>COVID-19 mRNA, bivalent, original/Omicron BA.1, Non-US Vaccine (Spikevax Bivalent), Moderna</td></tr><tr><td style="white-space:nowrap">520<a name="WHODDCCcvx-520"> </a></td><td>COVID-19 mRNA, bivalent, original/Omicron BA.1, Non-US Vaccine Product, Pfizer-BioNTech</td></tr></table></div>
  </text>
  <url value="http://hl7.org/fhir/sid/cvx"/>
  <version value="1.0.0"/>
  <name value="WHODDCCcvx"/>
  <title value="CVX codes used in this IG"/>
  <status value="draft"/>
  <experimental value="true"/>
  <date value="2024-10-17T06:51:23+00:00"/>
  <publisher value="WHO"/>
  <contact>
    <name value="WHO"/>
    <telecom>
      <system value="url"/>
      <value value="http://who.int"/>
    </telecom>
  </contact>
  <description value="All CVX codes from `http://hl7.org/fhir/sid/cvx` used in this IG. Provided so the FHIR server can perform expansions."/>
  <jurisdiction>
    <coding>
      <system value="http://unstats.un.org/unsd/methods/m49/m49.htm"/>
      <code value="001"/>
    </coding>
  </jurisdiction>
  <caseSensitive value="true"/>
  <content value="complete"/>
  <count value="40"/>
  <concept>
    <code value="207"/>
    <display value="COVID-19, mRNA, LNP-S, PF, 100 mcg/0.5mL dose or 50 mcg/0.25mL dose"/>
  </concept>
  <concept>
    <code value="208"/>
    <display value="COVID-19, mRNA, LNP-S, PF, 30 mcg/0.3 mL dose"/>
  </concept>
  <concept>
    <code value="210"/>
    <display value="COVID-19 vaccine, vector-nr, rS-ChAdOx1, PF, 0.5 mL "/>
  </concept>
  <concept>
    <code value="211"/>
    <display value="COVID-19, subunit, rS-nanoparticle+Matrix-M1 Adjuvant, PF, 0.5 mL"/>
  </concept>
  <concept>
    <code value="212"/>
    <display value="COVID-19 vaccine, vector-nr, rS-Ad26, PF, 0.5 mL"/>
  </concept>
  <concept>
    <code value="213"/>
    <display value="SARS-COV-2 (COVID-19) vaccine, UNSPECIFIED"/>
  </concept>
  <concept>
    <code value="217"/>
    <display value="COVID-19, mRNA, LNP-S, PF, 30 mcg/0.3 mL dose, tris-sucrose"/>
  </concept>
  <concept>
    <code value="218"/>
    <display value="COVID-19, mRNA, LNP-S, PF, 10 mcg/0.2 mL dose, tris-sucrose"/>
  </concept>
  <concept>
    <code value="219"/>
    <display value="COVID-19, mRNA, LNP-S, PF, 3 mcg/0.2 mL dose, tris-sucrose"/>
  </concept>
  <concept>
    <code value="221"/>
    <display value="COVID-19, mRNA, LNP-S, PF, 50 mcg/0.5 mL dose"/>
  </concept>
  <concept>
    <code value="225"/>
    <display value="COVID-19, D614, recomb, preS dTM, AS03 adjuvant add, PF, 5mcg/0.5mL"/>
  </concept>
  <concept>
    <code value="226"/>
    <display value="COVID-19, D614, recomb, preS dTM, AS03 adjuvant add, PF, 10mcg/0.5mL"/>
  </concept>
  <concept>
    <code value="227"/>
    <display value="COVID-19, mRNA, LNP-S, PF, pediatric 50 mcg/0.5 mL dose"/>
  </concept>
  <concept>
    <code value="228"/>
    <display value="COVID-19, mRNA, LNP-S, PF, pediatric 25 mcg/0.25 mL dose"/>
  </concept>
  <concept>
    <code value="229"/>
    <display value="COVID-19, mRNA, LNP-S, bivalent booster, PF, 50 mcg/0.5 mL or 25mcg/0.25 mL dose"/>
  </concept>
  <concept>
    <code value="230"/>
    <display value="COVID-19, mRNA, LNP-S, bivalent booster, PF, 10 mcg/0.2 mL"/>
  </concept>
  <concept>
    <code value="300"/>
    <display value="COVID-19, mRNA, LNP-S, bivalent booster, PF, 30 mcg/0.3 mL dose"/>
  </concept>
  <concept>
    <code value="301"/>
    <display value="COVID-19, mRNA, LNP-S, bivalent booster, PF, 10 mcg/0.2 mL dose"/>
  </concept>
  <concept>
    <code value="302"/>
    <display value="COVID-19, mRNA, LNP-S, bivalent, PF, 3 mcg/0.2 mL dose"/>
  </concept>
  <concept>
    <code value="500"/>
    <display value="COVID-19 Non-US Vaccine, Product Unknown"/>
  </concept>
  <concept>
    <code value="501"/>
    <display value="COVID-19 IV Non-US Vaccine (QAZCOVID-IN)"/>
  </concept>
  <concept>
    <code value="502"/>
    <display value="COVID-19 IV Non-US Vaccine (COVAXIN)"/>
  </concept>
  <concept>
    <code value="503"/>
    <display value="COVID-19 LAV Non-US Vaccine (COVIVAC)"/>
  </concept>
  <concept>
    <code value="504"/>
    <display value="COVID-19 VVnr Non-US Vaccine (Sputnik Light)"/>
  </concept>
  <concept>
    <code value="505"/>
    <display value="COVID-19 VVnr Non-US Vaccine (Sputnik V)"/>
  </concept>
  <concept>
    <code value="506"/>
    <display value="COVID-19 VVnr Non-US Vaccine (CanSino Biological Inc./Beijing Institute of Biotechnology)"/>
  </concept>
  <concept>
    <code value="507"/>
    <display value="COVID-19 PS Non-US Vaccine (Anhui Zhifei Longcom Biopharm + Inst of Micro, Chinese Acad of Sciences)"/>
  </concept>
  <concept>
    <code value="508"/>
    <display value="COVID-19 PS Non-US Vaccine (Jiangsu Province Centers for Disease Control and Prevention)"/>
  </concept>
  <concept>
    <code value="509"/>
    <display value="COVID-19 PS Non-US Vaccine (EpiVacCorona)"/>
  </concept>
  <concept>
    <code value="510"/>
    <display value="COVID-19 IV Non-US Vaccine (BIBP, Sinopharm)"/>
  </concept>
  <concept>
    <code value="511"/>
    <display value="COVID-19 IV Non-US Vaccine (CoronaVac, Sinovac)"/>
  </concept>
  <concept>
    <code value="512"/>
    <display value="SARS-COV-2 COVID-19 VLP Non-US Vaccine (Medicago, Covifenz)"/>
  </concept>
  <concept>
    <code value="513"/>
    <display value="SARS-COV-2 COVID-19 PS Non-US Vaccine (Anhui Zhifei Longcom, Zifivax)"/>
  </concept>
  <concept>
    <code value="514"/>
    <display value="SARS-COV-2 COVID-19 DNA Non-US Vaccine (Zydus Cadila, ZyCoV-D)"/>
  </concept>
  <concept>
    <code value="515"/>
    <display value="SARS-COV-2 COVID-19 PS Non-US Vaccine (Medigen, MVC-COV1901)"/>
  </concept>
  <concept>
    <code value="516"/>
    <display value="COV-2 COVID-19 Inactivated Non-US Vaccine Product (Minhai Biotechnology Co, KCONVAC)"/>
  </concept>
  <concept>
    <code value="517"/>
    <display value="SARS-COV-2 COVID-19 PS Non-US Vaccine (Biological E Limited, Corbevax)"/>
  </concept>
  <concept>
    <code value="518"/>
    <display value="COVID-19 Inactivated, Non-US Vaccine (VLA2001, Valneva)"/>
  </concept>
  <concept>
    <code value="519"/>
    <display value="COVID-19 mRNA, bivalent, original/Omicron BA.1, Non-US Vaccine (Spikevax Bivalent), Moderna"/>
  </concept>
  <concept>
    <code value="520"/>
    <display value="COVID-19 mRNA, bivalent, original/Omicron BA.1, Non-US Vaccine Product, Pfizer-BioNTech"/>
  </concept>
</CodeSystem>