<?xml version="1.0" encoding="UTF-8"?>

<ValueSet xmlns="http://hl7.org/fhir">
  <id value="LabTestPathogenCovid19SnomedValueSet"/>
  <text>
    <status value="generated"/><div xmlns="http://www.w3.org/1999/xhtml"><p class="res-header-id"><b>Generated Narrative: ValueSet LabTestPathogenCovid19SnomedValueSet</b></p><a name="LabTestPathogenCovid19SnomedValueSet"> </a><a name="hcLabTestPathogenCovid19SnomedValueSet"> </a><a name="LabTestPathogenCovid19SnomedValueSet-en-US"> </a><ul><li>Include these codes as defined in <a href="http://www.snomed.org/"><code>http://snomed.info/sct</code></a><table class="none"><tr><td style="white-space:nowrap"><b>Code</b></td><td><b>Display</b></td></tr><tr><td><a href="CodeSystem-WHODDCCsnomed.html#WHODDCCsnomed-407479009">407479009</a></td><td>Influenza A virus (organism)</td></tr><tr><td><a href="CodeSystem-WHODDCCsnomed.html#WHODDCCsnomed-407480007">407480007</a></td><td>Influenza B virus (organism)</td></tr><tr><td><a href="CodeSystem-WHODDCCsnomed.html#WHODDCCsnomed-840533007">840533007</a></td><td>Severe acute respiratory syndrome coronavirus 2 (organism)</td></tr></table></li></ul></div>
  </text>
  <url value="http://smart.who.int/ddcc/ValueSet/LabTestPathogenCovid19SnomedValueSet"/>
  <version value="1.0.1"/>
  <name value="LabTestPathogenCovid19SnomedValueSet"/>
  <title value="Lab Test - Pathogen - COVID-19 - SNOMED CT"/>
  <status value="active"/>
  <experimental value="true"/>
  <date value="2024-12-17T16:31:24+00:00"/>
  <publisher value="WHO"/>
  <contact>
    <name value="WHO"/>
    <telecom>
      <system value="url"/>
      <value value="http://who.int"/>
    </telecom>
  </contact>
  <description value="This is a one-time snapshot of the allowed values for pathogens in EUDCC, retrieved in February 2023 from https://eur-lex.europa.eu/legal-content/EN/TXT/?uri=uriserv%3AOJ.L_.2021.230.01.0032.01.ENG. Contents may need to be updated and readers should consult the credential's documentation."/>
  <jurisdiction>
    <coding>
      <system value="http://unstats.un.org/unsd/methods/m49/m49.htm"/>
      <code value="001"/>
    </coding>
  </jurisdiction>
  <compose>
    <include>
      <system value="http://snomed.info/sct"/>
      <concept>
        <code value="407479009"/>
        <display value="Influenza A virus (organism)"/>
      </concept>
      <concept>
        <code value="407480007"/>
        <display value="Influenza B virus (organism)"/>
      </concept>
      <concept>
        <code value="840533007"/>
        <display value="Severe acute respiratory syndrome coronavirus 2 (organism)"/>
      </concept>
    </include>
  </compose>
</ValueSet>