<?xml version="1.0" encoding="UTF-8"?>

<ValueSet xmlns="http://hl7.org/fhir">
  <id value="DDCCDevicePropertyValueSet"/>
  <text>
    <status value="generated"/><div xmlns="http://www.w3.org/1999/xhtml"><p class="res-header-id"><b>Generated Narrative: ValueSet DDCCDevicePropertyValueSet</b></p><a name="DDCCDevicePropertyValueSet"> </a><a name="hcDDCCDevicePropertyValueSet"> </a><a name="DDCCDevicePropertyValueSet-en-US"> </a><ul><li>Include all codes defined in <a href="CodeSystem-DDCCDevicePropertyCodeSystem.html"><code>http://smart.who.int/ddcc/CodeSystem/DDCCDevicePropertyCodeSystem</code></a></li></ul></div>
  </text>
  <url value="http://smart.who.int/ddcc/ValueSet/DDCCDevicePropertyValueSet"/>
  <version value="1.0.1"/>
  <name value="DDCCDevicePropertyValueSet"/>
  <title value="DDCC Device Property Codes"/>
  <status value="active"/>
  <date value="2024-12-17T16:31:24+00:00"/>
  <publisher value="WHO"/>
  <contact>
    <name value="WHO"/>
    <telecom>
      <system value="url"/>
      <value value="http://who.int"/>
    </telecom>
  </contact>
  <description value="Properties of DDCC devices"/>
  <jurisdiction>
    <coding>
      <system value="http://unstats.un.org/unsd/methods/m49/m49.htm"/>
      <code value="001"/>
    </coding>
  </jurisdiction>
  <compose>
    <include>
      <system value="http://smart.who.int/ddcc/CodeSystem/DDCCDevicePropertyCodeSystem"/>
    </include>
  </compose>
</ValueSet>