{"resourceType":"CodeSystem","id":"ICAOV1CodeSystem","text":{"status":"generated","div":"<div xmlns=\"http://www.w3.org/1999/xhtml\"><p class=\"res-header-id\"><b>Generated Narrative: CodeSystem ICAOV1CodeSystem</b></p><a name=\"ICAOV1CodeSystem\"> </a><a name=\"hcICAOV1CodeSystem\"> </a><a name=\"ICAOV1CodeSystem-en-US\"> </a><p>This case-sensitive code system <code>http://smart.who.int/ddcc/CodeSystem/ICAOV1CodeSystem</code> defines the following codes:</p><table class=\"codes\"><tr><td style=\"white-space:nowrap\"><b>Code</b></td><td><b>Display</b></td></tr><tr><td style=\"white-space:nowrap\">ICAO001<a name=\"ICAOV1CodeSystem-ICAO001\"> </a></td><td>Comirnaty</td></tr><tr><td style=\"white-space:nowrap\">ICAO002<a name=\"ICAOV1CodeSystem-ICAO002\"> </a></td><td>Tozinameran</td></tr><tr><td style=\"white-space:nowrap\">ICAO003<a name=\"ICAOV1CodeSystem-ICAO003\"> </a></td><td>Pfizer-BioNTech COVID-19 vaccine BNT162b2</td></tr><tr><td style=\"white-space:nowrap\">ICAO004<a name=\"ICAOV1CodeSystem-ICAO004\"> </a></td><td>3 LNP-mRNAS</td></tr><tr><td style=\"white-space:nowrap\">ICAO005<a name=\"ICAOV1CodeSystem-ICAO005\"> </a></td><td>Tozinameran (INN)</td></tr><tr><td style=\"white-space:nowrap\">ICAO006<a name=\"ICAOV1CodeSystem-ICAO006\"> </a></td><td>BNT162b2/COMIRNATY</td></tr><tr><td style=\"white-space:nowrap\">ICAO007<a name=\"ICAOV1CodeSystem-ICAO007\"> </a></td><td>Pfizer BioNTech-Comirnaty</td></tr><tr><td style=\"white-space:nowrap\">ICAO008<a name=\"ICAOV1CodeSystem-ICAO008\"> </a></td><td>BNT162</td></tr><tr><td style=\"white-space:nowrap\">ICAO009<a name=\"ICAOV1CodeSystem-ICAO009\"> </a></td><td>COVID-19 Vaccine Moderna</td></tr><tr><td style=\"white-space:nowrap\">ICAO010<a name=\"ICAOV1CodeSystem-ICAO010\"> </a></td><td>COVID-19 mRNA Vaccine Moderna mRNA-1273</td></tr><tr><td style=\"white-space:nowrap\">ICAO011<a name=\"ICAOV1CodeSystem-ICAO011\"> </a></td><td>Spikevax</td></tr><tr><td style=\"white-space:nowrap\">ICAO012<a name=\"ICAOV1CodeSystem-ICAO012\"> </a></td><td>Moderna-Spikevax</td></tr><tr><td style=\"white-space:nowrap\">ICAO013<a name=\"ICAOV1CodeSystem-ICAO013\"> </a></td><td>ZyCov-D</td></tr><tr><td style=\"white-space:nowrap\">ICAO014<a name=\"ICAOV1CodeSystem-ICAO014\"> </a></td><td>Zydus-ZyCov-D</td></tr><tr><td style=\"white-space:nowrap\">ICAO015<a name=\"ICAOV1CodeSystem-ICAO015\"> </a></td><td>Recombinant SARS-CoV-2 vaccine</td></tr><tr><td style=\"white-space:nowrap\">ICAO016<a name=\"ICAOV1CodeSystem-ICAO016\"> </a></td><td>Anhui ZL - Recombinant</td></tr><tr><td style=\"white-space:nowrap\">ICAO017<a name=\"ICAOV1CodeSystem-ICAO017\"> </a></td><td>Adjuvanted recombinant protein (RBD-DIMER)</td></tr><tr><td style=\"white-space:nowrap\">ICAO018<a name=\"ICAOV1CodeSystem-ICAO018\"> </a></td><td>ZF2001</td></tr><tr><td style=\"white-space:nowrap\">ICAO019<a name=\"ICAOV1CodeSystem-ICAO019\"> </a></td><td>ZF-UZ-VAC 2001</td></tr><tr><td style=\"white-space:nowrap\">ICAO020<a name=\"ICAOV1CodeSystem-ICAO020\"> </a></td><td>Soberana-02</td></tr><tr><td style=\"white-space:nowrap\">ICAO021<a name=\"ICAOV1CodeSystem-ICAO021\"> </a></td><td>Finlay - Soberana-02</td></tr><tr><td style=\"white-space:nowrap\">ICAO022<a name=\"ICAOV1CodeSystem-ICAO022\"> </a></td><td>RRBD produced in CHO-cell chemically conjugated to tetanus toxoid</td></tr><tr><td style=\"white-space:nowrap\">ICAO023<a name=\"ICAOV1CodeSystem-ICAO023\"> </a></td><td>FINLAY-FR2</td></tr><tr><td style=\"white-space:nowrap\">ICAO024<a name=\"ICAOV1CodeSystem-ICAO024\"> </a></td><td>PASTUCOVAC</td></tr><tr><td style=\"white-space:nowrap\">ICAO025<a name=\"ICAOV1CodeSystem-ICAO025\"> </a></td><td>MVC-COV1901</td></tr><tr><td style=\"white-space:nowrap\">ICAO026<a name=\"ICAOV1CodeSystem-ICAO026\"> </a></td><td>Medigen-MVC-COV1901</td></tr><tr><td style=\"white-space:nowrap\">ICAO027<a name=\"ICAOV1CodeSystem-ICAO027\"> </a></td><td>MVC COVID-19 vaccine</td></tr><tr><td style=\"white-space:nowrap\">ICAO028<a name=\"ICAOV1CodeSystem-ICAO028\"> </a></td><td>EpiVacCorona</td></tr><tr><td style=\"white-space:nowrap\">ICAO029<a name=\"ICAOV1CodeSystem-ICAO029\"> </a></td><td>SRCVB-EpiVacCorona</td></tr><tr><td style=\"white-space:nowrap\">ICAO030<a name=\"ICAOV1CodeSystem-ICAO030\"> </a></td><td>Soberana Plus</td></tr><tr><td style=\"white-space:nowrap\">ICAO031<a name=\"ICAOV1CodeSystem-ICAO031\"> </a></td><td>Finlay-Soberana Plus</td></tr><tr><td style=\"white-space:nowrap\">ICAO032<a name=\"ICAOV1CodeSystem-ICAO032\"> </a></td><td>EpiVacCorona-N</td></tr><tr><td style=\"white-space:nowrap\">ICAO033<a name=\"ICAOV1CodeSystem-ICAO033\"> </a></td><td>SRCVB-EpiVacCorona-N</td></tr><tr><td style=\"white-space:nowrap\">ICAO034<a name=\"ICAOV1CodeSystem-ICAO034\"> </a></td><td>SpikoGen</td></tr><tr><td style=\"white-space:nowrap\">ICAO035<a name=\"ICAOV1CodeSystem-ICAO035\"> </a></td><td>Vaxine-SpikoGen</td></tr><tr><td style=\"white-space:nowrap\">ICAO036<a name=\"ICAOV1CodeSystem-ICAO036\"> </a></td><td>COVAX-19</td></tr><tr><td style=\"white-space:nowrap\">ICAO037<a name=\"ICAOV1CodeSystem-ICAO037\"> </a></td><td>Novavax COVID-19 vaccine</td></tr><tr><td style=\"white-space:nowrap\">ICAO038<a name=\"ICAOV1CodeSystem-ICAO038\"> </a></td><td>Novavax-Covovax</td></tr><tr><td style=\"white-space:nowrap\">ICAO039<a name=\"ICAOV1CodeSystem-ICAO039\"> </a></td><td>Nuvaxovid</td></tr><tr><td style=\"white-space:nowrap\">ICAO040<a name=\"ICAOV1CodeSystem-ICAO040\"> </a></td><td>NVX-CoV2373</td></tr><tr><td style=\"white-space:nowrap\">ICAO041<a name=\"ICAOV1CodeSystem-ICAO041\"> </a></td><td>Covovax</td></tr><tr><td style=\"white-space:nowrap\">ICAO042<a name=\"ICAOV1CodeSystem-ICAO042\"> </a></td><td>Razi COV PARS</td></tr><tr><td style=\"white-space:nowrap\">ICAO043<a name=\"ICAOV1CodeSystem-ICAO043\"> </a></td><td>COVID-19 Vaccine AstraZeneca</td></tr><tr><td style=\"white-space:nowrap\">ICAO044<a name=\"ICAOV1CodeSystem-ICAO044\"> </a></td><td>Vaxzevria</td></tr><tr><td style=\"white-space:nowrap\">ICAO045<a name=\"ICAOV1CodeSystem-ICAO045\"> </a></td><td>COVID-19 Vaccine AstraZeneca AZD1222</td></tr><tr><td style=\"white-space:nowrap\">ICAO046<a name=\"ICAOV1CodeSystem-ICAO046\"> </a></td><td>COVID-19 Vaccine AstraZeneca ChAdOx1 nCoV-19</td></tr><tr><td style=\"white-space:nowrap\">ICAO047<a name=\"ICAOV1CodeSystem-ICAO047\"> </a></td><td>COVID-19 Vaccine AstraZeneca ChAdOx1-S</td></tr><tr><td style=\"white-space:nowrap\">ICAO048<a name=\"ICAOV1CodeSystem-ICAO048\"> </a></td><td>AstraZeneca-Vaxzevria</td></tr><tr><td style=\"white-space:nowrap\">ICAO049<a name=\"ICAOV1CodeSystem-ICAO049\"> </a></td><td>R-Covi</td></tr><tr><td style=\"white-space:nowrap\">ICAO050<a name=\"ICAOV1CodeSystem-ICAO050\"> </a></td><td>Covishield</td></tr><tr><td style=\"white-space:nowrap\">ICAO051<a name=\"ICAOV1CodeSystem-ICAO051\"> </a></td><td>Covishield AZD1222</td></tr><tr><td style=\"white-space:nowrap\">ICAO052<a name=\"ICAOV1CodeSystem-ICAO052\"> </a></td><td>Covishield ChAdOx1 nCoV-19</td></tr><tr><td style=\"white-space:nowrap\">ICAO053<a name=\"ICAOV1CodeSystem-ICAO053\"> </a></td><td>Covishield ChAdOx1-S</td></tr><tr><td style=\"white-space:nowrap\">ICAO054<a name=\"ICAOV1CodeSystem-ICAO054\"> </a></td><td>SII-Covishield</td></tr><tr><td style=\"white-space:nowrap\">ICAO055<a name=\"ICAOV1CodeSystem-ICAO055\"> </a></td><td>COVID-19 Vaccine Janssen</td></tr><tr><td style=\"white-space:nowrap\">ICAO056<a name=\"ICAOV1CodeSystem-ICAO056\"> </a></td><td>Ad26.COV 2.S</td></tr><tr><td style=\"white-space:nowrap\">ICAO057<a name=\"ICAOV1CodeSystem-ICAO057\"> </a></td><td>Johnson &amp; Johnson COVID-19 vaccine</td></tr><tr><td style=\"white-space:nowrap\">ICAO058<a name=\"ICAOV1CodeSystem-ICAO058\"> </a></td><td>Janssen - Ad26.COV 2-S</td></tr><tr><td style=\"white-space:nowrap\">ICAO059<a name=\"ICAOV1CodeSystem-ICAO059\"> </a></td><td>Convidecia</td></tr><tr><td style=\"white-space:nowrap\">ICAO060<a name=\"ICAOV1CodeSystem-ICAO060\"> </a></td><td>CanSino-Convidecia</td></tr><tr><td style=\"white-space:nowrap\">ICAO061<a name=\"ICAOV1CodeSystem-ICAO061\"> </a></td><td>Ad5-nCOV</td></tr><tr><td style=\"white-space:nowrap\">ICAO062<a name=\"ICAOV1CodeSystem-ICAO062\"> </a></td><td>Gam-Covid-Vac</td></tr><tr><td style=\"white-space:nowrap\">ICAO063<a name=\"ICAOV1CodeSystem-ICAO063\"> </a></td><td>Gamaleya-Gam-Covid-Vac</td></tr><tr><td style=\"white-space:nowrap\">ICAO064<a name=\"ICAOV1CodeSystem-ICAO064\"> </a></td><td>Sputnik-V</td></tr><tr><td style=\"white-space:nowrap\">ICAO065<a name=\"ICAOV1CodeSystem-ICAO065\"> </a></td><td>Gam-KOVID-Vak</td></tr><tr><td style=\"white-space:nowrap\">ICAO066<a name=\"ICAOV1CodeSystem-ICAO066\"> </a></td><td>Sputnik-Light</td></tr><tr><td style=\"white-space:nowrap\">ICAO067<a name=\"ICAOV1CodeSystem-ICAO067\"> </a></td><td>Gamaleya-Sputnik-Light</td></tr><tr><td style=\"white-space:nowrap\">ICAO068<a name=\"ICAOV1CodeSystem-ICAO068\"> </a></td><td>CoronaVac</td></tr><tr><td style=\"white-space:nowrap\">ICAO069<a name=\"ICAOV1CodeSystem-ICAO069\"> </a></td><td>Sinovac COVID-19 Vaccine</td></tr><tr><td style=\"white-space:nowrap\">ICAO070<a name=\"ICAOV1CodeSystem-ICAO070\"> </a></td><td>PICOVACC</td></tr><tr><td style=\"white-space:nowrap\">ICAO071<a name=\"ICAOV1CodeSystem-ICAO071\"> </a></td><td>BBIBP-CorV</td></tr><tr><td style=\"white-space:nowrap\">ICAO072<a name=\"ICAOV1CodeSystem-ICAO072\"> </a></td><td>Sinopharm BBIBP-CorV</td></tr><tr><td style=\"white-space:nowrap\">ICAO073<a name=\"ICAOV1CodeSystem-ICAO073\"> </a></td><td>Sinopharm COVID-19 vaccine</td></tr><tr><td style=\"white-space:nowrap\">ICAO074<a name=\"ICAOV1CodeSystem-ICAO074\"> </a></td><td>Beijing CNBG - BBIBP-CorV</td></tr><tr><td style=\"white-space:nowrap\">ICAO075<a name=\"ICAOV1CodeSystem-ICAO075\"> </a></td><td>COVID-19 Vaccine BIBP</td></tr><tr><td style=\"white-space:nowrap\">ICAO076<a name=\"ICAOV1CodeSystem-ICAO076\"> </a></td><td>KCONVAC</td></tr><tr><td style=\"white-space:nowrap\">ICAO077<a name=\"ICAOV1CodeSystem-ICAO077\"> </a></td><td>Beijing Minhai-KCONVAC</td></tr><tr><td style=\"white-space:nowrap\">ICAO078<a name=\"ICAOV1CodeSystem-ICAO078\"> </a></td><td>Inactivated SARS-COV-2 vaccine, Vero cell</td></tr><tr><td style=\"white-space:nowrap\">ICAO079<a name=\"ICAOV1CodeSystem-ICAO079\"> </a></td><td>Covaxin</td></tr><tr><td style=\"white-space:nowrap\">ICAO080<a name=\"ICAOV1CodeSystem-ICAO080\"> </a></td><td>Bharat-Covaxin</td></tr><tr><td style=\"white-space:nowrap\">ICAO081<a name=\"ICAOV1CodeSystem-ICAO081\"> </a></td><td>BBV152</td></tr><tr><td style=\"white-space:nowrap\">ICAO082<a name=\"ICAOV1CodeSystem-ICAO082\"> </a></td><td>Covi-Vac</td></tr><tr><td style=\"white-space:nowrap\">ICAO083<a name=\"ICAOV1CodeSystem-ICAO083\"> </a></td><td>Chumakov-Covi-Vac</td></tr><tr><td style=\"white-space:nowrap\">ICAO084<a name=\"ICAOV1CodeSystem-ICAO084\"> </a></td><td>CoviVac</td></tr><tr><td style=\"white-space:nowrap\">ICAO085<a name=\"ICAOV1CodeSystem-ICAO085\"> </a></td><td>Hayat-Vax</td></tr><tr><td style=\"white-space:nowrap\">ICAO086<a name=\"ICAOV1CodeSystem-ICAO086\"> </a></td><td>Julphar-Hayat-Vax</td></tr><tr><td style=\"white-space:nowrap\">ICAO087<a name=\"ICAOV1CodeSystem-ICAO087\"> </a></td><td>QazVac</td></tr><tr><td style=\"white-space:nowrap\">ICAO088<a name=\"ICAOV1CodeSystem-ICAO088\"> </a></td><td>RIBSP-QazVac</td></tr><tr><td style=\"white-space:nowrap\">ICAO089<a name=\"ICAOV1CodeSystem-ICAO089\"> </a></td><td>QazCovid-in</td></tr><tr><td style=\"white-space:nowrap\">ICAO090<a name=\"ICAOV1CodeSystem-ICAO090\"> </a></td><td>COVIran Barakat</td></tr><tr><td style=\"white-space:nowrap\">ICAO091<a name=\"ICAOV1CodeSystem-ICAO091\"> </a></td><td>Shifa-COVIran Barakat</td></tr><tr><td style=\"white-space:nowrap\">ICAO092<a name=\"ICAOV1CodeSystem-ICAO092\"> </a></td><td>Covidful</td></tr><tr><td style=\"white-space:nowrap\">ICAO093<a name=\"ICAOV1CodeSystem-ICAO093\"> </a></td><td>IMB-inactivated</td></tr><tr><td style=\"white-space:nowrap\">ICAO094<a name=\"ICAOV1CodeSystem-ICAO094\"> </a></td><td>IMB-Covidful</td></tr><tr><td style=\"white-space:nowrap\">ICAO095<a name=\"ICAOV1CodeSystem-ICAO095\"> </a></td><td>Sinopharm WIBP-CorV</td></tr><tr><td style=\"white-space:nowrap\">ICAO096<a name=\"ICAOV1CodeSystem-ICAO096\"> </a></td><td>WIBP-CorV</td></tr><tr><td style=\"white-space:nowrap\">ICAO097<a name=\"ICAOV1CodeSystem-ICAO097\"> </a></td><td>Wuhan CNBG-Inactivated</td></tr></table></div>"},"url":"http://smart.who.int/ddcc/CodeSystem/ICAOV1CodeSystem","version":"1.0.0","name":"ICAOV1CodeSystem","title":"DDCC Codes for ICAO Vaccines","status":"draft","experimental":false,"date":"2024-10-15T13:40:08+00:00","publisher":"WHO","contact":[{"name":"WHO","telecom":[{"system":"url","value":"http://who.int"}]}],"description":"ICAO vaccines codes for DDCC so the FHIR server can perform expansions.","jurisdiction":[{"coding":[{"system":"http://unstats.un.org/unsd/methods/m49/m49.htm","code":"001"}]}],"caseSensitive":true,"content":"complete","count":97,"concept":[{"code":"ICAO001","display":"Comirnaty"},{"code":"ICAO002","display":"Tozinameran"},{"code":"ICAO003","display":"Pfizer-BioNTech COVID-19 vaccine BNT162b2"},{"code":"ICAO004","display":"3 LNP-mRNAS"},{"code":"ICAO005","display":"Tozinameran (INN)"},{"code":"ICAO006","display":"BNT162b2/COMIRNATY"},{"code":"ICAO007","display":"Pfizer BioNTech-Comirnaty"},{"code":"ICAO008","display":"BNT162"},{"code":"ICAO009","display":"COVID-19 Vaccine Moderna"},{"code":"ICAO010","display":"COVID-19 mRNA Vaccine Moderna mRNA-1273"},{"code":"ICAO011","display":"Spikevax"},{"code":"ICAO012","display":"Moderna-Spikevax"},{"code":"ICAO013","display":"ZyCov-D"},{"code":"ICAO014","display":"Zydus-ZyCov-D"},{"code":"ICAO015","display":"Recombinant SARS-CoV-2 vaccine"},{"code":"ICAO016","display":"Anhui ZL - Recombinant"},{"code":"ICAO017","display":"Adjuvanted recombinant protein (RBD-DIMER)"},{"code":"ICAO018","display":"ZF2001"},{"code":"ICAO019","display":"ZF-UZ-VAC 2001"},{"code":"ICAO020","display":"Soberana-02"},{"code":"ICAO021","display":"Finlay - Soberana-02"},{"code":"ICAO022","display":"RRBD produced in CHO-cell chemically conjugated to tetanus toxoid"},{"code":"ICAO023","display":"FINLAY-FR2"},{"code":"ICAO024","display":"PASTUCOVAC"},{"code":"ICAO025","display":"MVC-COV1901"},{"code":"ICAO026","display":"Medigen-MVC-COV1901"},{"code":"ICAO027","display":"MVC COVID-19 vaccine"},{"code":"ICAO028","display":"EpiVacCorona"},{"code":"ICAO029","display":"SRCVB-EpiVacCorona"},{"code":"ICAO030","display":"Soberana Plus"},{"code":"ICAO031","display":"Finlay-Soberana Plus"},{"code":"ICAO032","display":"EpiVacCorona-N"},{"code":"ICAO033","display":"SRCVB-EpiVacCorona-N"},{"code":"ICAO034","display":"SpikoGen"},{"code":"ICAO035","display":"Vaxine-SpikoGen"},{"code":"ICAO036","display":"COVAX-19"},{"code":"ICAO037","display":"Novavax COVID-19 vaccine"},{"code":"ICAO038","display":"Novavax-Covovax"},{"code":"ICAO039","display":"Nuvaxovid"},{"code":"ICAO040","display":"NVX-CoV2373"},{"code":"ICAO041","display":"Covovax"},{"code":"ICAO042","display":"Razi COV PARS"},{"code":"ICAO043","display":"COVID-19 Vaccine AstraZeneca"},{"code":"ICAO044","display":"Vaxzevria"},{"code":"ICAO045","display":"COVID-19 Vaccine AstraZeneca AZD1222"},{"code":"ICAO046","display":"COVID-19 Vaccine AstraZeneca ChAdOx1 nCoV-19"},{"code":"ICAO047","display":"COVID-19 Vaccine AstraZeneca ChAdOx1-S"},{"code":"ICAO048","display":"AstraZeneca-Vaxzevria"},{"code":"ICAO049","display":"R-Covi"},{"code":"ICAO050","display":"Covishield"},{"code":"ICAO051","display":"Covishield AZD1222"},{"code":"ICAO052","display":"Covishield ChAdOx1 nCoV-19"},{"code":"ICAO053","display":"Covishield ChAdOx1-S"},{"code":"ICAO054","display":"SII-Covishield"},{"code":"ICAO055","display":"COVID-19 Vaccine Janssen"},{"code":"ICAO056","display":"Ad26.COV 2.S"},{"code":"ICAO057","display":"Johnson & Johnson COVID-19 vaccine"},{"code":"ICAO058","display":"Janssen - Ad26.COV 2-S"},{"code":"ICAO059","display":"Convidecia"},{"code":"ICAO060","display":"CanSino-Convidecia"},{"code":"ICAO061","display":"Ad5-nCOV"},{"code":"ICAO062","display":"Gam-Covid-Vac"},{"code":"ICAO063","display":"Gamaleya-Gam-Covid-Vac"},{"code":"ICAO064","display":"Sputnik-V"},{"code":"ICAO065","display":"Gam-KOVID-Vak"},{"code":"ICAO066","display":"Sputnik-Light"},{"code":"ICAO067","display":"Gamaleya-Sputnik-Light"},{"code":"ICAO068","display":"CoronaVac"},{"code":"ICAO069","display":"Sinovac COVID-19 Vaccine"},{"code":"ICAO070","display":"PICOVACC"},{"code":"ICAO071","display":"BBIBP-CorV"},{"code":"ICAO072","display":"Sinopharm BBIBP-CorV"},{"code":"ICAO073","display":"Sinopharm COVID-19 vaccine"},{"code":"ICAO074","display":"Beijing CNBG - BBIBP-CorV"},{"code":"ICAO075","display":"COVID-19 Vaccine BIBP"},{"code":"ICAO076","display":"KCONVAC"},{"code":"ICAO077","display":"Beijing Minhai-KCONVAC"},{"code":"ICAO078","display":"Inactivated SARS-COV-2 vaccine, Vero cell"},{"code":"ICAO079","display":"Covaxin"},{"code":"ICAO080","display":"Bharat-Covaxin"},{"code":"ICAO081","display":"BBV152"},{"code":"ICAO082","display":"Covi-Vac"},{"code":"ICAO083","display":"Chumakov-Covi-Vac"},{"code":"ICAO084","display":"CoviVac"},{"code":"ICAO085","display":"Hayat-Vax"},{"code":"ICAO086","display":"Julphar-Hayat-Vax"},{"code":"ICAO087","display":"QazVac"},{"code":"ICAO088","display":"RIBSP-QazVac"},{"code":"ICAO089","display":"QazCovid-in"},{"code":"ICAO090","display":"COVIran Barakat"},{"code":"ICAO091","display":"Shifa-COVIran Barakat"},{"code":"ICAO092","display":"Covidful"},{"code":"ICAO093","display":"IMB-inactivated"},{"code":"ICAO094","display":"IMB-Covidful"},{"code":"ICAO095","display":"Sinopharm WIBP-CorV"},{"code":"ICAO096","display":"WIBP-CorV"},{"code":"ICAO097","display":"Wuhan CNBG-Inactivated"}]}