{"resourceType":"ValueSet","id":"LabTestPathogenCovid19SnomedValueSet","text":{"status":"generated","div":"<div xmlns=\"http://www.w3.org/1999/xhtml\"><p class=\"res-header-id\"><b>Generated Narrative: ValueSet LabTestPathogenCovid19SnomedValueSet</b></p><a name=\"LabTestPathogenCovid19SnomedValueSet\"> </a><a name=\"hcLabTestPathogenCovid19SnomedValueSet\"> </a><a name=\"LabTestPathogenCovid19SnomedValueSet-en-US\"> </a><ul><li>Include these codes as defined in <a href=\"http://www.snomed.org/\"><code>http://snomed.info/sct</code></a><table class=\"none\"><tr><td style=\"white-space:nowrap\"><b>Code</b></td><td><b>Display</b></td></tr><tr><td><a href=\"CodeSystem-WHODDCCsnomed.html#WHODDCCsnomed-407479009\">407479009</a></td><td>Influenza A virus (organism)</td></tr><tr><td><a href=\"CodeSystem-WHODDCCsnomed.html#WHODDCCsnomed-407480007\">407480007</a></td><td>Influenza B virus (organism)</td></tr><tr><td><a href=\"CodeSystem-WHODDCCsnomed.html#WHODDCCsnomed-840533007\">840533007</a></td><td>Severe acute respiratory syndrome coronavirus 2 (organism)</td></tr></table></li></ul></div>"},"url":"http://smart.who.int/ddcc/ValueSet/LabTestPathogenCovid19SnomedValueSet","version":"1.0.0","name":"LabTestPathogenCovid19SnomedValueSet","title":"Lab Test - Pathogen - COVID-19 - SNOMED CT","status":"draft","experimental":true,"date":"2024-10-15T13:40:08+00:00","publisher":"WHO","contact":[{"name":"WHO","telecom":[{"system":"url","value":"http://who.int"}]}],"description":"This is a one-time snapshot of the allowed values for pathogens in EUDCC, retrieved in February 2023 from https://eur-lex.europa.eu/legal-content/EN/TXT/?uri=uriserv%3AOJ.L_.2021.230.01.0032.01.ENG. Contents may need to be updated and readers should consult the credential's documentation.","jurisdiction":[{"coding":[{"system":"http://unstats.un.org/unsd/methods/m49/m49.htm","code":"001"}]}],"compose":{"include":[{"system":"http://snomed.info/sct","concept":[{"code":"407479009","display":"Influenza A virus (organism)"},{"code":"407480007","display":"Influenza B virus (organism)"},{"code":"840533007","display":"Severe acute respiratory syndrome coronavirus 2 (organism)"}]}]}}