{"resourceType":"ValueSet","id":"LabTestTypeDivocValueSet","text":{"status":"generated","div":"<div xmlns=\"http://www.w3.org/1999/xhtml\"><p class=\"res-header-id\"><b>Generated Narrative: ValueSet LabTestTypeDivocValueSet</b></p><a name=\"LabTestTypeDivocValueSet\"> </a><a name=\"hcLabTestTypeDivocValueSet\"> </a><a name=\"LabTestTypeDivocValueSet-en-US\"> </a><ul><li>Include these codes as defined in <code>http://smart.who.int/ddcc/CodeSystem/LabTestTypeDivocValueSet</code><table class=\"none\"><tr><td style=\"white-space:nowrap\"><b>Code</b></td><td><b>Display</b></td></tr><tr><td>RT-PCR</td><td>RT-PCR</td></tr><tr><td>Rapid Antigen Test (RAT)</td><td>Rapid Antigen Test (RAT)</td></tr><tr><td>rt-pcr</td><td>RT-PCR</td></tr><tr><td>rapid antigen test (rat)</td><td>Rapid Antigen Test (RAT)</td></tr></table></li></ul></div>"},"url":"http://smart.who.int/ddcc/ValueSet/LabTestTypeDivocValueSet","version":"1.0.0","name":"LabTestTypeDivocValueSet","title":"Lab Test - Type - DIVOC","status":"draft","experimental":true,"date":"2024-10-15T13:40:08+00:00","publisher":"WHO","contact":[{"name":"WHO","telecom":[{"system":"url","value":"http://who.int"}]}],"description":"This is a one-time snapshot of the allowed values for lab test types, retrieved in February 2023. Contents may need to be updated and readers should consult the credential's documentation. Some information on DIVOC's test certificate can be found at https://github.com/egovernments/DIVOC/blob/main/test-certificate-context/test-certificate-context.js. Additional information on DIVOC can be found at <https://divoc.digit.org/platform/divocs-verifiable-certificate-features>","jurisdiction":[{"coding":[{"system":"http://unstats.un.org/unsd/methods/m49/m49.htm","code":"001"}]}],"compose":{"include":[{"system":"http://smart.who.int/ddcc/CodeSystem/LabTestTypeDivocValueSet","concept":[{"code":"RT-PCR","display":"RT-PCR"},{"code":"Rapid Antigen Test (RAT)","display":"Rapid Antigen Test (RAT)"},{"code":"rt-pcr","display":"RT-PCR"},{"code":"rapid antigen test (rat)","display":"Rapid Antigen Test (RAT)"}]}]}}