<?xml version="1.0" encoding="UTF-8"?>

<CodeSystem xmlns="http://hl7.org/fhir">
  <id value="DDCCQRTypeCodeSystem"/>
  <text>
    <status value="generated"/><div xmlns="http://www.w3.org/1999/xhtml"><p class="res-header-id"><b>Generated Narrative: CodeSystem DDCCQRTypeCodeSystem</b></p><a name="DDCCQRTypeCodeSystem"> </a><a name="hcDDCCQRTypeCodeSystem"> </a><a name="DDCCQRTypeCodeSystem-en-US"> </a><p>This case-sensitive code system <code>http://smart.who.int/ddcc/CodeSystem/DDCCQRTypeCodeSystem</code> defines the following codes:</p><table class="codes"><tr><td style="white-space:nowrap"><b>Code</b></td><td><b>Display</b></td></tr><tr><td style="white-space:nowrap">who<a name="DDCCQRTypeCodeSystem-who"> </a></td><td>WHO DDCC</td></tr><tr><td style="white-space:nowrap">dcc<a name="DDCCQRTypeCodeSystem-dcc"> </a></td><td>EU DCC</td></tr><tr><td style="white-space:nowrap">icao<a name="DDCCQRTypeCodeSystem-icao"> </a></td><td>ICAO</td></tr><tr><td style="white-space:nowrap">au<a name="DDCCQRTypeCodeSystem-au"> </a></td><td>AU</td></tr><tr><td style="white-space:nowrap">shc<a name="DDCCQRTypeCodeSystem-shc"> </a></td><td>SMART Health Card</td></tr><tr><td style="white-space:nowrap">divoc<a name="DDCCQRTypeCodeSystem-divoc"> </a></td><td>DIVOC</td></tr></table></div>
  </text>
  <url value="http://smart.who.int/ddcc/CodeSystem/DDCCQRTypeCodeSystem"/>
  <version value="1.0.0"/>
  <name value="DDCCQRTypeCodeSystem"/>
  <title value="DDCC QR Category Usage Codes"/>
  <status value="draft"/>
  <experimental value="false"/>
  <date value="2024-10-15T09:23:49+00:00"/>
  <publisher value="WHO"/>
  <contact>
    <name value="WHO"/>
    <telecom>
      <system value="url"/>
      <value value="http://who.int"/>
    </telecom>
  </contact>
  <description value="Possible formats available for QR usage."/>
  <jurisdiction>
    <coding>
      <system value="http://unstats.un.org/unsd/methods/m49/m49.htm"/>
      <code value="001"/>
    </coding>
  </jurisdiction>
  <caseSensitive value="true"/>
  <content value="complete"/>
  <count value="6"/>
  <concept>
    <code value="who"/>
    <display value="WHO DDCC"/>
  </concept>
  <concept>
    <code value="dcc"/>
    <display value="EU DCC"/>
  </concept>
  <concept>
    <code value="icao"/>
    <display value="ICAO"/>
  </concept>
  <concept>
    <code value="au"/>
    <display value="AU"/>
  </concept>
  <concept>
    <code value="shc"/>
    <display value="SMART Health Card"/>
  </concept>
  <concept>
    <code value="divoc"/>
    <display value="DIVOC"/>
  </concept>
</CodeSystem>