{
  "resourceType" : "CodeSystem",
  "id" : "DDCCFolderDesignationTypeCodesystem",
  "text" : {
    "status" : "generated",
    "div" : "<div xmlns=\"http://www.w3.org/1999/xhtml\"><p class=\"res-header-id\"><b>Generated Narrative: CodeSystem DDCCFolderDesignationTypeCodesystem</b></p><a name=\"DDCCFolderDesignationTypeCodesystem\"> </a><a name=\"hcDDCCFolderDesignationTypeCodesystem\"> </a><a name=\"DDCCFolderDesignationTypeCodesystem-en-US\"> </a><p>This case-sensitive code system <code>http://smart.who.int/ddcc/CodeSystem/DDCCFolderDesignationTypeCodesystem</code> defines the following code:</p><table class=\"codes\"><tr><td style=\"white-space:nowrap\"><b>Code</b></td><td><b>Display</b></td></tr><tr><td style=\"white-space:nowrap\">ddcc<a name=\"DDCCFolderDesignationTypeCodesystem-ddcc\"> </a></td><td>DDCC</td></tr></table></div>"
  },
  "url" : "http://smart.who.int/ddcc/CodeSystem/DDCCFolderDesignationTypeCodesystem",
  "version" : "1.0.0",
  "name" : "DDCCFolderDesignationTypeCodesystem",
  "title" : "DDCC Designation Types for Folder",
  "status" : "draft",
  "experimental" : false,
  "date" : "2025-03-10T12:24:36+00:00",
  "publisher" : "WHO",
  "contact" : [{
    "name" : "WHO",
    "telecom" : [{
      "system" : "url",
      "value" : "http://who.int"
    }]
  }],
  "description" : "DDCC Designation Types to use for DDCC Folders.",
  "jurisdiction" : [{
    "coding" : [{
      "system" : "http://unstats.un.org/unsd/methods/m49/m49.htm",
      "code" : "001"
    }]
  }],
  "caseSensitive" : true,
  "content" : "complete",
  "count" : 1,
  "concept" : [{
    "code" : "ddcc",
    "display" : "DDCC"
  }]
}