{
  "resourceType" : "ConceptMap",
  "id" : "who-ddcc-map-sct-ichi-specimen-origin",
  "text" : {
    "status" : "generated",
    "div" : "<div xmlns=\"http://www.w3.org/1999/xhtml\"><p class=\"res-header-id\"><b>Generated Narrative: ConceptMap who-ddcc-map-sct-ichi-specimen-origin</b></p><a name=\"who-ddcc-map-sct-ichi-specimen-origin\"> </a><a name=\"hcwho-ddcc-map-sct-ichi-specimen-origin\"> </a><a name=\"who-ddcc-map-sct-ichi-specimen-origin-en-US\"> </a><p>Mapping from (not specified) to (not specified)</p><br/><p><b>Group 1 </b>Mapping from <a href=\"CodeSystem-WHODDCCsnomed.html\">SNOMED codes used in this IG</a> to <code>http://id.who.int/icd11/mms</code></p><table class=\"grid\"><tr><td><b>Source Code</b></td><td><b>Relationship</b></td><td><b>Target Code</b></td></tr><tr><td>258500001</td><td><a href=\"http://hl7.org/fhir/extensions/5.2.0/CodeSystem-concept-map-equivalence.html#equivalent\" title=\"equivalent\">is equivalent to</a></td><td>JAM.AH.XF</td></tr><tr><td>461911000124106</td><td><a href=\"http://hl7.org/fhir/extensions/5.2.0/CodeSystem-concept-map-equivalence.html#equivalent\" title=\"equivalent\">is equivalent to</a></td><td>KAR.AH.XF</td></tr><tr><td>472881004</td><td><a href=\"http://hl7.org/fhir/extensions/5.2.0/CodeSystem-concept-map-equivalence.html#equivalent\" title=\"equivalent\">is equivalent to</a></td><td>KAR.AH.XF</td></tr><tr><td>472901003</td><td><a href=\"http://hl7.org/fhir/extensions/5.2.0/CodeSystem-concept-map-equivalence.html#equivalent\" title=\"equivalent\">is equivalent to</a></td><td>JAE.AH.XF</td></tr><tr><td>119342007</td><td><a href=\"http://hl7.org/fhir/extensions/5.2.0/CodeSystem-concept-map-equivalence.html#equivalent\" title=\"equivalent\">is equivalent to</a></td><td>KAZ.AH.XD</td></tr><tr><td>119297000</td><td><a href=\"http://hl7.org/fhir/extensions/5.2.0/CodeSystem-concept-map-equivalence.html#equivalent\" title=\"equivalent\">is equivalent to</a></td><td>DIA.AH.XA</td></tr><tr><td>119361006</td><td><a href=\"http://hl7.org/fhir/extensions/5.2.0/CodeSystem-concept-map-equivalence.html#equivalent\" title=\"equivalent\">is equivalent to</a></td><td>DIA.AH.XA</td></tr><tr><td>119364003</td><td><a href=\"http://hl7.org/fhir/extensions/5.2.0/CodeSystem-concept-map-equivalence.html#equivalent\" title=\"equivalent\">is equivalent to</a></td><td>DIA.AH.XA</td></tr><tr><td>122592007</td><td><a href=\"http://hl7.org/fhir/extensions/5.2.0/CodeSystem-concept-map-equivalence.html#equivalent\" title=\"equivalent\">is equivalent to</a></td><td>DIA.AH.XA</td></tr></table></div>"
  },
  "url" : "http://smart.who.int/ddcc/ConceptMap/who-ddcc-map-sct-ichi-specimen-origin",
  "version" : "1.0.0",
  "name" : "SNOMED_CT_ICHI_COVID19_Specimen_Origin",
  "title" : "ConceptMap from SNOMED CT to ICHI for Specimen Origin",
  "status" : "draft",
  "experimental" : true,
  "date" : "2022-03-22",
  "publisher" : "WHO",
  "contact" : [{
    "name" : "WHO",
    "telecom" : [{
      "system" : "url",
      "value" : "http://who.int"
    }]
  }],
  "description" : "Rule-based mappings between SNOMED CT and ICHI for COVID-19 Specimen Origin",
  "jurisdiction" : [{
    "coding" : [{
      "system" : "http://unstats.un.org/unsd/methods/m49/m49.htm",
      "code" : "001"
    }]
  }],
  "group" : [{
    "source" : "http://snomed.info/sct",
    "target" : "http://id.who.int/icd11/mms",
    "element" : [{
      "code" : "258500001",
      "target" : [{
        "code" : "JAM.AH.XF",
        "equivalence" : "equivalent"
      }]
    },
    {
      "code" : "461911000124106",
      "target" : [{
        "code" : "KAR.AH.XF",
        "equivalence" : "equivalent"
      }]
    },
    {
      "code" : "472881004",
      "target" : [{
        "code" : "KAR.AH.XF",
        "equivalence" : "equivalent"
      }]
    },
    {
      "code" : "472901003",
      "target" : [{
        "code" : "JAE.AH.XF",
        "equivalence" : "equivalent"
      }]
    },
    {
      "code" : "119342007",
      "target" : [{
        "code" : "KAZ.AH.XD",
        "equivalence" : "equivalent"
      }]
    },
    {
      "code" : "119297000",
      "target" : [{
        "code" : "DIA.AH.XA",
        "equivalence" : "equivalent"
      }]
    },
    {
      "code" : "119361006",
      "target" : [{
        "code" : "DIA.AH.XA",
        "equivalence" : "equivalent"
      }]
    },
    {
      "code" : "119364003",
      "target" : [{
        "code" : "DIA.AH.XA",
        "equivalence" : "equivalent"
      }]
    },
    {
      "code" : "122592007",
      "target" : [{
        "code" : "DIA.AH.XA",
        "equivalence" : "equivalent"
      }]
    }]
  }]
}