{
  "resourceType" : "ConceptMap",
  "id" : "who-ddcc-map-icd11-icao-vaccines",
  "text" : {
    "status" : "generated",
    "div" : "<div xmlns=\"http://www.w3.org/1999/xhtml\"><p class=\"res-header-id\"><b>Generated Narrative: ConceptMap who-ddcc-map-icd11-icao-vaccines</b></p><a name=\"who-ddcc-map-icd11-icao-vaccines\"> </a><a name=\"hcwho-ddcc-map-icd11-icao-vaccines\"> </a><a name=\"who-ddcc-map-icd11-icao-vaccines-en-US\"> </a><p>Mapping from (not specified) to (not specified)</p><br/><p><b>Group 1 </b>Mapping from <code>http://id.who.int/icd11/mms</code> to <code>http://smart.who.int/ddcc/ICAOV1</code></p><table class=\"grid\"><tr><td colspan=\"2\"><b>Source Concept Details</b></td><td><b>Relationship</b></td><td colspan=\"2\"><b>Target Concept Details</b></td><td><b>Comment</b></td><td colspan=\"2\"><b>Properties</b></td></tr><tr><td colspan=\"2\"><b>Codes</b> from http://id.who.int/icd11/mms</td><td/><td colspan=\"2\"><b>Codes</b> from http://smart.who.int/ddcc/ICAOV1</td><td/></tr><tr><td style=\"border-right-width: 0px; border-bottom-style: none\">XM68M6</td><td style=\"border-left-width: 0px; border-bottom-style: none\"></td><td><a href=\"http://hl7.org/fhir/extensions/5.2.0/CodeSystem-concept-map-equivalence.html#narrower\" title=\"narrower\">narrower</a></td><td style=\"border-right-width: 0px\">ICAO001</td><td style=\"border-left-width: 0px\"></td><td>ICAO codes are brands and ICD11 is the generic type.</td></tr><tr><td style=\"border-right-width: 0px; border-top-style: none; border-bottom-style: none\"/><td style=\"border-left-width: 0px; border-top-style: none; border-bottom-style: none\"/><td><a href=\"http://hl7.org/fhir/extensions/5.2.0/CodeSystem-concept-map-equivalence.html#narrower\" title=\"narrower\">narrower</a></td><td style=\"border-right-width: 0px\">ICAO002</td><td style=\"border-left-width: 0px\"></td><td>ICAO codes are brands and ICD11 is the generic type.</td></tr><tr><td style=\"border-right-width: 0px; border-top-style: none; border-bottom-style: none\"/><td style=\"border-left-width: 0px; border-top-style: none; border-bottom-style: none\"/><td><a href=\"http://hl7.org/fhir/extensions/5.2.0/CodeSystem-concept-map-equivalence.html#narrower\" title=\"narrower\">narrower</a></td><td style=\"border-right-width: 0px\">ICAO003</td><td style=\"border-left-width: 0px\"></td><td>ICAO codes are brands and ICD11 is the generic type.</td></tr><tr><td style=\"border-right-width: 0px; border-top-style: none; border-bottom-style: none\"/><td style=\"border-left-width: 0px; border-top-style: none; border-bottom-style: none\"/><td><a href=\"http://hl7.org/fhir/extensions/5.2.0/CodeSystem-concept-map-equivalence.html#narrower\" title=\"narrower\">narrower</a></td><td style=\"border-right-width: 0px\">ICAO004</td><td style=\"border-left-width: 0px\"></td><td>ICAO codes are brands and ICD11 is the generic type.</td></tr><tr><td style=\"border-right-width: 0px; border-top-style: none; border-bottom-style: none\"/><td style=\"border-left-width: 0px; border-top-style: none; border-bottom-style: none\"/><td><a href=\"http://hl7.org/fhir/extensions/5.2.0/CodeSystem-concept-map-equivalence.html#narrower\" title=\"narrower\">narrower</a></td><td style=\"border-right-width: 0px\">ICAO005</td><td style=\"border-left-width: 0px\"></td><td>ICAO codes are brands and ICD11 is the generic type.</td></tr><tr><td style=\"border-right-width: 0px; border-top-style: none; border-bottom-style: none\"/><td style=\"border-left-width: 0px; border-top-style: none; border-bottom-style: none\"/><td><a href=\"http://hl7.org/fhir/extensions/5.2.0/CodeSystem-concept-map-equivalence.html#narrower\" title=\"narrower\">narrower</a></td><td style=\"border-right-width: 0px\">ICAO006</td><td style=\"border-left-width: 0px\"></td><td>ICAO codes are brands and ICD11 is the generic type.</td></tr><tr><td style=\"border-right-width: 0px; border-top-style: none; border-bottom-style: none\"/><td style=\"border-left-width: 0px; border-top-style: none; border-bottom-style: none\"/><td><a href=\"http://hl7.org/fhir/extensions/5.2.0/CodeSystem-concept-map-equivalence.html#narrower\" title=\"narrower\">narrower</a></td><td style=\"border-right-width: 0px\">ICAO007</td><td style=\"border-left-width: 0px\"></td><td>ICAO codes are brands and ICD11 is the generic type.</td></tr><tr><td style=\"border-right-width: 0px; border-top-style: none\"/><td style=\"border-top-style: none; border-left-width: 0px\"/><td><a href=\"http://hl7.org/fhir/extensions/5.2.0/CodeSystem-concept-map-equivalence.html#narrower\" title=\"narrower\">narrower</a></td><td style=\"border-right-width: 0px\">ICAO008</td><td style=\"border-left-width: 0px\"></td><td>ICAO codes are brands and ICD11 is the generic type.</td></tr><tr><td style=\"border-right-width: 0px; border-bottom-style: none\">XM3DT5</td><td style=\"border-left-width: 0px; border-bottom-style: none\"></td><td><a href=\"http://hl7.org/fhir/extensions/5.2.0/CodeSystem-concept-map-equivalence.html#narrower\" title=\"narrower\">narrower</a></td><td style=\"border-right-width: 0px\">ICAO009</td><td style=\"border-left-width: 0px\"></td><td>ICAO codes are brands and ICD11 is the generic type.</td></tr><tr><td style=\"border-right-width: 0px; border-top-style: none; border-bottom-style: none\"/><td style=\"border-left-width: 0px; border-top-style: none; border-bottom-style: none\"/><td><a href=\"http://hl7.org/fhir/extensions/5.2.0/CodeSystem-concept-map-equivalence.html#narrower\" title=\"narrower\">narrower</a></td><td style=\"border-right-width: 0px\">ICAO010</td><td style=\"border-left-width: 0px\"></td><td>ICAO codes are brands and ICD11 is the generic type.</td></tr><tr><td style=\"border-right-width: 0px; border-top-style: none; border-bottom-style: none\"/><td style=\"border-left-width: 0px; border-top-style: none; border-bottom-style: none\"/><td><a href=\"http://hl7.org/fhir/extensions/5.2.0/CodeSystem-concept-map-equivalence.html#narrower\" title=\"narrower\">narrower</a></td><td style=\"border-right-width: 0px\">ICAO011</td><td style=\"border-left-width: 0px\"></td><td>ICAO codes are brands and ICD11 is the generic type.</td></tr><tr><td style=\"border-right-width: 0px; border-top-style: none\"/><td style=\"border-top-style: none; border-left-width: 0px\"/><td><a href=\"http://hl7.org/fhir/extensions/5.2.0/CodeSystem-concept-map-equivalence.html#narrower\" title=\"narrower\">narrower</a></td><td style=\"border-right-width: 0px\">ICAO012</td><td style=\"border-left-width: 0px\"></td><td>ICAO codes are brands and ICD11 is the generic type.</td></tr><tr><td style=\"border-right-width: 0px; border-bottom-style: none\">XM52P3</td><td style=\"border-left-width: 0px; border-bottom-style: none\"></td><td><a href=\"http://hl7.org/fhir/extensions/5.2.0/CodeSystem-concept-map-equivalence.html#narrower\" title=\"narrower\">narrower</a></td><td style=\"border-right-width: 0px\">ICAO013</td><td style=\"border-left-width: 0px\"></td><td>ICAO codes are brands and ICD11 is the generic type.</td></tr><tr><td style=\"border-right-width: 0px; border-top-style: none\"/><td style=\"border-top-style: none; border-left-width: 0px\"/><td><a href=\"http://hl7.org/fhir/extensions/5.2.0/CodeSystem-concept-map-equivalence.html#narrower\" title=\"narrower\">narrower</a></td><td style=\"border-right-width: 0px\">ICAO014</td><td style=\"border-left-width: 0px\"></td><td>ICAO codes are brands and ICD11 is the generic type.</td></tr><tr><td style=\"border-right-width: 0px; border-bottom-style: none\">XM3CT4</td><td style=\"border-left-width: 0px; border-bottom-style: none\"></td><td><a href=\"http://hl7.org/fhir/extensions/5.2.0/CodeSystem-concept-map-equivalence.html#narrower\" title=\"narrower\">narrower</a></td><td style=\"border-right-width: 0px\">ICAO015</td><td style=\"border-left-width: 0px\"></td><td>ICAO codes are brands and ICD11 is the generic type.</td></tr><tr><td style=\"border-right-width: 0px; border-top-style: none; border-bottom-style: none\"/><td style=\"border-left-width: 0px; border-top-style: none; border-bottom-style: none\"/><td><a href=\"http://hl7.org/fhir/extensions/5.2.0/CodeSystem-concept-map-equivalence.html#narrower\" title=\"narrower\">narrower</a></td><td style=\"border-right-width: 0px\">ICAO016</td><td style=\"border-left-width: 0px\"></td><td>ICAO codes are brands and ICD11 is the generic type.</td></tr><tr><td style=\"border-right-width: 0px; border-top-style: none; border-bottom-style: none\"/><td style=\"border-left-width: 0px; border-top-style: none; border-bottom-style: none\"/><td><a href=\"http://hl7.org/fhir/extensions/5.2.0/CodeSystem-concept-map-equivalence.html#narrower\" title=\"narrower\">narrower</a></td><td style=\"border-right-width: 0px\">ICAO017</td><td style=\"border-left-width: 0px\"></td><td>ICAO codes are brands and ICD11 is the generic type.</td></tr><tr><td style=\"border-right-width: 0px; border-top-style: none; border-bottom-style: none\"/><td style=\"border-left-width: 0px; border-top-style: none; border-bottom-style: none\"/><td><a href=\"http://hl7.org/fhir/extensions/5.2.0/CodeSystem-concept-map-equivalence.html#narrower\" title=\"narrower\">narrower</a></td><td style=\"border-right-width: 0px\">ICAO018</td><td style=\"border-left-width: 0px\"></td><td>ICAO codes are brands and ICD11 is the generic type.</td></tr><tr><td style=\"border-right-width: 0px; border-top-style: none\"/><td style=\"border-top-style: none; border-left-width: 0px\"/><td><a href=\"http://hl7.org/fhir/extensions/5.2.0/CodeSystem-concept-map-equivalence.html#narrower\" title=\"narrower\">narrower</a></td><td style=\"border-right-width: 0px\">ICAO019</td><td style=\"border-left-width: 0px\"></td><td>ICAO codes are brands and ICD11 is the generic type.</td></tr><tr><td style=\"border-right-width: 0px; border-bottom-style: none\">XM3PG0</td><td style=\"border-left-width: 0px; border-bottom-style: none\"></td><td><a href=\"http://hl7.org/fhir/extensions/5.2.0/CodeSystem-concept-map-equivalence.html#narrower\" title=\"narrower\">narrower</a></td><td style=\"border-right-width: 0px\">ICAO020</td><td style=\"border-left-width: 0px\"></td><td>ICAO codes are brands and ICD11 is the generic type.</td></tr><tr><td style=\"border-right-width: 0px; border-top-style: none; border-bottom-style: none\"/><td style=\"border-left-width: 0px; border-top-style: none; border-bottom-style: none\"/><td><a href=\"http://hl7.org/fhir/extensions/5.2.0/CodeSystem-concept-map-equivalence.html#narrower\" title=\"narrower\">narrower</a></td><td style=\"border-right-width: 0px\">ICAO021</td><td style=\"border-left-width: 0px\"></td><td>ICAO codes are brands and ICD11 is the generic type.</td></tr><tr><td style=\"border-right-width: 0px; border-top-style: none; border-bottom-style: none\"/><td style=\"border-left-width: 0px; border-top-style: none; border-bottom-style: none\"/><td><a href=\"http://hl7.org/fhir/extensions/5.2.0/CodeSystem-concept-map-equivalence.html#narrower\" title=\"narrower\">narrower</a></td><td style=\"border-right-width: 0px\">ICAO022</td><td style=\"border-left-width: 0px\"></td><td>ICAO codes are brands and ICD11 is the generic type.</td></tr><tr><td style=\"border-right-width: 0px; border-top-style: none; border-bottom-style: none\"/><td style=\"border-left-width: 0px; border-top-style: none; border-bottom-style: none\"/><td><a href=\"http://hl7.org/fhir/extensions/5.2.0/CodeSystem-concept-map-equivalence.html#narrower\" title=\"narrower\">narrower</a></td><td style=\"border-right-width: 0px\">ICAO023</td><td style=\"border-left-width: 0px\"></td><td>ICAO codes are brands and ICD11 is the generic type.</td></tr><tr><td style=\"border-right-width: 0px; border-top-style: none\"/><td style=\"border-top-style: none; border-left-width: 0px\"/><td><a href=\"http://hl7.org/fhir/extensions/5.2.0/CodeSystem-concept-map-equivalence.html#narrower\" title=\"narrower\">narrower</a></td><td style=\"border-right-width: 0px\">ICAO024</td><td style=\"border-left-width: 0px\"></td><td>ICAO codes are brands and ICD11 is the generic type.</td></tr><tr><td style=\"border-right-width: 0px; border-bottom-style: none\">XM4EC8</td><td style=\"border-left-width: 0px; border-bottom-style: none\"></td><td><a href=\"http://hl7.org/fhir/extensions/5.2.0/CodeSystem-concept-map-equivalence.html#narrower\" title=\"narrower\">narrower</a></td><td style=\"border-right-width: 0px\">ICAO025</td><td style=\"border-left-width: 0px\"></td><td>ICAO codes are brands and ICD11 is the generic type.</td></tr><tr><td style=\"border-right-width: 0px; border-top-style: none; border-bottom-style: none\"/><td style=\"border-left-width: 0px; border-top-style: none; border-bottom-style: none\"/><td><a href=\"http://hl7.org/fhir/extensions/5.2.0/CodeSystem-concept-map-equivalence.html#narrower\" title=\"narrower\">narrower</a></td><td style=\"border-right-width: 0px\">ICAO026</td><td style=\"border-left-width: 0px\"></td><td>ICAO codes are brands and ICD11 is the generic type.</td></tr><tr><td style=\"border-right-width: 0px; border-top-style: none\"/><td style=\"border-top-style: none; border-left-width: 0px\"/><td><a href=\"http://hl7.org/fhir/extensions/5.2.0/CodeSystem-concept-map-equivalence.html#narrower\" title=\"narrower\">narrower</a></td><td style=\"border-right-width: 0px\">ICAO027</td><td style=\"border-left-width: 0px\"></td><td>ICAO codes are brands and ICD11 is the generic type.</td></tr><tr><td style=\"border-right-width: 0px; border-bottom-style: none\">XM6SZ8</td><td style=\"border-left-width: 0px; border-bottom-style: none\"></td><td><a href=\"http://hl7.org/fhir/extensions/5.2.0/CodeSystem-concept-map-equivalence.html#narrower\" title=\"narrower\">narrower</a></td><td style=\"border-right-width: 0px\">ICAO028</td><td style=\"border-left-width: 0px\"></td><td>ICAO codes are brands and ICD11 is the generic type.</td></tr><tr><td style=\"border-right-width: 0px; border-top-style: none\"/><td style=\"border-top-style: none; border-left-width: 0px\"/><td><a href=\"http://hl7.org/fhir/extensions/5.2.0/CodeSystem-concept-map-equivalence.html#narrower\" title=\"narrower\">narrower</a></td><td style=\"border-right-width: 0px\">ICAO029</td><td style=\"border-left-width: 0px\"></td><td>ICAO codes are brands and ICD11 is the generic type.</td></tr><tr><td style=\"border-right-width: 0px; border-bottom-style: none\">XM0RV9</td><td style=\"border-left-width: 0px; border-bottom-style: none\"></td><td><a href=\"http://hl7.org/fhir/extensions/5.2.0/CodeSystem-concept-map-equivalence.html#narrower\" title=\"narrower\">narrower</a></td><td style=\"border-right-width: 0px\">ICAO030</td><td style=\"border-left-width: 0px\"></td><td>ICAO codes are brands and ICD11 is the generic type.</td></tr><tr><td style=\"border-right-width: 0px; border-top-style: none\"/><td style=\"border-top-style: none; border-left-width: 0px\"/><td><a href=\"http://hl7.org/fhir/extensions/5.2.0/CodeSystem-concept-map-equivalence.html#narrower\" title=\"narrower\">narrower</a></td><td style=\"border-right-width: 0px\">ICAO031</td><td style=\"border-left-width: 0px\"></td><td>ICAO codes are brands and ICD11 is the generic type.</td></tr><tr><td style=\"border-right-width: 0px; border-bottom-style: none\">XM3SK8</td><td style=\"border-left-width: 0px; border-bottom-style: none\"></td><td><a href=\"http://hl7.org/fhir/extensions/5.2.0/CodeSystem-concept-map-equivalence.html#narrower\" title=\"narrower\">narrower</a></td><td style=\"border-right-width: 0px\">ICAO032</td><td style=\"border-left-width: 0px\"></td><td>ICAO codes are brands and ICD11 is the generic type.</td></tr><tr><td style=\"border-right-width: 0px; border-top-style: none\"/><td style=\"border-top-style: none; border-left-width: 0px\"/><td><a href=\"http://hl7.org/fhir/extensions/5.2.0/CodeSystem-concept-map-equivalence.html#narrower\" title=\"narrower\">narrower</a></td><td style=\"border-right-width: 0px\">ICAO033</td><td style=\"border-left-width: 0px\"></td><td>ICAO codes are brands and ICD11 is the generic type.</td></tr><tr><td style=\"border-right-width: 0px; border-bottom-style: none\">XM9P21</td><td style=\"border-left-width: 0px; border-bottom-style: none\"></td><td><a href=\"http://hl7.org/fhir/extensions/5.2.0/CodeSystem-concept-map-equivalence.html#narrower\" title=\"narrower\">narrower</a></td><td style=\"border-right-width: 0px\">ICAO034</td><td style=\"border-left-width: 0px\"></td><td>ICAO codes are brands and ICD11 is the generic type.</td></tr><tr><td style=\"border-right-width: 0px; border-top-style: none; border-bottom-style: none\"/><td style=\"border-left-width: 0px; border-top-style: none; border-bottom-style: none\"/><td><a href=\"http://hl7.org/fhir/extensions/5.2.0/CodeSystem-concept-map-equivalence.html#narrower\" title=\"narrower\">narrower</a></td><td style=\"border-right-width: 0px\">ICAO035</td><td style=\"border-left-width: 0px\"></td><td>ICAO codes are brands and ICD11 is the generic type.</td></tr><tr><td style=\"border-right-width: 0px; border-top-style: none\"/><td style=\"border-top-style: none; border-left-width: 0px\"/><td><a href=\"http://hl7.org/fhir/extensions/5.2.0/CodeSystem-concept-map-equivalence.html#narrower\" title=\"narrower\">narrower</a></td><td style=\"border-right-width: 0px\">ICAO036</td><td style=\"border-left-width: 0px\"></td><td>ICAO codes are brands and ICD11 is the generic type.</td></tr><tr><td style=\"border-right-width: 0px; border-bottom-style: none\">XM9T65</td><td style=\"border-left-width: 0px; border-bottom-style: none\"></td><td><a href=\"http://hl7.org/fhir/extensions/5.2.0/CodeSystem-concept-map-equivalence.html#narrower\" title=\"narrower\">narrower</a></td><td style=\"border-right-width: 0px\">ICAO037</td><td style=\"border-left-width: 0px\"></td><td>ICAO codes are brands and ICD11 is the generic type.</td></tr><tr><td style=\"border-right-width: 0px; border-top-style: none; border-bottom-style: none\"/><td style=\"border-left-width: 0px; border-top-style: none; border-bottom-style: none\"/><td><a href=\"http://hl7.org/fhir/extensions/5.2.0/CodeSystem-concept-map-equivalence.html#narrower\" title=\"narrower\">narrower</a></td><td style=\"border-right-width: 0px\">ICAO038</td><td style=\"border-left-width: 0px\"></td><td>ICAO codes are brands and ICD11 is the generic type.</td></tr><tr><td style=\"border-right-width: 0px; border-top-style: none; border-bottom-style: none\"/><td style=\"border-left-width: 0px; border-top-style: none; border-bottom-style: none\"/><td><a href=\"http://hl7.org/fhir/extensions/5.2.0/CodeSystem-concept-map-equivalence.html#narrower\" title=\"narrower\">narrower</a></td><td style=\"border-right-width: 0px\">ICAO039</td><td style=\"border-left-width: 0px\"></td><td>ICAO codes are brands and ICD11 is the generic type.</td></tr><tr><td style=\"border-right-width: 0px; border-top-style: none; border-bottom-style: none\"/><td style=\"border-left-width: 0px; border-top-style: none; border-bottom-style: none\"/><td><a href=\"http://hl7.org/fhir/extensions/5.2.0/CodeSystem-concept-map-equivalence.html#narrower\" title=\"narrower\">narrower</a></td><td style=\"border-right-width: 0px\">ICAO040</td><td style=\"border-left-width: 0px\"></td><td>ICAO codes are brands and ICD11 is the generic type.</td></tr><tr><td style=\"border-right-width: 0px; border-top-style: none\"/><td style=\"border-top-style: none; border-left-width: 0px\"/><td><a href=\"http://hl7.org/fhir/extensions/5.2.0/CodeSystem-concept-map-equivalence.html#narrower\" title=\"narrower\">narrower</a></td><td style=\"border-right-width: 0px\">ICAO041</td><td style=\"border-left-width: 0px\"></td><td>ICAO codes are brands and ICD11 is the generic type.</td></tr><tr><td style=\"border-right-width: 0px\">XM9N08</td><td style=\"border-left-width: 0px\"></td><td><a href=\"http://hl7.org/fhir/extensions/5.2.0/CodeSystem-concept-map-equivalence.html#narrower\" title=\"narrower\">narrower</a></td><td style=\"border-right-width: 0px\">ICAO042</td><td style=\"border-left-width: 0px\"></td><td>ICAO codes are brands and ICD11 is the generic type.</td></tr><tr><td style=\"border-right-width: 0px; border-bottom-style: none\">XM4YL8</td><td style=\"border-left-width: 0px; border-bottom-style: none\"></td><td><a href=\"http://hl7.org/fhir/extensions/5.2.0/CodeSystem-concept-map-equivalence.html#narrower\" title=\"narrower\">narrower</a></td><td style=\"border-right-width: 0px\">ICAO043</td><td style=\"border-left-width: 0px\"></td><td>ICAO codes are brands and ICD11 is the generic type.</td></tr><tr><td style=\"border-right-width: 0px; border-top-style: none; border-bottom-style: none\"/><td style=\"border-left-width: 0px; border-top-style: none; border-bottom-style: none\"/><td><a href=\"http://hl7.org/fhir/extensions/5.2.0/CodeSystem-concept-map-equivalence.html#narrower\" title=\"narrower\">narrower</a></td><td style=\"border-right-width: 0px\">ICAO044</td><td style=\"border-left-width: 0px\"></td><td>ICAO codes are brands and ICD11 is the generic type.</td></tr><tr><td style=\"border-right-width: 0px; border-top-style: none; border-bottom-style: none\"/><td style=\"border-left-width: 0px; border-top-style: none; border-bottom-style: none\"/><td><a href=\"http://hl7.org/fhir/extensions/5.2.0/CodeSystem-concept-map-equivalence.html#narrower\" title=\"narrower\">narrower</a></td><td style=\"border-right-width: 0px\">ICAO045</td><td style=\"border-left-width: 0px\"></td><td>ICAO codes are brands and ICD11 is the generic type.</td></tr><tr><td style=\"border-right-width: 0px; border-top-style: none; border-bottom-style: none\"/><td style=\"border-left-width: 0px; border-top-style: none; border-bottom-style: none\"/><td><a href=\"http://hl7.org/fhir/extensions/5.2.0/CodeSystem-concept-map-equivalence.html#narrower\" title=\"narrower\">narrower</a></td><td style=\"border-right-width: 0px\">ICAO046</td><td style=\"border-left-width: 0px\"></td><td>ICAO codes are brands and ICD11 is the generic type.</td></tr><tr><td style=\"border-right-width: 0px; border-top-style: none; border-bottom-style: none\"/><td style=\"border-left-width: 0px; border-top-style: none; border-bottom-style: none\"/><td><a href=\"http://hl7.org/fhir/extensions/5.2.0/CodeSystem-concept-map-equivalence.html#narrower\" title=\"narrower\">narrower</a></td><td style=\"border-right-width: 0px\">ICAO047</td><td style=\"border-left-width: 0px\"></td><td>ICAO codes are brands and ICD11 is the generic type.</td></tr><tr><td style=\"border-right-width: 0px; border-top-style: none; border-bottom-style: none\"/><td style=\"border-left-width: 0px; border-top-style: none; border-bottom-style: none\"/><td><a href=\"http://hl7.org/fhir/extensions/5.2.0/CodeSystem-concept-map-equivalence.html#narrower\" title=\"narrower\">narrower</a></td><td style=\"border-right-width: 0px\">ICAO048</td><td style=\"border-left-width: 0px\"></td><td>ICAO codes are brands and ICD11 is the generic type.</td></tr><tr><td style=\"border-right-width: 0px; border-top-style: none\"/><td style=\"border-top-style: none; border-left-width: 0px\"/><td><a href=\"http://hl7.org/fhir/extensions/5.2.0/CodeSystem-concept-map-equivalence.html#narrower\" title=\"narrower\">narrower</a></td><td style=\"border-right-width: 0px\">ICAO049</td><td style=\"border-left-width: 0px\"></td><td>ICAO codes are brands and ICD11 is the generic type.</td></tr><tr><td style=\"border-right-width: 0px; border-bottom-style: none\">XM97T2</td><td style=\"border-left-width: 0px; border-bottom-style: none\"></td><td><a href=\"http://hl7.org/fhir/extensions/5.2.0/CodeSystem-concept-map-equivalence.html#narrower\" title=\"narrower\">narrower</a></td><td style=\"border-right-width: 0px\">ICAO050</td><td style=\"border-left-width: 0px\"></td><td>ICAO codes are brands and ICD11 is the generic type.</td></tr><tr><td style=\"border-right-width: 0px; border-top-style: none; border-bottom-style: none\"/><td style=\"border-left-width: 0px; border-top-style: none; border-bottom-style: none\"/><td><a href=\"http://hl7.org/fhir/extensions/5.2.0/CodeSystem-concept-map-equivalence.html#narrower\" title=\"narrower\">narrower</a></td><td style=\"border-right-width: 0px\">ICAO051</td><td style=\"border-left-width: 0px\"></td><td>ICAO codes are brands and ICD11 is the generic type.</td></tr><tr><td style=\"border-right-width: 0px; border-top-style: none; border-bottom-style: none\"/><td style=\"border-left-width: 0px; border-top-style: none; border-bottom-style: none\"/><td><a href=\"http://hl7.org/fhir/extensions/5.2.0/CodeSystem-concept-map-equivalence.html#narrower\" title=\"narrower\">narrower</a></td><td style=\"border-right-width: 0px\">ICAO052</td><td style=\"border-left-width: 0px\"></td><td>ICAO codes are brands and ICD11 is the generic type.</td></tr><tr><td style=\"border-right-width: 0px; border-top-style: none; border-bottom-style: none\"/><td style=\"border-left-width: 0px; border-top-style: none; border-bottom-style: none\"/><td><a href=\"http://hl7.org/fhir/extensions/5.2.0/CodeSystem-concept-map-equivalence.html#narrower\" title=\"narrower\">narrower</a></td><td style=\"border-right-width: 0px\">ICAO053</td><td style=\"border-left-width: 0px\"></td><td>ICAO codes are brands and ICD11 is the generic type.</td></tr><tr><td style=\"border-right-width: 0px; border-top-style: none\"/><td style=\"border-top-style: none; border-left-width: 0px\"/><td><a href=\"http://hl7.org/fhir/extensions/5.2.0/CodeSystem-concept-map-equivalence.html#narrower\" title=\"narrower\">narrower</a></td><td style=\"border-right-width: 0px\">ICAO054</td><td style=\"border-left-width: 0px\"></td><td>ICAO codes are brands and ICD11 is the generic type.</td></tr><tr><td style=\"border-right-width: 0px; border-bottom-style: none\">XM6QV1</td><td style=\"border-left-width: 0px; border-bottom-style: none\"></td><td><a href=\"http://hl7.org/fhir/extensions/5.2.0/CodeSystem-concept-map-equivalence.html#narrower\" title=\"narrower\">narrower</a></td><td style=\"border-right-width: 0px\">ICAO055</td><td style=\"border-left-width: 0px\"></td><td>ICAO codes are brands and ICD11 is the generic type.</td></tr><tr><td style=\"border-right-width: 0px; border-top-style: none; border-bottom-style: none\"/><td style=\"border-left-width: 0px; border-top-style: none; border-bottom-style: none\"/><td><a href=\"http://hl7.org/fhir/extensions/5.2.0/CodeSystem-concept-map-equivalence.html#narrower\" title=\"narrower\">narrower</a></td><td style=\"border-right-width: 0px\">ICAO056</td><td style=\"border-left-width: 0px\"></td><td>ICAO codes are brands and ICD11 is the generic type.</td></tr><tr><td style=\"border-right-width: 0px; border-top-style: none; border-bottom-style: none\"/><td style=\"border-left-width: 0px; border-top-style: none; border-bottom-style: none\"/><td><a href=\"http://hl7.org/fhir/extensions/5.2.0/CodeSystem-concept-map-equivalence.html#narrower\" title=\"narrower\">narrower</a></td><td style=\"border-right-width: 0px\">ICAO057</td><td style=\"border-left-width: 0px\"></td><td>ICAO codes are brands and ICD11 is the generic type.</td></tr><tr><td style=\"border-right-width: 0px; border-top-style: none\"/><td style=\"border-top-style: none; border-left-width: 0px\"/><td><a href=\"http://hl7.org/fhir/extensions/5.2.0/CodeSystem-concept-map-equivalence.html#narrower\" title=\"narrower\">narrower</a></td><td style=\"border-right-width: 0px\">ICAO058</td><td style=\"border-left-width: 0px\"></td><td>ICAO codes are brands and ICD11 is the generic type.</td></tr><tr><td style=\"border-right-width: 0px; border-bottom-style: none\">XM1AG7</td><td style=\"border-left-width: 0px; border-bottom-style: none\"></td><td><a href=\"http://hl7.org/fhir/extensions/5.2.0/CodeSystem-concept-map-equivalence.html#narrower\" title=\"narrower\">narrower</a></td><td style=\"border-right-width: 0px\">ICAO059</td><td style=\"border-left-width: 0px\"></td><td>ICAO codes are brands and ICD11 is the generic type.</td></tr><tr><td style=\"border-right-width: 0px; border-top-style: none; border-bottom-style: none\"/><td style=\"border-left-width: 0px; border-top-style: none; border-bottom-style: none\"/><td><a href=\"http://hl7.org/fhir/extensions/5.2.0/CodeSystem-concept-map-equivalence.html#narrower\" title=\"narrower\">narrower</a></td><td style=\"border-right-width: 0px\">ICAO060</td><td style=\"border-left-width: 0px\"></td><td>ICAO codes are brands and ICD11 is the generic type.</td></tr><tr><td style=\"border-right-width: 0px; border-top-style: none\"/><td style=\"border-top-style: none; border-left-width: 0px\"/><td><a href=\"http://hl7.org/fhir/extensions/5.2.0/CodeSystem-concept-map-equivalence.html#narrower\" title=\"narrower\">narrower</a></td><td style=\"border-right-width: 0px\">ICAO061</td><td style=\"border-left-width: 0px\"></td><td>ICAO codes are brands and ICD11 is the generic type.</td></tr><tr><td style=\"border-right-width: 0px; border-bottom-style: none\">XM5ZJ4</td><td style=\"border-left-width: 0px; border-bottom-style: none\"></td><td><a href=\"http://hl7.org/fhir/extensions/5.2.0/CodeSystem-concept-map-equivalence.html#narrower\" title=\"narrower\">narrower</a></td><td style=\"border-right-width: 0px\">ICAO062</td><td style=\"border-left-width: 0px\"></td><td>ICAO codes are brands and ICD11 is the generic type.</td></tr><tr><td style=\"border-right-width: 0px; border-top-style: none; border-bottom-style: none\"/><td style=\"border-left-width: 0px; border-top-style: none; border-bottom-style: none\"/><td><a href=\"http://hl7.org/fhir/extensions/5.2.0/CodeSystem-concept-map-equivalence.html#narrower\" title=\"narrower\">narrower</a></td><td style=\"border-right-width: 0px\">ICAO063</td><td style=\"border-left-width: 0px\"></td><td>ICAO codes are brands and ICD11 is the generic type.</td></tr><tr><td style=\"border-right-width: 0px; border-top-style: none; border-bottom-style: none\"/><td style=\"border-left-width: 0px; border-top-style: none; border-bottom-style: none\"/><td><a href=\"http://hl7.org/fhir/extensions/5.2.0/CodeSystem-concept-map-equivalence.html#narrower\" title=\"narrower\">narrower</a></td><td style=\"border-right-width: 0px\">ICAO064</td><td style=\"border-left-width: 0px\"></td><td>ICAO codes are brands and ICD11 is the generic type.</td></tr><tr><td style=\"border-right-width: 0px; border-top-style: none\"/><td style=\"border-top-style: none; border-left-width: 0px\"/><td><a href=\"http://hl7.org/fhir/extensions/5.2.0/CodeSystem-concept-map-equivalence.html#narrower\" title=\"narrower\">narrower</a></td><td style=\"border-right-width: 0px\">ICAO065</td><td style=\"border-left-width: 0px\"></td><td>ICAO codes are brands and ICD11 is the generic type.</td></tr><tr><td style=\"border-right-width: 0px; border-bottom-style: none\">XM5QM6</td><td style=\"border-left-width: 0px; border-bottom-style: none\"></td><td><a href=\"http://hl7.org/fhir/extensions/5.2.0/CodeSystem-concept-map-equivalence.html#narrower\" title=\"narrower\">narrower</a></td><td style=\"border-right-width: 0px\">ICAO066</td><td style=\"border-left-width: 0px\"></td><td>ICAO codes are brands and ICD11 is the generic type.</td></tr><tr><td style=\"border-right-width: 0px; border-top-style: none\"/><td style=\"border-top-style: none; border-left-width: 0px\"/><td><a href=\"http://hl7.org/fhir/extensions/5.2.0/CodeSystem-concept-map-equivalence.html#narrower\" title=\"narrower\">narrower</a></td><td style=\"border-right-width: 0px\">ICAO067</td><td style=\"border-left-width: 0px\"></td><td>ICAO codes are brands and ICD11 is the generic type.</td></tr><tr><td style=\"border-right-width: 0px; border-bottom-style: none\">XM7HT3</td><td style=\"border-left-width: 0px; border-bottom-style: none\"></td><td><a href=\"http://hl7.org/fhir/extensions/5.2.0/CodeSystem-concept-map-equivalence.html#narrower\" title=\"narrower\">narrower</a></td><td style=\"border-right-width: 0px\">ICAO068</td><td style=\"border-left-width: 0px\"></td><td>ICAO codes are brands and ICD11 is the generic type.</td></tr><tr><td style=\"border-right-width: 0px; border-top-style: none; border-bottom-style: none\"/><td style=\"border-left-width: 0px; border-top-style: none; border-bottom-style: none\"/><td><a href=\"http://hl7.org/fhir/extensions/5.2.0/CodeSystem-concept-map-equivalence.html#narrower\" title=\"narrower\">narrower</a></td><td style=\"border-right-width: 0px\">ICAO069</td><td style=\"border-left-width: 0px\"></td><td>ICAO codes are brands and ICD11 is the generic type.</td></tr><tr><td style=\"border-right-width: 0px; border-top-style: none\"/><td style=\"border-top-style: none; border-left-width: 0px\"/><td><a href=\"http://hl7.org/fhir/extensions/5.2.0/CodeSystem-concept-map-equivalence.html#narrower\" title=\"narrower\">narrower</a></td><td style=\"border-right-width: 0px\">ICAO070</td><td style=\"border-left-width: 0px\"></td><td>ICAO codes are brands and ICD11 is the generic type.</td></tr><tr><td style=\"border-right-width: 0px; border-bottom-style: none\">XM8866</td><td style=\"border-left-width: 0px; border-bottom-style: none\"></td><td><a href=\"http://hl7.org/fhir/extensions/5.2.0/CodeSystem-concept-map-equivalence.html#narrower\" title=\"narrower\">narrower</a></td><td style=\"border-right-width: 0px\">ICAO071</td><td style=\"border-left-width: 0px\"></td><td>ICAO codes are brands and ICD11 is the generic type.</td></tr><tr><td style=\"border-right-width: 0px; border-top-style: none; border-bottom-style: none\"/><td style=\"border-left-width: 0px; border-top-style: none; border-bottom-style: none\"/><td><a href=\"http://hl7.org/fhir/extensions/5.2.0/CodeSystem-concept-map-equivalence.html#narrower\" title=\"narrower\">narrower</a></td><td style=\"border-right-width: 0px\">ICAO072</td><td style=\"border-left-width: 0px\"></td><td>ICAO codes are brands and ICD11 is the generic type.</td></tr><tr><td style=\"border-right-width: 0px; border-top-style: none; border-bottom-style: none\"/><td style=\"border-left-width: 0px; border-top-style: none; border-bottom-style: none\"/><td><a href=\"http://hl7.org/fhir/extensions/5.2.0/CodeSystem-concept-map-equivalence.html#narrower\" title=\"narrower\">narrower</a></td><td style=\"border-right-width: 0px\">ICAO073</td><td style=\"border-left-width: 0px\"></td><td>ICAO codes are brands and ICD11 is the generic type.</td></tr><tr><td style=\"border-right-width: 0px; border-top-style: none; border-bottom-style: none\"/><td style=\"border-left-width: 0px; border-top-style: none; border-bottom-style: none\"/><td><a href=\"http://hl7.org/fhir/extensions/5.2.0/CodeSystem-concept-map-equivalence.html#narrower\" title=\"narrower\">narrower</a></td><td style=\"border-right-width: 0px\">ICAO074</td><td style=\"border-left-width: 0px\"></td><td>ICAO codes are brands and ICD11 is the generic type.</td></tr><tr><td style=\"border-right-width: 0px; border-top-style: none\"/><td style=\"border-top-style: none; border-left-width: 0px\"/><td><a href=\"http://hl7.org/fhir/extensions/5.2.0/CodeSystem-concept-map-equivalence.html#narrower\" title=\"narrower\">narrower</a></td><td style=\"border-right-width: 0px\">ICAO075</td><td style=\"border-left-width: 0px\"></td><td>ICAO codes are brands and ICD11 is the generic type.</td></tr><tr><td style=\"border-right-width: 0px; border-bottom-style: none\">XM9TQ1</td><td style=\"border-left-width: 0px; border-bottom-style: none\"></td><td><a href=\"http://hl7.org/fhir/extensions/5.2.0/CodeSystem-concept-map-equivalence.html#narrower\" title=\"narrower\">narrower</a></td><td style=\"border-right-width: 0px\">ICAO076</td><td style=\"border-left-width: 0px\"></td><td>ICAO codes are brands and ICD11 is the generic type.</td></tr><tr><td style=\"border-right-width: 0px; border-top-style: none; border-bottom-style: none\"/><td style=\"border-left-width: 0px; border-top-style: none; border-bottom-style: none\"/><td><a href=\"http://hl7.org/fhir/extensions/5.2.0/CodeSystem-concept-map-equivalence.html#narrower\" title=\"narrower\">narrower</a></td><td style=\"border-right-width: 0px\">ICAO077</td><td style=\"border-left-width: 0px\"></td><td>ICAO codes are brands and ICD11 is the generic type.</td></tr><tr><td style=\"border-right-width: 0px; border-top-style: none\"/><td style=\"border-top-style: none; border-left-width: 0px\"/><td><a href=\"http://hl7.org/fhir/extensions/5.2.0/CodeSystem-concept-map-equivalence.html#narrower\" title=\"narrower\">narrower</a></td><td style=\"border-right-width: 0px\">ICAO078</td><td style=\"border-left-width: 0px\"></td><td>ICAO codes are brands and ICD11 is the generic type.</td></tr><tr><td style=\"border-right-width: 0px; border-bottom-style: none\">XM1G90</td><td style=\"border-left-width: 0px; border-bottom-style: none\"></td><td><a href=\"http://hl7.org/fhir/extensions/5.2.0/CodeSystem-concept-map-equivalence.html#narrower\" title=\"narrower\">narrower</a></td><td style=\"border-right-width: 0px\">ICAO079</td><td style=\"border-left-width: 0px\"></td><td>ICAO codes are brands and ICD11 is the generic type.</td></tr><tr><td style=\"border-right-width: 0px; border-top-style: none; border-bottom-style: none\"/><td style=\"border-left-width: 0px; border-top-style: none; border-bottom-style: none\"/><td><a href=\"http://hl7.org/fhir/extensions/5.2.0/CodeSystem-concept-map-equivalence.html#narrower\" title=\"narrower\">narrower</a></td><td style=\"border-right-width: 0px\">ICAO080</td><td style=\"border-left-width: 0px\"></td><td>ICAO codes are brands and ICD11 is the generic type.</td></tr><tr><td style=\"border-right-width: 0px; border-top-style: none\"/><td style=\"border-top-style: none; border-left-width: 0px\"/><td><a href=\"http://hl7.org/fhir/extensions/5.2.0/CodeSystem-concept-map-equivalence.html#narrower\" title=\"narrower\">narrower</a></td><td style=\"border-right-width: 0px\">ICAO081</td><td style=\"border-left-width: 0px\"></td><td>ICAO codes are brands and ICD11 is the generic type.</td></tr><tr><td style=\"border-right-width: 0px; border-bottom-style: none\">XM85P5</td><td style=\"border-left-width: 0px; border-bottom-style: none\"></td><td><a href=\"http://hl7.org/fhir/extensions/5.2.0/CodeSystem-concept-map-equivalence.html#narrower\" title=\"narrower\">narrower</a></td><td style=\"border-right-width: 0px\">ICAO082</td><td style=\"border-left-width: 0px\"></td><td>ICAO codes are brands and ICD11 is the generic type.</td></tr><tr><td style=\"border-right-width: 0px; border-top-style: none; border-bottom-style: none\"/><td style=\"border-left-width: 0px; border-top-style: none; border-bottom-style: none\"/><td><a href=\"http://hl7.org/fhir/extensions/5.2.0/CodeSystem-concept-map-equivalence.html#narrower\" title=\"narrower\">narrower</a></td><td style=\"border-right-width: 0px\">ICAO083</td><td style=\"border-left-width: 0px\"></td><td>ICAO codes are brands and ICD11 is the generic type.</td></tr><tr><td style=\"border-right-width: 0px; border-top-style: none\"/><td style=\"border-top-style: none; border-left-width: 0px\"/><td><a href=\"http://hl7.org/fhir/extensions/5.2.0/CodeSystem-concept-map-equivalence.html#narrower\" title=\"narrower\">narrower</a></td><td style=\"border-right-width: 0px\">ICAO084</td><td style=\"border-left-width: 0px\"></td><td>ICAO codes are brands and ICD11 is the generic type.</td></tr><tr><td style=\"border-right-width: 0px; border-bottom-style: none\">XM9FQ7</td><td style=\"border-left-width: 0px; border-bottom-style: none\"></td><td><a href=\"http://hl7.org/fhir/extensions/5.2.0/CodeSystem-concept-map-equivalence.html#narrower\" title=\"narrower\">narrower</a></td><td style=\"border-right-width: 0px\">ICAO085</td><td style=\"border-left-width: 0px\"></td><td>ICAO codes are brands and ICD11 is the generic type.</td></tr><tr><td style=\"border-right-width: 0px; border-top-style: none\"/><td style=\"border-top-style: none; border-left-width: 0px\"/><td><a href=\"http://hl7.org/fhir/extensions/5.2.0/CodeSystem-concept-map-equivalence.html#narrower\" title=\"narrower\">narrower</a></td><td style=\"border-right-width: 0px\">ICAO086</td><td style=\"border-left-width: 0px\"></td><td>ICAO codes are brands and ICD11 is the generic type.</td></tr><tr><td style=\"border-right-width: 0px; border-bottom-style: none\">XM97N6</td><td style=\"border-left-width: 0px; border-bottom-style: none\"></td><td><a href=\"http://hl7.org/fhir/extensions/5.2.0/CodeSystem-concept-map-equivalence.html#narrower\" title=\"narrower\">narrower</a></td><td style=\"border-right-width: 0px\">ICAO087</td><td style=\"border-left-width: 0px\"></td><td>ICAO codes are brands and ICD11 is the generic type.</td></tr><tr><td style=\"border-right-width: 0px; border-top-style: none; border-bottom-style: none\"/><td style=\"border-left-width: 0px; border-top-style: none; border-bottom-style: none\"/><td><a href=\"http://hl7.org/fhir/extensions/5.2.0/CodeSystem-concept-map-equivalence.html#narrower\" title=\"narrower\">narrower</a></td><td style=\"border-right-width: 0px\">ICAO088</td><td style=\"border-left-width: 0px\"></td><td>ICAO codes are brands and ICD11 is the generic type.</td></tr><tr><td style=\"border-right-width: 0px; border-top-style: none\"/><td style=\"border-top-style: none; border-left-width: 0px\"/><td><a href=\"http://hl7.org/fhir/extensions/5.2.0/CodeSystem-concept-map-equivalence.html#narrower\" title=\"narrower\">narrower</a></td><td style=\"border-right-width: 0px\">ICAO089</td><td style=\"border-left-width: 0px\"></td><td>ICAO codes are brands and ICD11 is the generic type.</td></tr><tr><td style=\"border-right-width: 0px; border-bottom-style: none\">XM2YG8</td><td style=\"border-left-width: 0px; border-bottom-style: none\"></td><td><a href=\"http://hl7.org/fhir/extensions/5.2.0/CodeSystem-concept-map-equivalence.html#narrower\" title=\"narrower\">narrower</a></td><td style=\"border-right-width: 0px\">ICAO090</td><td style=\"border-left-width: 0px\"></td><td>ICAO codes are brands and ICD11 is the generic type.</td></tr><tr><td style=\"border-right-width: 0px; border-top-style: none\"/><td style=\"border-top-style: none; border-left-width: 0px\"/><td><a href=\"http://hl7.org/fhir/extensions/5.2.0/CodeSystem-concept-map-equivalence.html#narrower\" title=\"narrower\">narrower</a></td><td style=\"border-right-width: 0px\">ICAO091</td><td style=\"border-left-width: 0px\"></td><td>ICAO codes are brands and ICD11 is the generic type.</td></tr><tr><td style=\"border-right-width: 0px; border-bottom-style: none\">XM0K39</td><td style=\"border-left-width: 0px; border-bottom-style: none\"></td><td><a href=\"http://hl7.org/fhir/extensions/5.2.0/CodeSystem-concept-map-equivalence.html#narrower\" title=\"narrower\">narrower</a></td><td style=\"border-right-width: 0px\">ICAO092</td><td style=\"border-left-width: 0px\"></td><td>ICAO codes are brands and ICD11 is the generic type.</td></tr><tr><td style=\"border-right-width: 0px; border-top-style: none; border-bottom-style: none\"/><td style=\"border-left-width: 0px; border-top-style: none; border-bottom-style: none\"/><td><a href=\"http://hl7.org/fhir/extensions/5.2.0/CodeSystem-concept-map-equivalence.html#narrower\" title=\"narrower\">narrower</a></td><td style=\"border-right-width: 0px\">ICAO093</td><td style=\"border-left-width: 0px\"></td><td>ICAO codes are brands and ICD11 is the generic type.</td></tr><tr><td style=\"border-right-width: 0px; border-top-style: none\"/><td style=\"border-top-style: none; border-left-width: 0px\"/><td><a href=\"http://hl7.org/fhir/extensions/5.2.0/CodeSystem-concept-map-equivalence.html#narrower\" title=\"narrower\">narrower</a></td><td style=\"border-right-width: 0px\">ICAO094</td><td style=\"border-left-width: 0px\"></td><td>ICAO codes are brands and ICD11 is the generic type.</td></tr><tr><td style=\"border-right-width: 0px; border-bottom-style: none\">XM1AU2</td><td style=\"border-left-width: 0px; border-bottom-style: none\"></td><td><a href=\"http://hl7.org/fhir/extensions/5.2.0/CodeSystem-concept-map-equivalence.html#narrower\" title=\"narrower\">narrower</a></td><td style=\"border-right-width: 0px\">ICAO095</td><td style=\"border-left-width: 0px\"></td><td>ICAO codes are brands and ICD11 is the generic type.</td></tr><tr><td style=\"border-right-width: 0px; border-top-style: none; border-bottom-style: none\"/><td style=\"border-left-width: 0px; border-top-style: none; border-bottom-style: none\"/><td><a href=\"http://hl7.org/fhir/extensions/5.2.0/CodeSystem-concept-map-equivalence.html#narrower\" title=\"narrower\">narrower</a></td><td style=\"border-right-width: 0px\">ICAO096</td><td style=\"border-left-width: 0px\"></td><td>ICAO codes are brands and ICD11 is the generic type.</td></tr><tr><td style=\"border-right-width: 0px; border-top-style: none\"/><td style=\"border-top-style: none; border-left-width: 0px\"/><td><a href=\"http://hl7.org/fhir/extensions/5.2.0/CodeSystem-concept-map-equivalence.html#narrower\" title=\"narrower\">narrower</a></td><td style=\"border-right-width: 0px\">ICAO097</td><td style=\"border-left-width: 0px\"></td><td>ICAO codes are brands and ICD11 is the generic type.</td></tr></table></div>"
  },
  "url" : "http://smart.who.int/ddcc/ConceptMap/who-ddcc-map-icd11-icao-vaccines",
  "version" : "1.0.0",
  "name" : "ICD11_ICAO_COVID19_vaccines",
  "title" : "ConceptMap from ICD-11 to ICAO for Vaccines",
  "status" : "draft",
  "experimental" : true,
  "date" : "2022-11-23",
  "publisher" : "WHO",
  "contact" : [{
    "name" : "WHO",
    "telecom" : [{
      "system" : "url",
      "value" : "http://who.int"
    }]
  }],
  "description" : "Rule-based mappings between ICD-11 and ICAO for COVID-19 Vaccines",
  "jurisdiction" : [{
    "coding" : [{
      "system" : "http://unstats.un.org/unsd/methods/m49/m49.htm",
      "code" : "001"
    }]
  }],
  "group" : [{
    "source" : "http://id.who.int/icd11/mms",
    "target" : "http://smart.who.int/ddcc/ICAOV1",
    "element" : [{
      "code" : "XM68M6",
      "target" : [{
        "code" : "ICAO001",
        "equivalence" : "narrower",
        "comment" : "ICAO codes are brands and ICD11 is the generic type."
      },
      {
        "code" : "ICAO002",
        "equivalence" : "narrower",
        "comment" : "ICAO codes are brands and ICD11 is the generic type."
      },
      {
        "code" : "ICAO003",
        "equivalence" : "narrower",
        "comment" : "ICAO codes are brands and ICD11 is the generic type."
      },
      {
        "code" : "ICAO004",
        "equivalence" : "narrower",
        "comment" : "ICAO codes are brands and ICD11 is the generic type."
      },
      {
        "code" : "ICAO005",
        "equivalence" : "narrower",
        "comment" : "ICAO codes are brands and ICD11 is the generic type."
      },
      {
        "code" : "ICAO006",
        "equivalence" : "narrower",
        "comment" : "ICAO codes are brands and ICD11 is the generic type."
      },
      {
        "code" : "ICAO007",
        "equivalence" : "narrower",
        "comment" : "ICAO codes are brands and ICD11 is the generic type."
      },
      {
        "code" : "ICAO008",
        "equivalence" : "narrower",
        "comment" : "ICAO codes are brands and ICD11 is the generic type."
      }]
    },
    {
      "code" : "XM3DT5",
      "target" : [{
        "code" : "ICAO009",
        "equivalence" : "narrower",
        "comment" : "ICAO codes are brands and ICD11 is the generic type."
      },
      {
        "code" : "ICAO010",
        "equivalence" : "narrower",
        "comment" : "ICAO codes are brands and ICD11 is the generic type."
      },
      {
        "code" : "ICAO011",
        "equivalence" : "narrower",
        "comment" : "ICAO codes are brands and ICD11 is the generic type."
      },
      {
        "code" : "ICAO012",
        "equivalence" : "narrower",
        "comment" : "ICAO codes are brands and ICD11 is the generic type."
      }]
    },
    {
      "code" : "XM52P3",
      "target" : [{
        "code" : "ICAO013",
        "equivalence" : "narrower",
        "comment" : "ICAO codes are brands and ICD11 is the generic type."
      },
      {
        "code" : "ICAO014",
        "equivalence" : "narrower",
        "comment" : "ICAO codes are brands and ICD11 is the generic type."
      }]
    },
    {
      "code" : "XM3CT4",
      "target" : [{
        "code" : "ICAO015",
        "equivalence" : "narrower",
        "comment" : "ICAO codes are brands and ICD11 is the generic type."
      },
      {
        "code" : "ICAO016",
        "equivalence" : "narrower",
        "comment" : "ICAO codes are brands and ICD11 is the generic type."
      },
      {
        "code" : "ICAO017",
        "equivalence" : "narrower",
        "comment" : "ICAO codes are brands and ICD11 is the generic type."
      },
      {
        "code" : "ICAO018",
        "equivalence" : "narrower",
        "comment" : "ICAO codes are brands and ICD11 is the generic type."
      },
      {
        "code" : "ICAO019",
        "equivalence" : "narrower",
        "comment" : "ICAO codes are brands and ICD11 is the generic type."
      }]
    },
    {
      "code" : "XM3PG0",
      "target" : [{
        "code" : "ICAO020",
        "equivalence" : "narrower",
        "comment" : "ICAO codes are brands and ICD11 is the generic type."
      },
      {
        "code" : "ICAO021",
        "equivalence" : "narrower",
        "comment" : "ICAO codes are brands and ICD11 is the generic type."
      },
      {
        "code" : "ICAO022",
        "equivalence" : "narrower",
        "comment" : "ICAO codes are brands and ICD11 is the generic type."
      },
      {
        "code" : "ICAO023",
        "equivalence" : "narrower",
        "comment" : "ICAO codes are brands and ICD11 is the generic type."
      },
      {
        "code" : "ICAO024",
        "equivalence" : "narrower",
        "comment" : "ICAO codes are brands and ICD11 is the generic type."
      }]
    },
    {
      "code" : "XM4EC8",
      "target" : [{
        "code" : "ICAO025",
        "equivalence" : "narrower",
        "comment" : "ICAO codes are brands and ICD11 is the generic type."
      },
      {
        "code" : "ICAO026",
        "equivalence" : "narrower",
        "comment" : "ICAO codes are brands and ICD11 is the generic type."
      },
      {
        "code" : "ICAO027",
        "equivalence" : "narrower",
        "comment" : "ICAO codes are brands and ICD11 is the generic type."
      }]
    },
    {
      "code" : "XM6SZ8",
      "target" : [{
        "code" : "ICAO028",
        "equivalence" : "narrower",
        "comment" : "ICAO codes are brands and ICD11 is the generic type."
      },
      {
        "code" : "ICAO029",
        "equivalence" : "narrower",
        "comment" : "ICAO codes are brands and ICD11 is the generic type."
      }]
    },
    {
      "code" : "XM0RV9",
      "target" : [{
        "code" : "ICAO030",
        "equivalence" : "narrower",
        "comment" : "ICAO codes are brands and ICD11 is the generic type."
      },
      {
        "code" : "ICAO031",
        "equivalence" : "narrower",
        "comment" : "ICAO codes are brands and ICD11 is the generic type."
      }]
    },
    {
      "code" : "XM3SK8",
      "target" : [{
        "code" : "ICAO032",
        "equivalence" : "narrower",
        "comment" : "ICAO codes are brands and ICD11 is the generic type."
      },
      {
        "code" : "ICAO033",
        "equivalence" : "narrower",
        "comment" : "ICAO codes are brands and ICD11 is the generic type."
      }]
    },
    {
      "code" : "XM9P21",
      "target" : [{
        "code" : "ICAO034",
        "equivalence" : "narrower",
        "comment" : "ICAO codes are brands and ICD11 is the generic type."
      },
      {
        "code" : "ICAO035",
        "equivalence" : "narrower",
        "comment" : "ICAO codes are brands and ICD11 is the generic type."
      },
      {
        "code" : "ICAO036",
        "equivalence" : "narrower",
        "comment" : "ICAO codes are brands and ICD11 is the generic type."
      }]
    },
    {
      "code" : "XM9T65",
      "target" : [{
        "code" : "ICAO037",
        "equivalence" : "narrower",
        "comment" : "ICAO codes are brands and ICD11 is the generic type."
      },
      {
        "code" : "ICAO038",
        "equivalence" : "narrower",
        "comment" : "ICAO codes are brands and ICD11 is the generic type."
      },
      {
        "code" : "ICAO039",
        "equivalence" : "narrower",
        "comment" : "ICAO codes are brands and ICD11 is the generic type."
      },
      {
        "code" : "ICAO040",
        "equivalence" : "narrower",
        "comment" : "ICAO codes are brands and ICD11 is the generic type."
      },
      {
        "code" : "ICAO041",
        "equivalence" : "narrower",
        "comment" : "ICAO codes are brands and ICD11 is the generic type."
      }]
    },
    {
      "code" : "XM9N08",
      "target" : [{
        "code" : "ICAO042",
        "equivalence" : "narrower",
        "comment" : "ICAO codes are brands and ICD11 is the generic type."
      }]
    },
    {
      "code" : "XM4YL8",
      "target" : [{
        "code" : "ICAO043",
        "equivalence" : "narrower",
        "comment" : "ICAO codes are brands and ICD11 is the generic type."
      },
      {
        "code" : "ICAO044",
        "equivalence" : "narrower",
        "comment" : "ICAO codes are brands and ICD11 is the generic type."
      },
      {
        "code" : "ICAO045",
        "equivalence" : "narrower",
        "comment" : "ICAO codes are brands and ICD11 is the generic type."
      },
      {
        "code" : "ICAO046",
        "equivalence" : "narrower",
        "comment" : "ICAO codes are brands and ICD11 is the generic type."
      },
      {
        "code" : "ICAO047",
        "equivalence" : "narrower",
        "comment" : "ICAO codes are brands and ICD11 is the generic type."
      },
      {
        "code" : "ICAO048",
        "equivalence" : "narrower",
        "comment" : "ICAO codes are brands and ICD11 is the generic type."
      },
      {
        "code" : "ICAO049",
        "equivalence" : "narrower",
        "comment" : "ICAO codes are brands and ICD11 is the generic type."
      }]
    },
    {
      "code" : "XM97T2",
      "target" : [{
        "code" : "ICAO050",
        "equivalence" : "narrower",
        "comment" : "ICAO codes are brands and ICD11 is the generic type."
      },
      {
        "code" : "ICAO051",
        "equivalence" : "narrower",
        "comment" : "ICAO codes are brands and ICD11 is the generic type."
      },
      {
        "code" : "ICAO052",
        "equivalence" : "narrower",
        "comment" : "ICAO codes are brands and ICD11 is the generic type."
      },
      {
        "code" : "ICAO053",
        "equivalence" : "narrower",
        "comment" : "ICAO codes are brands and ICD11 is the generic type."
      },
      {
        "code" : "ICAO054",
        "equivalence" : "narrower",
        "comment" : "ICAO codes are brands and ICD11 is the generic type."
      }]
    },
    {
      "code" : "XM6QV1",
      "target" : [{
        "code" : "ICAO055",
        "equivalence" : "narrower",
        "comment" : "ICAO codes are brands and ICD11 is the generic type."
      },
      {
        "code" : "ICAO056",
        "equivalence" : "narrower",
        "comment" : "ICAO codes are brands and ICD11 is the generic type."
      },
      {
        "code" : "ICAO057",
        "equivalence" : "narrower",
        "comment" : "ICAO codes are brands and ICD11 is the generic type."
      },
      {
        "code" : "ICAO058",
        "equivalence" : "narrower",
        "comment" : "ICAO codes are brands and ICD11 is the generic type."
      }]
    },
    {
      "code" : "XM1AG7",
      "target" : [{
        "code" : "ICAO059",
        "equivalence" : "narrower",
        "comment" : "ICAO codes are brands and ICD11 is the generic type."
      },
      {
        "code" : "ICAO060",
        "equivalence" : "narrower",
        "comment" : "ICAO codes are brands and ICD11 is the generic type."
      },
      {
        "code" : "ICAO061",
        "equivalence" : "narrower",
        "comment" : "ICAO codes are brands and ICD11 is the generic type."
      }]
    },
    {
      "code" : "XM5ZJ4",
      "target" : [{
        "code" : "ICAO062",
        "equivalence" : "narrower",
        "comment" : "ICAO codes are brands and ICD11 is the generic type."
      },
      {
        "code" : "ICAO063",
        "equivalence" : "narrower",
        "comment" : "ICAO codes are brands and ICD11 is the generic type."
      },
      {
        "code" : "ICAO064",
        "equivalence" : "narrower",
        "comment" : "ICAO codes are brands and ICD11 is the generic type."
      },
      {
        "code" : "ICAO065",
        "equivalence" : "narrower",
        "comment" : "ICAO codes are brands and ICD11 is the generic type."
      }]
    },
    {
      "code" : "XM5QM6",
      "target" : [{
        "code" : "ICAO066",
        "equivalence" : "narrower",
        "comment" : "ICAO codes are brands and ICD11 is the generic type."
      },
      {
        "code" : "ICAO067",
        "equivalence" : "narrower",
        "comment" : "ICAO codes are brands and ICD11 is the generic type."
      }]
    },
    {
      "code" : "XM7HT3",
      "target" : [{
        "code" : "ICAO068",
        "equivalence" : "narrower",
        "comment" : "ICAO codes are brands and ICD11 is the generic type."
      },
      {
        "code" : "ICAO069",
        "equivalence" : "narrower",
        "comment" : "ICAO codes are brands and ICD11 is the generic type."
      },
      {
        "code" : "ICAO070",
        "equivalence" : "narrower",
        "comment" : "ICAO codes are brands and ICD11 is the generic type."
      }]
    },
    {
      "code" : "XM8866",
      "target" : [{
        "code" : "ICAO071",
        "equivalence" : "narrower",
        "comment" : "ICAO codes are brands and ICD11 is the generic type."
      },
      {
        "code" : "ICAO072",
        "equivalence" : "narrower",
        "comment" : "ICAO codes are brands and ICD11 is the generic type."
      },
      {
        "code" : "ICAO073",
        "equivalence" : "narrower",
        "comment" : "ICAO codes are brands and ICD11 is the generic type."
      },
      {
        "code" : "ICAO074",
        "equivalence" : "narrower",
        "comment" : "ICAO codes are brands and ICD11 is the generic type."
      },
      {
        "code" : "ICAO075",
        "equivalence" : "narrower",
        "comment" : "ICAO codes are brands and ICD11 is the generic type."
      }]
    },
    {
      "code" : "XM9TQ1",
      "target" : [{
        "code" : "ICAO076",
        "equivalence" : "narrower",
        "comment" : "ICAO codes are brands and ICD11 is the generic type."
      },
      {
        "code" : "ICAO077",
        "equivalence" : "narrower",
        "comment" : "ICAO codes are brands and ICD11 is the generic type."
      },
      {
        "code" : "ICAO078",
        "equivalence" : "narrower",
        "comment" : "ICAO codes are brands and ICD11 is the generic type."
      }]
    },
    {
      "code" : "XM1G90",
      "target" : [{
        "code" : "ICAO079",
        "equivalence" : "narrower",
        "comment" : "ICAO codes are brands and ICD11 is the generic type."
      },
      {
        "code" : "ICAO080",
        "equivalence" : "narrower",
        "comment" : "ICAO codes are brands and ICD11 is the generic type."
      },
      {
        "code" : "ICAO081",
        "equivalence" : "narrower",
        "comment" : "ICAO codes are brands and ICD11 is the generic type."
      }]
    },
    {
      "code" : "XM85P5",
      "target" : [{
        "code" : "ICAO082",
        "equivalence" : "narrower",
        "comment" : "ICAO codes are brands and ICD11 is the generic type."
      },
      {
        "code" : "ICAO083",
        "equivalence" : "narrower",
        "comment" : "ICAO codes are brands and ICD11 is the generic type."
      },
      {
        "code" : "ICAO084",
        "equivalence" : "narrower",
        "comment" : "ICAO codes are brands and ICD11 is the generic type."
      }]
    },
    {
      "code" : "XM9FQ7",
      "target" : [{
        "code" : "ICAO085",
        "equivalence" : "narrower",
        "comment" : "ICAO codes are brands and ICD11 is the generic type."
      },
      {
        "code" : "ICAO086",
        "equivalence" : "narrower",
        "comment" : "ICAO codes are brands and ICD11 is the generic type."
      }]
    },
    {
      "code" : "XM97N6",
      "target" : [{
        "code" : "ICAO087",
        "equivalence" : "narrower",
        "comment" : "ICAO codes are brands and ICD11 is the generic type."
      },
      {
        "code" : "ICAO088",
        "equivalence" : "narrower",
        "comment" : "ICAO codes are brands and ICD11 is the generic type."
      },
      {
        "code" : "ICAO089",
        "equivalence" : "narrower",
        "comment" : "ICAO codes are brands and ICD11 is the generic type."
      }]
    },
    {
      "code" : "XM2YG8",
      "target" : [{
        "code" : "ICAO090",
        "equivalence" : "narrower",
        "comment" : "ICAO codes are brands and ICD11 is the generic type."
      },
      {
        "code" : "ICAO091",
        "equivalence" : "narrower",
        "comment" : "ICAO codes are brands and ICD11 is the generic type."
      }]
    },
    {
      "code" : "XM0K39",
      "target" : [{
        "code" : "ICAO092",
        "equivalence" : "narrower",
        "comment" : "ICAO codes are brands and ICD11 is the generic type."
      },
      {
        "code" : "ICAO093",
        "equivalence" : "narrower",
        "comment" : "ICAO codes are brands and ICD11 is the generic type."
      },
      {
        "code" : "ICAO094",
        "equivalence" : "narrower",
        "comment" : "ICAO codes are brands and ICD11 is the generic type."
      }]
    },
    {
      "code" : "XM1AU2",
      "target" : [{
        "code" : "ICAO095",
        "equivalence" : "narrower",
        "comment" : "ICAO codes are brands and ICD11 is the generic type."
      },
      {
        "code" : "ICAO096",
        "equivalence" : "narrower",
        "comment" : "ICAO codes are brands and ICD11 is the generic type."
      },
      {
        "code" : "ICAO097",
        "equivalence" : "narrower",
        "comment" : "ICAO codes are brands and ICD11 is the generic type."
      }]
    }]
  }]
}