{
  "resourceType" : "ImmunizationRecommendation",
  "id" : "DDCCImmunizationRecommendationArabic",
  "meta" : {
    "profile" : ["http://smart.who.int/ddcc/StructureDefinition/DDCCImmunizationRecommendation"]
  },
  "text" : {
    "status" : "generated",
    "div" : "<div xmlns=\"http://www.w3.org/1999/xhtml\"><p class=\"res-header-id\"><b>Generated Narrative: ImmunizationRecommendation DDCCImmunizationRecommendationArabic</b></p><a name=\"DDCCImmunizationRecommendationArabic\"> </a><a name=\"hcDDCCImmunizationRecommendationArabic\"> </a><a name=\"DDCCImmunizationRecommendationArabic-en-US\"> </a><div style=\"display: inline-block; background-color: #d9e0e7; padding: 6px; margin: 4px; border: 1px solid #8da1b4; border-radius: 5px; line-height: 60%\"><p style=\"margin-bottom: 0px\"/><p style=\"margin-bottom: 0px\">Profile: <a href=\"StructureDefinition-DDCCImmunizationRecommendation.html\">DDCC Immunization Recommendation</a></p></div><p><b>patient</b>: <a href=\"Patient-DDCCPatientArabic.html\">أولوس أجيريوس(official) (no stated gender), DoB: 2003-03-03</a></p><p><b>date</b>: 2021-05-06</p><blockquote><p><b>recommendation</b></p><p><b>vaccineCode</b>: <span title=\"Codes:{http://id.who.int/icd11/mms XM0CX4}\">XM0CX4</span></p><p><b>forecastStatus</b>: <span title=\"Codes:{http://terminology.hl7.org/CodeSystem/immunization-recommendation-status due}\">Due</span></p><h3>DateCriterions</h3><table class=\"grid\"><tr><td style=\"display: none\">-</td><td><b>Code</b></td><td><b>Value</b></td></tr><tr><td style=\"display: none\">*</td><td><span title=\"Codes:{http://loinc.org 30980-7}\">Date vaccine due</span></td><td>2021-05-20</td></tr></table><p><b>supportingImmunization</b>: <a href=\"Immunization-DDCCImmunizationArabic.html\">Immunization: extension = XM1G90 (mms#XM1G90),SAU,Test (DDCC Codes for examples#TEST),2021-05-30; status = completed; vaccineCode = XM0CX4; occurrence[x] = 2021-05-06; lotNumber = 123; expirationDate = 2021-06-30</a></p></blockquote></div>"
  },
  "patient" : {
    "reference" : "Patient/DDCCPatientArabic"
  },
  "date" : "2021-05-06",
  "recommendation" : [{
    "vaccineCode" : [{
      "coding" : [{
        "system" : "http://id.who.int/icd11/mms",
        "code" : "XM0CX4"
      }]
    }],
    "forecastStatus" : {
      "coding" : [{
        "system" : "http://terminology.hl7.org/CodeSystem/immunization-recommendation-status",
        "code" : "due"
      }]
    },
    "dateCriterion" : [{
      "code" : {
        "coding" : [{
          "system" : "http://loinc.org",
          "code" : "30980-7"
        }]
      },
      "value" : "2021-05-20"
    }],
    "supportingImmunization" : [{
      "reference" : "Immunization/DDCCImmunizationArabic"
    }]
  }]
}