<?xml version="1.0" encoding="UTF-8"?><ConceptMap xmlns="http://hl7.org/fhir"><id value="vaccine-covid19-euur-to-icd11"/><text><status value="extensions"/><div xmlns="http://www.w3.org/1999/xhtml"><p>Mapping from (not specified) to (not specified)</p><p>DRAFT. Published on 2023-02-15 by WHO (WHO: <a href="http://who.int">http://who.int</a>). TODO: provide copyright information</p><div><p><a href="ValueSet-vaccine-covid19-euur.html">Vaccine - COVID-19 - EU Union Register of Medicinial Products</a> mapped to ICD-11</p>
</div><br/><p><b>Group 1</b>Mapping from <a href="CodeSystem-WHO-DDCC-euur.html">EUUR codes used in this IG</a> to <a href="CodeSystem-DDCC-ICD11-CodeSystem.html">DDCC Codes for ICD11</a></p><table class="grid"><tr><td><b>Source Code</b></td><td><b>Relationship</b></td><td><b>Target Code</b></td></tr><tr><td>EU/1/20/1528 (Comirnaty)</td><td><a href="http://hl7.org/fhir/R4/codesystem-concept-map-equivalence.html#null"/></td><td>XM8NQ0 (Comirnaty)</td></tr><tr><td>EU/1/20/1507 (Spikevax)</td><td><a href="http://hl7.org/fhir/R4/codesystem-concept-map-equivalence.html#null"/></td><td>XM3DT5 (COVID-19 Vaccine Moderna)</td></tr><tr><td>EU/1/21/1529 (Vaxzevria)</td><td><a href="http://hl7.org/fhir/R4/codesystem-concept-map-equivalence.html#null"/></td><td>XM4YL8 (COVID-19 Vaccine AstraZeneca)</td></tr><tr><td>EU/1/20/1525 (Jcovden)</td><td><a href="http://hl7.org/fhir/R4/codesystem-concept-map-equivalence.html#null"/></td><td>XM6QV1 (COVID-19 Vaccine Janssen)</td></tr><tr><td>CVnCoV</td><td><a href="http://hl7.org/fhir/R4/codesystem-concept-map-equivalence.html#null"/></td><td>XM0GQ8 (COVID-19 vaccine, RNA based)</td></tr><tr><td>NVX-CoV2373</td><td><a href="http://hl7.org/fhir/R4/codesystem-concept-map-equivalence.html#null"/></td><td>XM9T65 (Novavax COVID-19 vaccine)</td></tr><tr><td>Sputnik-V</td><td><a href="http://hl7.org/fhir/R4/codesystem-concept-map-equivalence.html#null"/></td><td>XM5ZJ4 (Gam-Covid-Vac)</td></tr><tr><td>Convidecia</td><td><a href="http://hl7.org/fhir/R4/codesystem-concept-map-equivalence.html#null"/></td><td>XM1AG7 (Convidecia)</td></tr><tr><td>EpiVacCorona</td><td><a href="http://hl7.org/fhir/R4/codesystem-concept-map-equivalence.html#null"/></td><td>XM6SZ8 (EpiVacCorona)</td></tr><tr><td>BBIBP-CorV</td><td><a href="http://hl7.org/fhir/R4/codesystem-concept-map-equivalence.html#null"/></td><td>XM8866 (BBIBP-CorV)</td></tr><tr><td>Inactivated-SARS-CoV-2-Vero-Cell (Inactivated SARS-CoV-2 (Vero Cell))</td><td><a href="http://hl7.org/fhir/R4/codesystem-concept-map-equivalence.html#null"/></td><td>XM1NL1 (COVID-19 vaccine, inactivated virus)</td></tr><tr><td>CoronaVac</td><td><a href="http://hl7.org/fhir/R4/codesystem-concept-map-equivalence.html#null"/></td><td>XM7HT3 (CoronaVac®)</td></tr><tr><td>Covaxin</td><td><a href="http://hl7.org/fhir/R4/codesystem-concept-map-equivalence.html#null"/></td><td>XM1G90 (Covaxin)</td></tr><tr><td>Covishield</td><td><a href="http://hl7.org/fhir/R4/codesystem-concept-map-equivalence.html#null"/></td><td>XM97T2 (Covishield®)</td></tr><tr><td>Covid-19-recombinant (Covid-19 (recombinant))</td><td><a href="http://hl7.org/fhir/R4/codesystem-concept-map-equivalence.html#null"/></td><td>XM3CT4 (Recombinant SARS-CoV-2 vaccine)</td></tr><tr><td>R-COVI</td><td><a href="http://hl7.org/fhir/R4/codesystem-concept-map-equivalence.html#null"/></td><td>XM4YL8 (COVID-19 Vaccine AstraZeneca)</td></tr><tr><td>CoviVac</td><td><a href="http://hl7.org/fhir/R4/codesystem-concept-map-equivalence.html#null"/></td><td>XM85P5 (Covi-Vac)</td></tr><tr><td>Sputnik-Light</td><td><a href="http://hl7.org/fhir/R4/codesystem-concept-map-equivalence.html#null"/></td><td>XM5QM6 (Sputnik-Light)</td></tr><tr><td>Hayat-Vax</td><td><a href="http://hl7.org/fhir/R4/codesystem-concept-map-equivalence.html#null"/></td><td>XM9FQ7 (Hayat-Vax)</td></tr><tr><td>Abdala</td><td><a href="http://hl7.org/fhir/R4/codesystem-concept-map-equivalence.html#null"/></td><td>XM5JC5 (COVID-19 vaccine, virus protein subunit)</td></tr><tr><td>WIBP-CorV</td><td><a href="http://hl7.org/fhir/R4/codesystem-concept-map-equivalence.html#null"/></td><td>XM1AU2 (Sinopharm WIBP-CorV)</td></tr><tr><td>MVC-COV1901 (MVC COVID-19 vaccine)</td><td><a href="http://hl7.org/fhir/R4/codesystem-concept-map-equivalence.html#null"/></td><td>XM4EC8 (MVC-COV1901)</td></tr><tr><td>EU/1/21/1618 (Nuvaxovid)</td><td><a href="http://hl7.org/fhir/R4/codesystem-concept-map-equivalence.html#null"/></td><td>XM9T65 (Novavax COVID-19 vaccine)</td></tr><tr><td>Covovax</td><td><a href="http://hl7.org/fhir/R4/codesystem-concept-map-equivalence.html#null"/></td><td>XM9T65 (Novavax COVID-19 vaccine)</td></tr><tr><td>Vidprevtyn</td><td><a href="http://hl7.org/fhir/R4/codesystem-concept-map-equivalence.html#null"/></td><td>XM3CT4 (Recombinant SARS-CoV-2 vaccine)</td></tr><tr><td>VLA2001</td><td><a href="http://hl7.org/fhir/R4/codesystem-concept-map-equivalence.html#null"/></td><td>XM1NL1 (COVID-19 vaccine, inactivated virus)</td></tr><tr><td>EpiVacCorona-N</td><td><a href="http://hl7.org/fhir/R4/codesystem-concept-map-equivalence.html#null"/></td><td>XM3SK8 (EpiVacCorona-N)</td></tr><tr><td>Sputnik-M</td><td><a href="http://hl7.org/fhir/R4/codesystem-concept-map-equivalence.html#null"/></td><td>XM3CT4 (Recombinant SARS-CoV-2 vaccine)</td></tr><tr><td>Covid-19-adsorvida-inativada (Vacina adsorvida covid-19 (inativada))</td><td><a href="http://hl7.org/fhir/R4/codesystem-concept-map-equivalence.html#null"/></td><td>XM1NL1 (COVID-19 vaccine, inactivated virus)</td></tr><tr><td>NVSI-06-08</td><td><a href="http://hl7.org/fhir/R4/codesystem-concept-map-equivalence.html#null"/></td><td>XM3CT4 (Recombinant SARS-CoV-2 vaccine)</td></tr><tr><td>YS-SC2-010</td><td><a href="http://hl7.org/fhir/R4/codesystem-concept-map-equivalence.html#null"/></td><td>XM3CT4 (Recombinant SARS-CoV-2 vaccine)</td></tr><tr><td>SCTV01C</td><td><a href="http://hl7.org/fhir/R4/codesystem-concept-map-equivalence.html#null"/></td><td>XM3CT4 (Recombinant SARS-CoV-2 vaccine)</td></tr><tr><td>Covifenz</td><td><a href="http://hl7.org/fhir/R4/codesystem-concept-map-equivalence.html#null"/></td><td>XM3CT4 (Recombinant SARS-CoV-2 vaccine)</td></tr><tr><td>AZD2816</td><td><a href="http://hl7.org/fhir/R4/codesystem-concept-map-equivalence.html#null"/></td><td>XM4YL8 (COVID-19 Vaccine AstraZeneca)</td></tr><tr><td>Soberana-02</td><td><a href="http://hl7.org/fhir/R4/codesystem-concept-map-equivalence.html#null"/></td><td>XM3PG0 (Soberana-02)</td></tr><tr><td>Soberana-Plus</td><td><a href="http://hl7.org/fhir/R4/codesystem-concept-map-equivalence.html#null"/></td><td>XM0RV9 (Soberana Plus)</td></tr><tr><td>EU/1/21/1624 (COVID-19 Vaccine Valneva)</td><td><a href="http://hl7.org/fhir/R4/codesystem-concept-map-equivalence.html#null"/></td><td>XM1NL1 (COVID-19 vaccine, inactivated virus)</td></tr><tr><td>EU/1/21/1580 (VidPrevtyn Beta)</td><td><a href="http://hl7.org/fhir/R4/codesystem-concept-map-equivalence.html#null"/></td><td>XM3CT4 (Recombinant SARS-CoV-2 vaccine)</td></tr></table></div></text><url value="http://smart.who.int/ddcc/ConceptMap/vaccine-covid19-euur-to-icd11"/><version value="1.0.0"/><name value="VaccineCovid19EuurToIcd11ConceptMap"/><title value="Vaccine - COVID-19 - Mapping EUDCC to ICD-11"/><status value="draft"/><date value="2023-02-15"/><publisher value="WHO"/><contact><name value="WHO"/><telecom><system value="url"/><value value="http://who.int"/></telecom></contact><description value="[Vaccine - COVID-19 - EU Union Register of Medicinial Products](ValueSet-vaccine-covid19-euur.html) mapped to ICD-11"/><jurisdiction><coding><system value="http://unstats.un.org/unsd/methods/m49/m49.htm"/><code value="001"/></coding></jurisdiction><copyright value="TODO: provide copyright information"/><group><source value="https://ec.europa.eu/health/documents/community-register/html/"/><target value="http://id.who.int/icd11/mms"/><element><code value="EU/1/20/1528"/><display value="Comirnaty"/><target><modifierExtension url="http://hl7.org/fhir/1.0/StructureDefinition/extension-ConceptMap.element.target.equivalence"><valueCode value="equivalent"/></modifierExtension><code value="XM8NQ0"/><display value="Comirnaty"/><equivalence value="equivalent"/></target></element><element><code value="EU/1/20/1507"/><display value="Spikevax"/><target><modifierExtension url="http://hl7.org/fhir/1.0/StructureDefinition/extension-ConceptMap.element.target.equivalence"><valueCode value="equivalent"/></modifierExtension><code value="XM3DT5"/><display value="COVID-19 Vaccine Moderna"/><equivalence value="equivalent"/></target></element><element><code value="EU/1/21/1529"/><display value="Vaxzevria"/><target><modifierExtension url="http://hl7.org/fhir/1.0/StructureDefinition/extension-ConceptMap.element.target.equivalence"><valueCode value="equivalent"/></modifierExtension><code value="XM4YL8"/><display value="COVID-19 Vaccine AstraZeneca"/><equivalence value="equivalent"/></target></element><element><code value="EU/1/20/1525"/><display value="Jcovden"/><target><modifierExtension url="http://hl7.org/fhir/1.0/StructureDefinition/extension-ConceptMap.element.target.equivalence"><valueCode value="equivalent"/></modifierExtension><code value="XM6QV1"/><display value="COVID-19 Vaccine Janssen"/><equivalence value="equivalent"/></target></element><element><code value="CVnCoV"/><display value="CVnCoV"/><target><modifierExtension url="http://hl7.org/fhir/1.0/StructureDefinition/extension-ConceptMap.element.target.equivalence"><valueCode value="wider"/></modifierExtension><code value="XM0GQ8"/><display value="COVID-19 vaccine, RNA based"/><equivalence value="wider"/></target></element><element><code value="NVX-CoV2373"/><display value="NVX-CoV2373"/><target><modifierExtension url="http://hl7.org/fhir/1.0/StructureDefinition/extension-ConceptMap.element.target.equivalence"><valueCode value="equivalent"/></modifierExtension><code value="XM9T65"/><display value="Novavax COVID-19 vaccine"/><equivalence value="equivalent"/></target></element><element><code value="Sputnik-V"/><display value="Sputnik V"/><target><modifierExtension url="http://hl7.org/fhir/1.0/StructureDefinition/extension-ConceptMap.element.target.equivalence"><valueCode value="equivalent"/></modifierExtension><code value="XM5ZJ4"/><display value="Gam-Covid-Vac"/><equivalence value="equivalent"/></target></element><element><code value="Convidecia"/><display value="Convidecia"/><target><modifierExtension url="http://hl7.org/fhir/1.0/StructureDefinition/extension-ConceptMap.element.target.equivalence"><valueCode value="equivalent"/></modifierExtension><code value="XM1AG7"/><display value="Convidecia"/><equivalence value="equivalent"/></target></element><element><code value="EpiVacCorona"/><display value="EpiVacCorona"/><target><modifierExtension url="http://hl7.org/fhir/1.0/StructureDefinition/extension-ConceptMap.element.target.equivalence"><valueCode value="equivalent"/></modifierExtension><code value="XM6SZ8"/><display value="EpiVacCorona"/><equivalence value="equivalent"/></target></element><element><code value="BBIBP-CorV"/><display value="BBIBP-CorV"/><target><modifierExtension url="http://hl7.org/fhir/1.0/StructureDefinition/extension-ConceptMap.element.target.equivalence"><valueCode value="equivalent"/></modifierExtension><code value="XM8866"/><display value="BBIBP-CorV"/><equivalence value="equivalent"/></target></element><element><code value="Inactivated-SARS-CoV-2-Vero-Cell"/><display value="Inactivated SARS-CoV-2 (Vero Cell)"/><target><modifierExtension url="http://hl7.org/fhir/1.0/StructureDefinition/extension-ConceptMap.element.target.equivalence"><valueCode value="wider"/></modifierExtension><code value="XM1NL1"/><display value="COVID-19 vaccine, inactivated virus"/><equivalence value="wider"/></target></element><element><code value="CoronaVac"/><display value="CoronaVac"/><target><modifierExtension url="http://hl7.org/fhir/1.0/StructureDefinition/extension-ConceptMap.element.target.equivalence"><valueCode value="equivalent"/></modifierExtension><code value="XM7HT3"/><display value="CoronaVac®"/><equivalence value="equivalent"/></target></element><element><code value="Covaxin"/><display value="Covaxin"/><target><modifierExtension url="http://hl7.org/fhir/1.0/StructureDefinition/extension-ConceptMap.element.target.equivalence"><valueCode value="equivalent"/></modifierExtension><code value="XM1G90"/><display value="Covaxin"/><equivalence value="equivalent"/></target></element><element><code value="Covishield"/><display value="Covishield"/><target><modifierExtension url="http://hl7.org/fhir/1.0/StructureDefinition/extension-ConceptMap.element.target.equivalence"><valueCode value="equivalent"/></modifierExtension><code value="XM97T2"/><display value="Covishield®"/><equivalence value="equivalent"/></target></element><element><code value="Covid-19-recombinant"/><display value="Covid-19 (recombinant)"/><target><modifierExtension url="http://hl7.org/fhir/1.0/StructureDefinition/extension-ConceptMap.element.target.equivalence"><valueCode value="equivalent"/></modifierExtension><code value="XM3CT4"/><display value="Recombinant SARS-CoV-2 vaccine"/><equivalence value="equivalent"/></target></element><element><code value="R-COVI"/><display value="R-COVI"/><target><modifierExtension url="http://hl7.org/fhir/1.0/StructureDefinition/extension-ConceptMap.element.target.equivalence"><valueCode value="equivalent"/></modifierExtension><code value="XM4YL8"/><display value="COVID-19 Vaccine AstraZeneca"/><equivalence value="equivalent"/></target></element><element><code value="CoviVac"/><display value="CoviVac"/><target><modifierExtension url="http://hl7.org/fhir/1.0/StructureDefinition/extension-ConceptMap.element.target.equivalence"><valueCode value="equivalent"/></modifierExtension><code value="XM85P5"/><display value="Covi-Vac"/><equivalence value="equivalent"/></target></element><element><code value="Sputnik-Light"/><display value="Sputnik Light"/><target><modifierExtension url="http://hl7.org/fhir/1.0/StructureDefinition/extension-ConceptMap.element.target.equivalence"><valueCode value="equivalent"/></modifierExtension><code value="XM5QM6"/><display value="Sputnik-Light"/><equivalence value="equivalent"/></target></element><element><code value="Hayat-Vax"/><display value="Hayat-Vax"/><target><modifierExtension url="http://hl7.org/fhir/1.0/StructureDefinition/extension-ConceptMap.element.target.equivalence"><valueCode value="equivalent"/></modifierExtension><code value="XM9FQ7"/><display value="Hayat-Vax"/><equivalence value="equivalent"/></target></element><element><code value="Abdala"/><display value="Abdala"/><target><modifierExtension url="http://hl7.org/fhir/1.0/StructureDefinition/extension-ConceptMap.element.target.equivalence"><valueCode value="wider"/></modifierExtension><code value="XM5JC5"/><display value="COVID-19 vaccine, virus protein subunit"/><equivalence value="wider"/></target></element><element><code value="WIBP-CorV"/><display value="WIBP-CorV"/><target><modifierExtension url="http://hl7.org/fhir/1.0/StructureDefinition/extension-ConceptMap.element.target.equivalence"><valueCode value="equivalent"/></modifierExtension><code value="XM1AU2"/><display value="Sinopharm WIBP-CorV"/><equivalence value="equivalent"/></target></element><element><code value="MVC-COV1901"/><display value="MVC COVID-19 vaccine"/><target><modifierExtension url="http://hl7.org/fhir/1.0/StructureDefinition/extension-ConceptMap.element.target.equivalence"><valueCode value="equivalent"/></modifierExtension><code value="XM4EC8"/><display value="MVC-COV1901"/><equivalence value="equivalent"/></target></element><element><code value="EU/1/21/1618"/><display value="Nuvaxovid"/><target><modifierExtension url="http://hl7.org/fhir/1.0/StructureDefinition/extension-ConceptMap.element.target.equivalence"><valueCode value="wider"/></modifierExtension><code value="XM9T65"/><display value="Novavax COVID-19 vaccine"/><equivalence value="wider"/></target></element><element><code value="Covovax"/><display value="Covovax"/><target><modifierExtension url="http://hl7.org/fhir/1.0/StructureDefinition/extension-ConceptMap.element.target.equivalence"><valueCode value="wider"/></modifierExtension><code value="XM9T65"/><display value="Novavax COVID-19 vaccine"/><equivalence value="wider"/></target></element><element><code value="Vidprevtyn"/><display value="Vidprevtyn"/><target><modifierExtension url="http://hl7.org/fhir/1.0/StructureDefinition/extension-ConceptMap.element.target.equivalence"><valueCode value="wider"/></modifierExtension><code value="XM3CT4"/><display value="Recombinant SARS-CoV-2 vaccine"/><equivalence value="wider"/></target></element><element><code value="VLA2001"/><display value="VLA2001"/><target><modifierExtension url="http://hl7.org/fhir/1.0/StructureDefinition/extension-ConceptMap.element.target.equivalence"><valueCode value="wider"/></modifierExtension><code value="XM1NL1"/><display value="COVID-19 vaccine, inactivated virus"/><equivalence value="wider"/></target></element><element><code value="EpiVacCorona-N"/><display value="EpiVacCorona- N"/><target><modifierExtension url="http://hl7.org/fhir/1.0/StructureDefinition/extension-ConceptMap.element.target.equivalence"><valueCode value="equivalent"/></modifierExtension><code value="XM3SK8"/><display value="EpiVacCorona-N"/><equivalence value="equivalent"/></target></element><element><code value="Sputnik-M"/><display value="Sputnik M"/><target><modifierExtension url="http://hl7.org/fhir/1.0/StructureDefinition/extension-ConceptMap.element.target.equivalence"><valueCode value="wider"/></modifierExtension><code value="XM3CT4"/><display value="Recombinant SARS-CoV-2 vaccine"/><equivalence value="wider"/></target></element><element><code value="Covid-19-adsorvida-inativada"/><display value="Vacina adsorvida covid-19 (inativada)"/><target><modifierExtension url="http://hl7.org/fhir/1.0/StructureDefinition/extension-ConceptMap.element.target.equivalence"><valueCode value="wider"/></modifierExtension><code value="XM1NL1"/><display value="COVID-19 vaccine, inactivated virus"/><equivalence value="wider"/></target></element><element><code value="NVSI-06-08"/><display value="NVSI-06-08"/><target><modifierExtension url="http://hl7.org/fhir/1.0/StructureDefinition/extension-ConceptMap.element.target.equivalence"><valueCode value="wider"/></modifierExtension><code value="XM3CT4"/><display value="Recombinant SARS-CoV-2 vaccine"/><equivalence value="wider"/></target></element><element><code value="YS-SC2-010"/><display value="YS-SC2-010"/><target><modifierExtension url="http://hl7.org/fhir/1.0/StructureDefinition/extension-ConceptMap.element.target.equivalence"><valueCode value="wider"/></modifierExtension><code value="XM3CT4"/><display value="Recombinant SARS-CoV-2 vaccine"/><equivalence value="wider"/></target></element><element><code value="SCTV01C"/><display value="SCTV01C"/><target><modifierExtension url="http://hl7.org/fhir/1.0/StructureDefinition/extension-ConceptMap.element.target.equivalence"><valueCode value="wider"/></modifierExtension><code value="XM3CT4"/><display value="Recombinant SARS-CoV-2 vaccine"/><equivalence value="wider"/></target></element><element><code value="Covifenz"/><display value="Covifenz"/><target><modifierExtension url="http://hl7.org/fhir/1.0/StructureDefinition/extension-ConceptMap.element.target.equivalence"><valueCode value="wider"/></modifierExtension><code value="XM3CT4"/><display value="Recombinant SARS-CoV-2 vaccine"/><equivalence value="wider"/></target></element><element><code value="AZD2816"/><display value="AZD2816"/><target><modifierExtension url="http://hl7.org/fhir/1.0/StructureDefinition/extension-ConceptMap.element.target.equivalence"><valueCode value="equivalent"/></modifierExtension><code value="XM4YL8"/><display value="COVID-19 Vaccine AstraZeneca"/><equivalence value="equivalent"/></target></element><element><code value="Soberana-02"/><display value="Soberana 02"/><target><modifierExtension url="http://hl7.org/fhir/1.0/StructureDefinition/extension-ConceptMap.element.target.equivalence"><valueCode value="equivalent"/></modifierExtension><code value="XM3PG0"/><display value="Soberana-02"/><equivalence value="equivalent"/></target></element><element><code value="Soberana-Plus"/><display value="Soberana Plus"/><target><modifierExtension url="http://hl7.org/fhir/1.0/StructureDefinition/extension-ConceptMap.element.target.equivalence"><valueCode value="equivalent"/></modifierExtension><code value="XM0RV9"/><display value="Soberana Plus"/><equivalence value="equivalent"/></target></element><element><code value="EU/1/21/1624"/><display value="COVID-19 Vaccine Valneva"/><target><modifierExtension url="http://hl7.org/fhir/1.0/StructureDefinition/extension-ConceptMap.element.target.equivalence"><valueCode value="wider"/></modifierExtension><code value="XM1NL1"/><display value="COVID-19 vaccine, inactivated virus"/><equivalence value="wider"/></target></element><element><code value="EU/1/21/1580"/><display value="VidPrevtyn Beta"/><target><modifierExtension url="http://hl7.org/fhir/1.0/StructureDefinition/extension-ConceptMap.element.target.equivalence"><valueCode value="wider"/></modifierExtension><code value="XM3CT4"/><display value="Recombinant SARS-CoV-2 vaccine"/><equivalence value="wider"/></target></element></group></ConceptMap>