<?xml version="1.0" encoding="UTF-8"?><ValueSet xmlns="http://hl7.org/fhir"><id value="vaccine-covid19-euur"/><text><status value="generated"/><div xmlns="http://www.w3.org/1999/xhtml"><ul><li>Include these codes as defined in <a href="CodeSystem-WHO-DDCC-euur.html"><code>https://ec.europa.eu/health/documents/community-register/html/</code></a><table class="none"><tr><td style="white-space:nowrap"><b>Code</b></td><td><b>Display</b></td></tr><tr><td><a href="CodeSystem-WHO-DDCC-euur.html#WHO-DDCC-euur-EU.471.4720.471528">EU/1/20/1528</a></td><td>Comirnaty</td></tr><tr><td><a href="CodeSystem-WHO-DDCC-euur.html#WHO-DDCC-euur-EU.471.4720.471507">EU/1/20/1507</a></td><td>Spikevax</td></tr><tr><td><a href="CodeSystem-WHO-DDCC-euur.html#WHO-DDCC-euur-EU.471.4721.471529">EU/1/21/1529</a></td><td>Vaxzevria</td></tr><tr><td><a href="CodeSystem-WHO-DDCC-euur.html#WHO-DDCC-euur-EU.471.4720.471525">EU/1/20/1525</a></td><td>Jcovden</td></tr><tr><td><a href="CodeSystem-WHO-DDCC-euur.html#WHO-DDCC-euur-CVnCoV">CVnCoV</a></td><td>CVnCoV</td></tr><tr><td><a href="CodeSystem-WHO-DDCC-euur.html#WHO-DDCC-euur-NVX-CoV2373">NVX-CoV2373</a></td><td>NVX-CoV2373</td></tr><tr><td><a href="CodeSystem-WHO-DDCC-euur.html#WHO-DDCC-euur-Sputnik-V">Sputnik-V</a></td><td>Sputnik V</td></tr><tr><td><a href="CodeSystem-WHO-DDCC-euur.html#WHO-DDCC-euur-Convidecia">Convidecia</a></td><td>Convidecia</td></tr><tr><td><a href="CodeSystem-WHO-DDCC-euur.html#WHO-DDCC-euur-EpiVacCorona">EpiVacCorona</a></td><td>EpiVacCorona</td></tr><tr><td><a href="CodeSystem-WHO-DDCC-euur.html#WHO-DDCC-euur-BBIBP-CorV">BBIBP-CorV</a></td><td>BBIBP-CorV</td></tr><tr><td><a href="CodeSystem-WHO-DDCC-euur.html#WHO-DDCC-euur-Inactivated-SARS-CoV-2-Vero-Cell">Inactivated-SARS-CoV-2-Vero-Cell</a></td><td>Inactivated SARS-CoV-2 (Vero Cell)</td></tr><tr><td><a href="CodeSystem-WHO-DDCC-euur.html#WHO-DDCC-euur-CoronaVac">CoronaVac</a></td><td>CoronaVac</td></tr><tr><td><a href="CodeSystem-WHO-DDCC-euur.html#WHO-DDCC-euur-Covaxin">Covaxin</a></td><td>Covaxin</td></tr><tr><td><a href="CodeSystem-WHO-DDCC-euur.html#WHO-DDCC-euur-Covishield">Covishield</a></td><td>Covishield</td></tr><tr><td><a href="CodeSystem-WHO-DDCC-euur.html#WHO-DDCC-euur-Covid-19-recombinant">Covid-19-recombinant</a></td><td>Covid-19 (recombinant)</td></tr><tr><td><a href="CodeSystem-WHO-DDCC-euur.html#WHO-DDCC-euur-R-COVI">R-COVI</a></td><td>R-COVI</td></tr><tr><td><a href="CodeSystem-WHO-DDCC-euur.html#WHO-DDCC-euur-CoviVac">CoviVac</a></td><td>CoviVac</td></tr><tr><td><a href="CodeSystem-WHO-DDCC-euur.html#WHO-DDCC-euur-Sputnik-Light">Sputnik-Light</a></td><td>Sputnik Light</td></tr><tr><td><a href="CodeSystem-WHO-DDCC-euur.html#WHO-DDCC-euur-Hayat-Vax">Hayat-Vax</a></td><td>Hayat-Vax</td></tr><tr><td><a href="CodeSystem-WHO-DDCC-euur.html#WHO-DDCC-euur-Abdala">Abdala</a></td><td>Abdala</td></tr><tr><td><a href="CodeSystem-WHO-DDCC-euur.html#WHO-DDCC-euur-WIBP-CorV">WIBP-CorV</a></td><td>WIBP-CorV</td></tr><tr><td><a href="CodeSystem-WHO-DDCC-euur.html#WHO-DDCC-euur-MVC-COV1901">MVC-COV1901</a></td><td>MVC COVID-19 vaccine</td></tr><tr><td><a href="CodeSystem-WHO-DDCC-euur.html#WHO-DDCC-euur-EU.471.4721.471618">EU/1/21/1618</a></td><td>Nuvaxovid</td></tr><tr><td><a href="CodeSystem-WHO-DDCC-euur.html#WHO-DDCC-euur-Covovax">Covovax</a></td><td>Covovax</td></tr><tr><td><a href="CodeSystem-WHO-DDCC-euur.html#WHO-DDCC-euur-Vidprevtyn">Vidprevtyn</a></td><td>Vidprevtyn</td></tr><tr><td><a href="CodeSystem-WHO-DDCC-euur.html#WHO-DDCC-euur-VLA2001">VLA2001</a></td><td>VLA2001</td></tr><tr><td><a href="CodeSystem-WHO-DDCC-euur.html#WHO-DDCC-euur-EpiVacCorona-N">EpiVacCorona-N</a></td><td>EpiVacCorona- N</td></tr><tr><td><a href="CodeSystem-WHO-DDCC-euur.html#WHO-DDCC-euur-Sputnik-M">Sputnik-M</a></td><td>Sputnik M</td></tr><tr><td><a href="CodeSystem-WHO-DDCC-euur.html#WHO-DDCC-euur-Covid-19-adsorvida-inativada">Covid-19-adsorvida-inativada</a></td><td>Vacina adsorvida covid-19 (inativada)</td></tr><tr><td><a href="CodeSystem-WHO-DDCC-euur.html#WHO-DDCC-euur-NVSI-06-08">NVSI-06-08</a></td><td>NVSI-06-08</td></tr><tr><td><a href="CodeSystem-WHO-DDCC-euur.html#WHO-DDCC-euur-YS-SC2-010">YS-SC2-010</a></td><td>YS-SC2-010</td></tr><tr><td><a href="CodeSystem-WHO-DDCC-euur.html#WHO-DDCC-euur-SCTV01C">SCTV01C</a></td><td>SCTV01C</td></tr><tr><td><a href="CodeSystem-WHO-DDCC-euur.html#WHO-DDCC-euur-Covifenz">Covifenz</a></td><td>Covifenz</td></tr><tr><td><a href="CodeSystem-WHO-DDCC-euur.html#WHO-DDCC-euur-AZD2816">AZD2816</a></td><td>AZD2816</td></tr><tr><td><a href="CodeSystem-WHO-DDCC-euur.html#WHO-DDCC-euur-Soberana-02">Soberana-02</a></td><td>Soberana 02</td></tr><tr><td><a href="CodeSystem-WHO-DDCC-euur.html#WHO-DDCC-euur-Soberana-Plus">Soberana-Plus</a></td><td>Soberana Plus</td></tr><tr><td><a href="CodeSystem-WHO-DDCC-euur.html#WHO-DDCC-euur-EU.471.4721.471624">EU/1/21/1624</a></td><td>COVID-19 Vaccine Valneva</td></tr><tr><td><a href="CodeSystem-WHO-DDCC-euur.html#WHO-DDCC-euur-EU.471.4721.471580">EU/1/21/1580</a></td><td>VidPrevtyn Beta</td></tr></table></li></ul></div></text><url value="http://smart.who.int/ddcc/ValueSet/vaccine-covid19-euur"/><version value="1.0.0"/><name value="VaccineCovid19EUUnionRegisterValueSet"/><title value="Vaccine - COVID-19 - EU Union Register of Medicinial Products"/><status value="draft"/><experimental value="true"/><date value="2023-11-07T06:07:49+00:00"/><publisher value="WHO"/><contact><name value="WHO"/><telecom><system value="url"/><value value="http://who.int"/></telecom></contact><description value="Union Register of medicinal products for vaccines with EU-wide authorisation. The Union Register is found at &lt;https://ec.europa.eu/health/documents/community-register/html/index_en.htm&gt;. However, the contents of this ValueSet are based on v1.14 (2023-01-25) of the [EU DCC value set guidelines](https://health.ec.europa.eu/system/files/2023-01/eu-dcc-value-sets_en.pdf)."/><jurisdiction><coding><system value="http://unstats.un.org/unsd/methods/m49/m49.htm"/><code value="001"/></coding></jurisdiction><compose><include><system value="https://ec.europa.eu/health/documents/community-register/html/"/><concept><code value="EU/1/20/1528"/><display value="Comirnaty"/></concept><concept><code value="EU/1/20/1507"/><display value="Spikevax"/></concept><concept><code value="EU/1/21/1529"/><display value="Vaxzevria"/></concept><concept><code value="EU/1/20/1525"/><display value="Jcovden"/></concept><concept><code value="CVnCoV"/><display value="CVnCoV"/></concept><concept><code value="NVX-CoV2373"/><display value="NVX-CoV2373"/></concept><concept><code value="Sputnik-V"/><display value="Sputnik V"/></concept><concept><code value="Convidecia"/><display value="Convidecia"/></concept><concept><code value="EpiVacCorona"/><display value="EpiVacCorona"/></concept><concept><code value="BBIBP-CorV"/><display value="BBIBP-CorV"/></concept><concept><code value="Inactivated-SARS-CoV-2-Vero-Cell"/><display value="Inactivated SARS-CoV-2 (Vero Cell)"/></concept><concept><code value="CoronaVac"/><display value="CoronaVac"/></concept><concept><code value="Covaxin"/><display value="Covaxin"/></concept><concept><code value="Covishield"/><display value="Covishield"/></concept><concept><code value="Covid-19-recombinant"/><display value="Covid-19 (recombinant)"/></concept><concept><code value="R-COVI"/><display value="R-COVI"/></concept><concept><code value="CoviVac"/><display value="CoviVac"/></concept><concept><code value="Sputnik-Light"/><display value="Sputnik Light"/></concept><concept><code value="Hayat-Vax"/><display value="Hayat-Vax"/></concept><concept><code value="Abdala"/><display value="Abdala"/></concept><concept><code value="WIBP-CorV"/><display value="WIBP-CorV"/></concept><concept><code value="MVC-COV1901"/><display value="MVC COVID-19 vaccine"/></concept><concept><code value="EU/1/21/1618"/><display value="Nuvaxovid"/></concept><concept><code value="Covovax"/><display value="Covovax"/></concept><concept><code value="Vidprevtyn"/><display value="Vidprevtyn"/></concept><concept><code value="VLA2001"/><display value="VLA2001"/></concept><concept><code value="EpiVacCorona-N"/><display value="EpiVacCorona- N"/></concept><concept><code value="Sputnik-M"/><display value="Sputnik M"/></concept><concept><code value="Covid-19-adsorvida-inativada"/><display value="Vacina adsorvida covid-19 (inativada)"/></concept><concept><code value="NVSI-06-08"/><display value="NVSI-06-08"/></concept><concept><code value="YS-SC2-010"/><display value="YS-SC2-010"/></concept><concept><code value="SCTV01C"/><display value="SCTV01C"/></concept><concept><code value="Covifenz"/><display value="Covifenz"/></concept><concept><code value="AZD2816"/><display value="AZD2816"/></concept><concept><code value="Soberana-02"/><display value="Soberana 02"/></concept><concept><code value="Soberana-Plus"/><display value="Soberana Plus"/></concept><concept><code value="EU/1/21/1624"/><display value="COVID-19 Vaccine Valneva"/></concept><concept><code value="EU/1/21/1580"/><display value="VidPrevtyn Beta"/></concept></include></compose></ValueSet>