"Id","Path","Slice Name","Alias(s)","Label","Min","Max","Must Support?","Is Modifier?","Is Summary?","Type(s)","Short","Definition","Comments","Requirements","Default Value","Meaning When Missing","Fixed Value","Pattern","Example","Minimum Value","Maximum Value","Maximum Length","Binding Strength","Binding Description","Binding Value Set","Code","Slicing Discriminator","Slicing Description","Slicing Ordered","Slicing Rules","Base Path","Base Min","Base Max","Condition(s)","Constraint(s)","Mapping: RIM Mapping"
"CertDIVOC","CertDIVOC","","","",0,*,"","","","null {[]} {[]}
","Certificate - DIVOC Verifiable Credential Logical Model","Data elements for the DIVOC Core Data Set.

The official DIVOC documentation appears to be at <https://divoc.digit.org>. However, this does not include a full list of elements included in DIVOC certificates.

There is a JSON-LD context referenced in DIVOC certificate examples (`https://cowin.gov.in/credentials/vaccination/v1`), which would provide some element-level information, but this URL does not resolve. There is a copy of this JSON-LD context at <https://github.com/egovernments/DIVOC/blob/main/vaccination-context/vaccination-context.js>.

It was not possible to find any online documentation regarding DIVOC proof of testing. Information on this was provided by the DIVOC team via email.

Some element descriptions in this logical model provide details that are not in publicly available DIVOC documentation.","","","","","","","","","",,,,,"",,,,"Base",0,*,"",""
"CertDIVOC.context","CertDIVOC.context","","","",1,*,"","","","string {[]} {[]}
","Context (JSON-LD) - should actually be `@context` but this name isn't supported by FHIR.","Context (JSON-LD) - should actually be `@context` but this name isn't supported by FHIR.","","","","","","","","","",,,,,"",,,,"CertDIVOC.context",1,*,"",""
"CertDIVOC.type","CertDIVOC.type","","","",1,*,"","","","string {[]} {[]}
","Type","JSON-LD Type","","","","","","","","","",,,,,"",,,,"CertDIVOC.type",1,*,"",""
"CertDIVOC.issuer","CertDIVOC.issuer","","","",1,1,"","","","string {[]} {[]}
","Issuer identifier","Issuer identifier URI. generally a DID","","","","","","","","","",,,,,"",,,,"CertDIVOC.issuer",1,1,"",""
"CertDIVOC.issuanceDate","CertDIVOC.issuanceDate","","","",1,1,"","","","dateTime {[]} {[]}
","issuanceDate","Date and time when a credential becomes valid","","","","","","","","","",,,,,"",,,,"CertDIVOC.issuanceDate",1,1,"",""
"CertDIVOC.nonTransferable","CertDIVOC.nonTransferable","","","",0,1,"","","","boolean {[]} {[]}
","Non Trasnferability","indicates that a verifiable credential must only be encapsulated into a verifiable presentation whose proof was issued by the credentialSubject","","","","","","","","","",,,,,"",,,,"CertDIVOC.nonTransferable",0,1,"",""
"CertDIVOC.credentialSubject","CertDIVOC.credentialSubject","","","",1,1,"","","","BackboneElement {[]} {[]}
","CredentialSubject","Contains claims about one or morebjects (Patients)","","","","","","","","","",,,,,"",,,,"CertDIVOC.credentialSubject",1,1,"","ele-1:All FHIR elements must have a @value or children {hasValue() or (children().count() > id.count())}
"
"CertDIVOC.credentialSubject.id","CertDIVOC.credentialSubject.id","","","",0,1,"","","","string {[]} {[]}
","id","id","","","","","","","","","",,,,,"",,,,"Element.id",0,1,"","","n/a"
"CertDIVOC.credentialSubject.extension","CertDIVOC.credentialSubject.extension","","extensions
user content","",0,*,"","","","Extension {[]} {[]}
","Additional content defined by implementations","May be used to represent additional information that is not part of the basic definition of the element. To make the use of extensions safe and manageable, there is a strict set of governance  applied to the definition and use of extensions. Though any implementer can define an extension, there is a set of requirements that SHALL be met as part of the definition of the extension.","There can be no stigma associated with the use of extensions by any application, project, or standard - regardless of the institution or jurisdiction that uses or defines the extensions.  The use of extensions is what allows the FHIR specification to retain a core level of simplicity for everyone.","","","","","","","","",,,,,"","value:url}
","Extensions are always sliced by (at least) url",,"open","Element.extension",0,*,"","ele-1:All FHIR elements must have a @value or children {hasValue() or (children().count() > id.count())}
ext-1:Must have either extensions or value[x], not both {extension.exists() != value.exists()}","n/a"
"CertDIVOC.credentialSubject.modifierExtension","CertDIVOC.credentialSubject.modifierExtension","","extensions
user contentmodifiers","",0,*,"","Y","Y","Extension {[]} {[]}
","Extensions that cannot be ignored even if unrecognized","May be used to represent additional information that is not part of the basic definition of the element and that modifies the understanding of the element in which it is contained and/or the understanding of the containing element's descendants. Usually modifier elements provide negation or qualification. To make the use of extensions safe and manageable, there is a strict set of governance applied to the definition and use of extensions. Though any implementer can define an extension, there is a set of requirements that SHALL be met as part of the definition of the extension. Applications processing a resource are required to check for modifier extensions.

Modifier extensions SHALL NOT change the meaning of any elements on Resource or DomainResource (including cannot change the meaning of modifierExtension itself).","There can be no stigma associated with the use of extensions by any application, project, or standard - regardless of the institution or jurisdiction that uses or defines the extensions.  The use of extensions is what allows the FHIR specification to retain a core level of simplicity for everyone.","Modifier extensions allow for extensions that *cannot* be safely ignored to be clearly distinguished from the vast majority of extensions which can be safely ignored.  This promotes interoperability by eliminating the need for implementers to prohibit the presence of extensions. For further information, see the [definition of modifier extensions](http://hl7.org/fhir/R4/extensibility.html#modifierExtension).","","","","","","","",,,,,"",,,,"BackboneElement.modifierExtension",0,*,"","ele-1:All FHIR elements must have a @value or children {hasValue() or (children().count() > id.count())}
ext-1:Must have either extensions or value[x], not both {extension.exists() != value.exists()}","N/A"
"CertDIVOC.credentialSubject.type","CertDIVOC.credentialSubject.type","","","",1,*,"","","","string {[]} {[]}
","type","Type of credential. Generally 'Person'","","","","","","","","","",,,,,"",,,,"CertDIVOC.credentialSubject.type",1,*,"",""
"CertDIVOC.credentialSubject.uhid","CertDIVOC.credentialSubject.uhid","","","",0,1,"","","","string {[]} {[]}
","another id","another id","","","","","","","","","",,,,,"",,,,"CertDIVOC.credentialSubject.uhid",0,1,"",""
"CertDIVOC.credentialSubject.refId","CertDIVOC.credentialSubject.refId","","","",0,1,"","","","string {[]} {[]}
","reference id","reference id","","","","","","","","","",,,,,"",,,,"CertDIVOC.credentialSubject.refId",0,1,"",""
"CertDIVOC.credentialSubject.name","CertDIVOC.credentialSubject.name","","","",0,1,"","","","string {[]} {[]}
","A name associated with the patient","A name associated with the patient","","","","","","","","","",,,,,"",,,,"CertDIVOC.credentialSubject.name",0,1,"",""
"CertDIVOC.credentialSubject.gender","CertDIVOC.credentialSubject.gender","","","",0,1,"","","","string {[]} {[]}
","Gender (`Male` or `Female`; unknown if there are other options)","Gender (`Male` or `Female`; unknown if there are other options)","","","","","","","","","",,,,,"",,,,"CertDIVOC.credentialSubject.gender",0,1,"",""
"CertDIVOC.credentialSubject.sex","CertDIVOC.credentialSubject.sex","","","",0,1,"","","","string {[]} {[]}
","Sex (not used in examples; presumably `Male` or `Female`; unknown if there are other options)","Sex (not used in examples; presumably `Male` or `Female`; unknown if there are other options)","","","","","","","","","",,,,,"",,,,"CertDIVOC.credentialSubject.sex",0,1,"",""
"CertDIVOC.credentialSubject.age","CertDIVOC.credentialSubject.age","","","",0,1,"","","","string {[]} {[]}
","Age","Age","","","","","","","","","",,,,,"",,,,"CertDIVOC.credentialSubject.age",0,1,"",""
"CertDIVOC.credentialSubject.dob","CertDIVOC.credentialSubject.dob","","","",0,1,"","","","date {[]} {[]}
","The date of birth for the individual (V2 only)","The date of birth for the individual (V2 only)","","","","","","","","","",,,,,"",,,,"CertDIVOC.credentialSubject.dob",0,1,"",""
"CertDIVOC.credentialSubject.nationality","CertDIVOC.credentialSubject.nationality","","","",0,1,"","","","string {[]} {[]}
","Nationality","Nationality","","","","","","","","","",,,,,"",,,,"CertDIVOC.credentialSubject.nationality",0,1,"",""
"CertDIVOC.credentialSubject.address","CertDIVOC.credentialSubject.address","","","",0,1,"","","","BackboneElement {[]} {[]}
","Address","Address","","","","","","","","","",,,,,"",,,,"CertDIVOC.credentialSubject.address",0,1,"","ele-1:All FHIR elements must have a @value or children {hasValue() or (children().count() > id.count())}
"
"CertDIVOC.credentialSubject.address.id","CertDIVOC.credentialSubject.address.id","","","",0,1,"","","","string {[]} {[]}
","Unique id for inter-element referencing","Unique id for the element within a resource (for internal references). This may be any string value that does not contain spaces.","","","","","","","","","",,,,,"",,,,"Element.id",0,1,"","","n/a"
"CertDIVOC.credentialSubject.address.extension","CertDIVOC.credentialSubject.address.extension","","extensions
user content","",0,*,"","","","Extension {[]} {[]}
","Additional content defined by implementations","May be used to represent additional information that is not part of the basic definition of the element. To make the use of extensions safe and manageable, there is a strict set of governance  applied to the definition and use of extensions. Though any implementer can define an extension, there is a set of requirements that SHALL be met as part of the definition of the extension.","There can be no stigma associated with the use of extensions by any application, project, or standard - regardless of the institution or jurisdiction that uses or defines the extensions.  The use of extensions is what allows the FHIR specification to retain a core level of simplicity for everyone.","","","","","","","","",,,,,"","value:url}
","Extensions are always sliced by (at least) url",,"open","Element.extension",0,*,"","ele-1:All FHIR elements must have a @value or children {hasValue() or (children().count() > id.count())}
ext-1:Must have either extensions or value[x], not both {extension.exists() != value.exists()}","n/a"
"CertDIVOC.credentialSubject.address.modifierExtension","CertDIVOC.credentialSubject.address.modifierExtension","","extensions
user contentmodifiers","",0,*,"","Y","Y","Extension {[]} {[]}
","Extensions that cannot be ignored even if unrecognized","May be used to represent additional information that is not part of the basic definition of the element and that modifies the understanding of the element in which it is contained and/or the understanding of the containing element's descendants. Usually modifier elements provide negation or qualification. To make the use of extensions safe and manageable, there is a strict set of governance applied to the definition and use of extensions. Though any implementer can define an extension, there is a set of requirements that SHALL be met as part of the definition of the extension. Applications processing a resource are required to check for modifier extensions.

Modifier extensions SHALL NOT change the meaning of any elements on Resource or DomainResource (including cannot change the meaning of modifierExtension itself).","There can be no stigma associated with the use of extensions by any application, project, or standard - regardless of the institution or jurisdiction that uses or defines the extensions.  The use of extensions is what allows the FHIR specification to retain a core level of simplicity for everyone.","Modifier extensions allow for extensions that *cannot* be safely ignored to be clearly distinguished from the vast majority of extensions which can be safely ignored.  This promotes interoperability by eliminating the need for implementers to prohibit the presence of extensions. For further information, see the [definition of modifier extensions](http://hl7.org/fhir/R4/extensibility.html#modifierExtension).","","","","","","","",,,,,"",,,,"BackboneElement.modifierExtension",0,*,"","ele-1:All FHIR elements must have a @value or children {hasValue() or (children().count() > id.count())}
ext-1:Must have either extensions or value[x], not both {extension.exists() != value.exists()}","N/A"
"CertDIVOC.credentialSubject.address.streetAddress","CertDIVOC.credentialSubject.address.streetAddress","","","",0,1,"","","","string {[]} {[]}
","Line 1 of the address","Line 1 of the address","","","","","","","","","",,,,,"",,,,"CertDIVOC.credentialSubject.address.streetAddress",0,1,"",""
"CertDIVOC.credentialSubject.address.streetAddress2","CertDIVOC.credentialSubject.address.streetAddress2","","","",0,1,"","","","string {[]} {[]}
","Line 2 of the address","Line 2 of the address","","","","","","","","","",,,,,"",,,,"CertDIVOC.credentialSubject.address.streetAddress2",0,1,"",""
"CertDIVOC.credentialSubject.address.district","CertDIVOC.credentialSubject.address.district","","","",0,1,"","","","string {[]} {[]}
","District name (aka county)","District name (aka county)","","","","","","","","","",,,,,"",,,,"CertDIVOC.credentialSubject.address.district",0,1,"",""
"CertDIVOC.credentialSubject.address.city","CertDIVOC.credentialSubject.address.city","","","",0,1,"","","","string {[]} {[]}
","Name of city, town etc.","Name of city, town etc.","","","","","","","","","",,,,,"",,,,"CertDIVOC.credentialSubject.address.city",0,1,"",""
"CertDIVOC.credentialSubject.address.addressRegion","CertDIVOC.credentialSubject.address.addressRegion","","","",0,1,"","","","string {[]} {[]}
","Sub-unit of country (abbreviations ok)","Sub-unit of country (abbreviations ok)","","","","","","","","","",,,,,"",,,,"CertDIVOC.credentialSubject.address.addressRegion",0,1,"",""
"CertDIVOC.credentialSubject.address.addressCountry","CertDIVOC.credentialSubject.address.addressCountry","","","",0,1,"","","","string {[]} {[]}
","Country (e.g. may be ISO 3166 2 or 3 letter code)","Country (e.g. may be ISO 3166 2 or 3 letter code)","","","","","","","","","",,,,,"",,,,"CertDIVOC.credentialSubject.address.addressCountry",0,1,"",""
"CertDIVOC.credentialSubject.address.postalCode","CertDIVOC.credentialSubject.address.postalCode","","","",0,1,"","","","string {[]} {[]}
","Postal code for area","Postal code for area","","","","","","","","","",,,,,"",,,,"CertDIVOC.credentialSubject.address.postalCode",0,1,"",""
"CertDIVOC.evidence","CertDIVOC.evidence","","","",0,*,"","","","BackboneElement {[]} {[]}
","Evidence","Vaccination Information","","","","","","","","","",,,,,"",,,,"CertDIVOC.evidence",0,*,"","ele-1:All FHIR elements must have a @value or children {hasValue() or (children().count() > id.count())}
"
"CertDIVOC.evidence.id","CertDIVOC.evidence.id","","","",0,1,"","","","string {[]} {[]}
","id","id","","","","","","","","","",,,,,"",,,,"Element.id",0,1,"","","n/a"
"CertDIVOC.evidence.extension","CertDIVOC.evidence.extension","","extensions
user content","",0,*,"","","","Extension {[]} {[]}
","Additional content defined by implementations","May be used to represent additional information that is not part of the basic definition of the element. To make the use of extensions safe and manageable, there is a strict set of governance  applied to the definition and use of extensions. Though any implementer can define an extension, there is a set of requirements that SHALL be met as part of the definition of the extension.","There can be no stigma associated with the use of extensions by any application, project, or standard - regardless of the institution or jurisdiction that uses or defines the extensions.  The use of extensions is what allows the FHIR specification to retain a core level of simplicity for everyone.","","","","","","","","",,,,,"","value:url}
","Extensions are always sliced by (at least) url",,"open","Element.extension",0,*,"","ele-1:All FHIR elements must have a @value or children {hasValue() or (children().count() > id.count())}
ext-1:Must have either extensions or value[x], not both {extension.exists() != value.exists()}","n/a"
"CertDIVOC.evidence.modifierExtension","CertDIVOC.evidence.modifierExtension","","extensions
user contentmodifiers","",0,*,"","Y","Y","Extension {[]} {[]}
","Extensions that cannot be ignored even if unrecognized","May be used to represent additional information that is not part of the basic definition of the element and that modifies the understanding of the element in which it is contained and/or the understanding of the containing element's descendants. Usually modifier elements provide negation or qualification. To make the use of extensions safe and manageable, there is a strict set of governance applied to the definition and use of extensions. Though any implementer can define an extension, there is a set of requirements that SHALL be met as part of the definition of the extension. Applications processing a resource are required to check for modifier extensions.

Modifier extensions SHALL NOT change the meaning of any elements on Resource or DomainResource (including cannot change the meaning of modifierExtension itself).","There can be no stigma associated with the use of extensions by any application, project, or standard - regardless of the institution or jurisdiction that uses or defines the extensions.  The use of extensions is what allows the FHIR specification to retain a core level of simplicity for everyone.","Modifier extensions allow for extensions that *cannot* be safely ignored to be clearly distinguished from the vast majority of extensions which can be safely ignored.  This promotes interoperability by eliminating the need for implementers to prohibit the presence of extensions. For further information, see the [definition of modifier extensions](http://hl7.org/fhir/R4/extensibility.html#modifierExtension).","","","","","","","",,,,,"",,,,"BackboneElement.modifierExtension",0,*,"","ele-1:All FHIR elements must have a @value or children {hasValue() or (children().count() > id.count())}
ext-1:Must have either extensions or value[x], not both {extension.exists() != value.exists()}","N/A"
"CertDIVOC.evidence.feedbackUrl","CertDIVOC.evidence.feedbackUrl","","","",0,1,"","","","string {[]} {[]}
","URL for feedback","URL for feedback","","","","","","","","","",,,,,"",,,,"CertDIVOC.evidence.feedbackUrl",0,1,"",""
"CertDIVOC.evidence.infoUrl","CertDIVOC.evidence.infoUrl","","","",0,1,"","","","string {[]} {[]}
","URL for more information on this record","URL for more information on this record","","","","","","","","","",,,,,"",,,,"CertDIVOC.evidence.infoUrl",0,1,"",""
"CertDIVOC.evidence.certificateId","CertDIVOC.evidence.certificateId","","","",0,1,"","","","string {[]} {[]}
","Certificate Unique Identifier","Certificate Unique Identifier","","","","","","","","","",,,,,"",,,,"CertDIVOC.evidence.certificateId",0,1,"",""
"CertDIVOC.evidence.type","CertDIVOC.evidence.type","","","",1,*,"","","","string {[]} {[]}
","type","Type of evidence record. Generally `Vaccination` or `TestDetails`","","","","","","","","","",,,,,"",,,,"CertDIVOC.evidence.type",1,*,"",""
"CertDIVOC.evidence.batch","CertDIVOC.evidence.batch","","","",0,1,"","","","string {[]} {[]}
","Vaccine lot number","Vaccine lot number","","","","","","","","","",,,,,"",,,,"CertDIVOC.evidence.batch",0,1,"",""
"CertDIVOC.evidence.vaccine","CertDIVOC.evidence.vaccine","","","",0,1,"","","","string {[]} {[]}
","Vaccine description. Might include vaccine type and brand","Vaccine description. Might include vaccine type and brand","","","","","","","","","",,,,,"",,,,"CertDIVOC.evidence.vaccine",0,1,"",""
"CertDIVOC.evidence.manufacturer","CertDIVOC.evidence.manufacturer","","","",0,1,"","","","string {[]} {[]}
","Name of the Vaccine/Test Manufacturer","Name of the Vaccine/Test Manufacturer","","","","","","","","","",,,,,"",,,,"CertDIVOC.evidence.manufacturer",0,1,"",""
"CertDIVOC.evidence.date","CertDIVOC.evidence.date","","","",0,1,"","","","dateTime {[]} {[]}
","Date of immunization","Date of immunization","","","","","","","","","",,,,,"",,,,"CertDIVOC.evidence.date",0,1,"",""
"CertDIVOC.evidence.effectiveStart","CertDIVOC.evidence.effectiveStart","","","",0,1,"","","","date {[]} {[]}
","Effective immunization start date","Effective immunization start date","","","","","","","","","",,,,,"",,,,"CertDIVOC.evidence.effectiveStart",0,1,"",""
"CertDIVOC.evidence.effectiveUntil","CertDIVOC.evidence.effectiveUntil","","","",0,1,"","","","date {[]} {[]}
","Effective immunization end date","Effective immunization end date","","","","","","","","","",,,,,"",,,,"CertDIVOC.evidence.effectiveUntil",0,1,"",""
"CertDIVOC.evidence.dose","CertDIVOC.evidence.dose","","","",0,1,"","","","positiveInt {[]} {[]}
","Dose Number","Dose Number","","","","","","","","","",,,,,"",,,,"CertDIVOC.evidence.dose",0,1,"",""
"CertDIVOC.evidence.totalDoses","CertDIVOC.evidence.totalDoses","","","",0,1,"","","","positiveInt {[]} {[]}
","Total doses for this vaccine protocol regimen","Total doses for this vaccine protocol regimen","","","","","","","","","",,,,,"",,,,"CertDIVOC.evidence.totalDoses",0,1,"",""
"CertDIVOC.evidence.verifier","CertDIVOC.evidence.verifier","","","",0,1,"","","","BackboneElement {[]} {[]}
","Verifier","Practitioner that oversaw the application","","","","","","","","","",,,,,"",,,,"CertDIVOC.evidence.verifier",0,1,"","ele-1:All FHIR elements must have a @value or children {hasValue() or (children().count() > id.count())}
"
"CertDIVOC.evidence.verifier.id","CertDIVOC.evidence.verifier.id","","","",0,1,"","","","string {[]} {[]}
","Unique id for inter-element referencing","Unique id for the element within a resource (for internal references). This may be any string value that does not contain spaces.","","","","","","","","","",,,,,"",,,,"Element.id",0,1,"","","n/a"
"CertDIVOC.evidence.verifier.extension","CertDIVOC.evidence.verifier.extension","","extensions
user content","",0,*,"","","","Extension {[]} {[]}
","Additional content defined by implementations","May be used to represent additional information that is not part of the basic definition of the element. To make the use of extensions safe and manageable, there is a strict set of governance  applied to the definition and use of extensions. Though any implementer can define an extension, there is a set of requirements that SHALL be met as part of the definition of the extension.","There can be no stigma associated with the use of extensions by any application, project, or standard - regardless of the institution or jurisdiction that uses or defines the extensions.  The use of extensions is what allows the FHIR specification to retain a core level of simplicity for everyone.","","","","","","","","",,,,,"","value:url}
","Extensions are always sliced by (at least) url",,"open","Element.extension",0,*,"","ele-1:All FHIR elements must have a @value or children {hasValue() or (children().count() > id.count())}
ext-1:Must have either extensions or value[x], not both {extension.exists() != value.exists()}","n/a"
"CertDIVOC.evidence.verifier.modifierExtension","CertDIVOC.evidence.verifier.modifierExtension","","extensions
user contentmodifiers","",0,*,"","Y","Y","Extension {[]} {[]}
","Extensions that cannot be ignored even if unrecognized","May be used to represent additional information that is not part of the basic definition of the element and that modifies the understanding of the element in which it is contained and/or the understanding of the containing element's descendants. Usually modifier elements provide negation or qualification. To make the use of extensions safe and manageable, there is a strict set of governance applied to the definition and use of extensions. Though any implementer can define an extension, there is a set of requirements that SHALL be met as part of the definition of the extension. Applications processing a resource are required to check for modifier extensions.

Modifier extensions SHALL NOT change the meaning of any elements on Resource or DomainResource (including cannot change the meaning of modifierExtension itself).","There can be no stigma associated with the use of extensions by any application, project, or standard - regardless of the institution or jurisdiction that uses or defines the extensions.  The use of extensions is what allows the FHIR specification to retain a core level of simplicity for everyone.","Modifier extensions allow for extensions that *cannot* be safely ignored to be clearly distinguished from the vast majority of extensions which can be safely ignored.  This promotes interoperability by eliminating the need for implementers to prohibit the presence of extensions. For further information, see the [definition of modifier extensions](http://hl7.org/fhir/R4/extensibility.html#modifierExtension).","","","","","","","",,,,,"",,,,"BackboneElement.modifierExtension",0,*,"","ele-1:All FHIR elements must have a @value or children {hasValue() or (children().count() > id.count())}
ext-1:Must have either extensions or value[x], not both {extension.exists() != value.exists()}","N/A"
"CertDIVOC.evidence.verifier.name","CertDIVOC.evidence.verifier.name","","","",0,1,"","","","string {[]} {[]}
","Name of the practitioner","Name of the practitioner","","","","","","","","","",,,,,"",,,,"CertDIVOC.evidence.verifier.name",0,1,"",""
"CertDIVOC.evidence.facility","CertDIVOC.evidence.facility","","","",0,1,"","","","BackboneElement {[]} {[]}
","Facility","Facility where the immunization took place","","","","","","","","","",,,,,"",,,,"CertDIVOC.evidence.facility",0,1,"","ele-1:All FHIR elements must have a @value or children {hasValue() or (children().count() > id.count())}
"
"CertDIVOC.evidence.facility.id","CertDIVOC.evidence.facility.id","","","",0,1,"","","","string {[]} {[]}
","Unique id for inter-element referencing","Unique id for the element within a resource (for internal references). This may be any string value that does not contain spaces.","","","","","","","","","",,,,,"",,,,"Element.id",0,1,"","","n/a"
"CertDIVOC.evidence.facility.extension","CertDIVOC.evidence.facility.extension","","extensions
user content","",0,*,"","","","Extension {[]} {[]}
","Additional content defined by implementations","May be used to represent additional information that is not part of the basic definition of the element. To make the use of extensions safe and manageable, there is a strict set of governance  applied to the definition and use of extensions. Though any implementer can define an extension, there is a set of requirements that SHALL be met as part of the definition of the extension.","There can be no stigma associated with the use of extensions by any application, project, or standard - regardless of the institution or jurisdiction that uses or defines the extensions.  The use of extensions is what allows the FHIR specification to retain a core level of simplicity for everyone.","","","","","","","","",,,,,"","value:url}
","Extensions are always sliced by (at least) url",,"open","Element.extension",0,*,"","ele-1:All FHIR elements must have a @value or children {hasValue() or (children().count() > id.count())}
ext-1:Must have either extensions or value[x], not both {extension.exists() != value.exists()}","n/a"
"CertDIVOC.evidence.facility.modifierExtension","CertDIVOC.evidence.facility.modifierExtension","","extensions
user contentmodifiers","",0,*,"","Y","Y","Extension {[]} {[]}
","Extensions that cannot be ignored even if unrecognized","May be used to represent additional information that is not part of the basic definition of the element and that modifies the understanding of the element in which it is contained and/or the understanding of the containing element's descendants. Usually modifier elements provide negation or qualification. To make the use of extensions safe and manageable, there is a strict set of governance applied to the definition and use of extensions. Though any implementer can define an extension, there is a set of requirements that SHALL be met as part of the definition of the extension. Applications processing a resource are required to check for modifier extensions.

Modifier extensions SHALL NOT change the meaning of any elements on Resource or DomainResource (including cannot change the meaning of modifierExtension itself).","There can be no stigma associated with the use of extensions by any application, project, or standard - regardless of the institution or jurisdiction that uses or defines the extensions.  The use of extensions is what allows the FHIR specification to retain a core level of simplicity for everyone.","Modifier extensions allow for extensions that *cannot* be safely ignored to be clearly distinguished from the vast majority of extensions which can be safely ignored.  This promotes interoperability by eliminating the need for implementers to prohibit the presence of extensions. For further information, see the [definition of modifier extensions](http://hl7.org/fhir/R4/extensibility.html#modifierExtension).","","","","","","","",,,,,"",,,,"BackboneElement.modifierExtension",0,*,"","ele-1:All FHIR elements must have a @value or children {hasValue() or (children().count() > id.count())}
ext-1:Must have either extensions or value[x], not both {extension.exists() != value.exists()}","N/A"
"CertDIVOC.evidence.facility.name","CertDIVOC.evidence.facility.name","","","",0,1,"","","","string {[]} {[]}
","Name of the facility/entity","Name of the facility/entity","","","","","","","","","",,,,,"",,,,"CertDIVOC.evidence.facility.name",0,1,"",""
"CertDIVOC.evidence.facility.address","CertDIVOC.evidence.facility.address","","","",0,1,"","","","Address {[]} {[]}
","Address of the facility","Address of the facility","","","","","","","","","",,,,,"",,,,"CertDIVOC.evidence.facility.address",0,1,"","ele-1:All FHIR elements must have a @value or children {hasValue() or (children().count() > id.count())}
"
"CertDIVOC.evidence.facility.address.id","CertDIVOC.evidence.facility.address.id","","","",0,1,"","","","string {[]} {[]}
","Unique id for inter-element referencing","Unique id for the element within a resource (for internal references). This may be any string value that does not contain spaces.","","","","","","","","","",,,,,"",,,,"Element.id",0,1,"","","n/a"
"CertDIVOC.evidence.facility.address.extension","CertDIVOC.evidence.facility.address.extension","","extensions
user content","",0,*,"","","","Extension {[]} {[]}
","Additional content defined by implementations","May be used to represent additional information that is not part of the basic definition of the element. To make the use of extensions safe and manageable, there is a strict set of governance  applied to the definition and use of extensions. Though any implementer can define an extension, there is a set of requirements that SHALL be met as part of the definition of the extension.","There can be no stigma associated with the use of extensions by any application, project, or standard - regardless of the institution or jurisdiction that uses or defines the extensions.  The use of extensions is what allows the FHIR specification to retain a core level of simplicity for everyone.","","","","","","","","",,,,,"","value:url}
","Extensions are always sliced by (at least) url",,"open","Element.extension",0,*,"","ele-1:All FHIR elements must have a @value or children {hasValue() or (children().count() > id.count())}
ext-1:Must have either extensions or value[x], not both {extension.exists() != value.exists()}","n/a"
"CertDIVOC.evidence.facility.address.use","CertDIVOC.evidence.facility.address.use","","","",0,1,"","Y","Y","code {[]} {[]}
","home | work | temp | old | billing - purpose of this address","The purpose of this address.","Applications can assume that an address is current unless it explicitly says that it is temporary or old.","Allows an appropriate address to be chosen from a list of many.","","","","","<valueCode xmlns=""http://hl7.org/fhir"" value=""home""/>","","",,"required","The use of an address.","http://hl7.org/fhir/ValueSet/address-use|4.0.1","",,,,"Address.use",0,1,"","ele-1:All FHIR elements must have a @value or children {hasValue() or (children().count() > id.count())}
","unique(./use)"
"CertDIVOC.evidence.facility.address.type","CertDIVOC.evidence.facility.address.type","","","",0,1,"","","Y","code {[]} {[]}
","postal | physical | both","Distinguishes between physical addresses (those you can visit) and mailing addresses (e.g. PO Boxes and care-of addresses). Most addresses are both.","The definition of Address states that ""address is intended to describe postal addresses, not physical locations"". However, many applications track whether an address has a dual purpose of being a location that can be visited as well as being a valid delivery destination, and Postal addresses are often used as proxies for physical locations (also see the [Location](http://hl7.org/fhir/R4/location.html#) resource).","","","","","","<valueCode xmlns=""http://hl7.org/fhir"" value=""both""/>","","",,"required","The type of an address (physical / postal).","http://hl7.org/fhir/ValueSet/address-type|4.0.1","",,,,"Address.type",0,1,"","ele-1:All FHIR elements must have a @value or children {hasValue() or (children().count() > id.count())}
","unique(./use)"
"CertDIVOC.evidence.facility.address.text","CertDIVOC.evidence.facility.address.text","","","",0,1,"","","Y","string {[]} {[]}
","Text representation of the address","Specifies the entire address as it should be displayed e.g. on a postal label. This may be provided instead of or as well as the specific parts.","Can provide both a text representation and parts. Applications updating an address SHALL ensure that  when both text and parts are present,  no content is included in the text that isn't found in a part.","A renderable, unencoded form.","","","","","<valueString xmlns=""http://hl7.org/fhir"" value=""137 Nowhere Street, Erewhon 9132""/>","","",,,,,"",,,,"Address.text",0,1,"","ele-1:All FHIR elements must have a @value or children {hasValue() or (children().count() > id.count())}
","./formatted"
"CertDIVOC.evidence.facility.address.line","CertDIVOC.evidence.facility.address.line","","","",0,*,"","","Y","string {[]} {[]}
","Street name, number, direction & P.O. Box etc.","This component contains the house number, apartment number, street name, street direction,  P.O. Box number, delivery hints, and similar address information.","","","","","","","<valueString xmlns=""http://hl7.org/fhir"" value=""137 Nowhere Street""/>","","",,,,,"",,,,"Address.line",0,*,"","ele-1:All FHIR elements must have a @value or children {hasValue() or (children().count() > id.count())}
","AD.part[parttype = AL]"
"CertDIVOC.evidence.facility.address.city","CertDIVOC.evidence.facility.address.city","","Municpality
","",0,1,"","","Y","string {[]} {[]}
","Name of city, town etc.","Name of city, town etc.","","","","","","","<valueString xmlns=""http://hl7.org/fhir"" value=""Erewhon""/>","","",,,,,"",,,,"Address.city",0,1,"","ele-1:All FHIR elements must have a @value or children {hasValue() or (children().count() > id.count())}
","AD.part[parttype = CTY]"
"CertDIVOC.evidence.facility.address.district","CertDIVOC.evidence.facility.address.district","","County
","",0,1,"","","Y","string {[]} {[]}
","District name (aka county)","District name (aka county)","District is sometimes known as county, but in some regions 'county' is used in place of city (municipality), so county name should be conveyed in city instead.","","","","","","<valueString xmlns=""http://hl7.org/fhir"" value=""Madison""/>","","",,,,,"",,,,"Address.district",0,1,"","ele-1:All FHIR elements must have a @value or children {hasValue() or (children().count() > id.count())}
","AD.part[parttype = CNT | CPA]"
"CertDIVOC.evidence.facility.address.state","CertDIVOC.evidence.facility.address.state","","Province
Territory","",0,1,"","","Y","string {[]} {[]}
","Sub-unit of country (abbreviations ok)","Sub-unit of a country with limited sovereignty in a federally organized country. A code may be used if codes are in common use (e.g. US 2 letter state codes).","","","","","","","","","",,,,,"",,,,"Address.state",0,1,"","ele-1:All FHIR elements must have a @value or children {hasValue() or (children().count() > id.count())}
","AD.part[parttype = STA]"
"CertDIVOC.evidence.facility.address.postalCode","CertDIVOC.evidence.facility.address.postalCode","","Zip
","",0,1,"","","Y","string {[]} {[]}
","Postal code for area","Postal code for area","","","","","","","<valueString xmlns=""http://hl7.org/fhir"" value=""9132""/>","","",,,,,"",,,,"Address.postalCode",0,1,"","ele-1:All FHIR elements must have a @value or children {hasValue() or (children().count() > id.count())}
","AD.part[parttype = ZIP]"
"CertDIVOC.evidence.facility.address.country","CertDIVOC.evidence.facility.address.country","","","",0,1,"","","Y","string {[]} {[]}
","Country (e.g. can be ISO 3166 2 or 3 letter code)","Country - a nation as commonly understood or generally accepted.","ISO 3166 3 letter codes can be used in place of a human readable country name.","","","","","","","","",,,,,"",,,,"Address.country",0,1,"","ele-1:All FHIR elements must have a @value or children {hasValue() or (children().count() > id.count())}
","AD.part[parttype = CNT]"
"CertDIVOC.evidence.facility.address.period","CertDIVOC.evidence.facility.address.period","","","",0,1,"","","Y","Period {[]} {[]}
","Time period when address was/is in use","Time period when address was/is in use.","","Allows addresses to be placed in historical context.","","","","","<valuePeriod xmlns=""http://hl7.org/fhir"">
  <start value=""2010-03-23""/>
  <end value=""2010-07-01""/>
</valuePeriod>","","",,,,,"",,,,"Address.period",0,1,"","ele-1:All FHIR elements must have a @value or children {hasValue() or (children().count() > id.count())}
","./usablePeriod[type=""IVL<TS>""]"
"CertDIVOC.evidence.facility.address.streetAddress","CertDIVOC.evidence.facility.address.streetAddress","","","",0,1,"","","","string {[]} {[]}
","Line 1 of the address","Line 1 of the address","","","","","","","","","",,,,,"",,,,"CertDIVOC.evidence.facility.address.streetAddress",0,1,"",""
"CertDIVOC.evidence.facility.address.streetAddress2","CertDIVOC.evidence.facility.address.streetAddress2","","","",0,1,"","","","string {[]} {[]}
","Line 2 of the address","Line 2 of the address","","","","","","","","","",,,,,"",,,,"CertDIVOC.evidence.facility.address.streetAddress2",0,1,"",""
"CertDIVOC.evidence.facility.address.addressRegion","CertDIVOC.evidence.facility.address.addressRegion","","","",0,1,"","","","string {[]} {[]}
","Sub-unit of country (abbreviations ok)","Sub-unit of country (abbreviations ok)","","","","","","","","","",,,,,"",,,,"CertDIVOC.evidence.facility.address.addressRegion",0,1,"",""
"CertDIVOC.evidence.facility.address.addressCountry","CertDIVOC.evidence.facility.address.addressCountry","","","",0,1,"","","","string {[]} {[]}
","Country (e.g. may be ISO 3166 2 or 3 letter code)","Country (e.g. may be ISO 3166 2 or 3 letter code)","","","","","","","","","",,"preferred","","http://hl7.org/fhir/ValueSet/iso3166-1-3","",,,,"CertDIVOC.evidence.facility.address.addressCountry",0,1,"",""
"CertDIVOC.evidence.icd11Code","CertDIVOC.evidence.icd11Code","","","",0,1,"","","","string {[]} {[]}
","ICD-11 code of this vaccine type (no binding information in spec)","The specification for DIVOC does not provide any information beyond that this is an ICD-11 code, so correspondingly there is no required binding to a specific ValueSet in this logical model.","","","","","","","","","",,"preferred","","http://smart.who.int/ddcc/ValueSet/who-ddcc-vaccines-covid-19","",,,,"CertDIVOC.evidence.icd11Code",0,1,"",""
"CertDIVOC.evidence.prophylaxis","CertDIVOC.evidence.prophylaxis","","","",0,1,"","","","string {[]} {[]}
","Descriptive details of the vaccine type","Descriptive details of the vaccine type","","","","","","","","","",,,,,"",,,,"CertDIVOC.evidence.prophylaxis",0,1,"",""
"CertDIVOC.evidence.testName","CertDIVOC.evidence.testName","","","",0,1,"","","","string {[]} {[]}
","Lab test results: Test name","Lab test results: Test name","","","","","","","","","",,,,,"",,,,"CertDIVOC.evidence.testName",0,1,"",""
"CertDIVOC.evidence.testType","CertDIVOC.evidence.testType","","","",0,1,"","","","string {[]} {[]}
","Lab test results: Type of test, either `RT-PCR` or `Rapid Antigen Test (RAT)`","Lab test results: Type of test, either `RT-PCR` or `Rapid Antigen Test (RAT)`","","","","","","","","","",,"required","","http://smart.who.int/ddcc/ValueSet/lab-test-type-divoc","",,,,"CertDIVOC.evidence.testType",0,1,"",""
"CertDIVOC.evidence.sampleOrigin","CertDIVOC.evidence.sampleOrigin","","","",0,1,"","","","string {[]} {[]}
","Lab test results: Type of sample that was taken (e.g., `nasal swab`","Lab test results: Type of sample that was taken (e.g., `nasal swab`","","","","","","","","","",,"required","","http://smart.who.int/ddcc/ValueSet/lab-test-sample-origin-divoc","",,,,"CertDIVOC.evidence.sampleOrigin",0,1,"",""
"CertDIVOC.evidence.disease","CertDIVOC.evidence.disease","","","",0,1,"","","","string {[]} {[]}
","Lab test results: Disease or agent targeted","Lab test results: Disease or agent targeted","","","","","","","","","",,"required","","http://smart.who.int/ddcc/ValueSet/lab-test-pathogen-divoc","",,,,"CertDIVOC.evidence.disease",0,1,"",""
"CertDIVOC.evidence.sampleCollectionTimestamp","CertDIVOC.evidence.sampleCollectionTimestamp","","","",0,1,"","","","dateTime {[]} {[]}
","Lab test results: Sample collection date and time; complete date, with time and time zone, following ISO 8601","Lab test results: Sample collection date and time; complete date, with time and time zone, following ISO 8601","","","","","","","","","",,,,,"",,,,"CertDIVOC.evidence.sampleCollectionTimestamp",0,1,"",""
"CertDIVOC.evidence.resultTimestamp","CertDIVOC.evidence.resultTimestamp","","","",0,1,"","","","dateTime {[]} {[]}
","Lab test results: Results date and time; complete date, with time and time zone, following ISO 8601","Lab test results: Results date and time; complete date, with time and time zone, following ISO 8601","","","","","","","","","",,,,,"",,,,"CertDIVOC.evidence.resultTimestamp",0,1,"",""
"CertDIVOC.evidence.result","CertDIVOC.evidence.result","","","",0,1,"","","","string {[]} {[]}
","Lab test results: result of test","Lab test results: result of test","","","","","","","","","",,"required","","http://smart.who.int/ddcc/ValueSet/lab-test-qual-result-divoc","",,,,"CertDIVOC.evidence.result",0,1,"",""
"CertDIVOC.proof","CertDIVOC.proof","","","",1,*,"","","","BackboneElement {[]} {[]}
","Proof","One or more cryptographic proofs that can be used to detect tampering and verify the authorship of a credential or presentation","","","","","","","","","",,,,,"",,,,"CertDIVOC.proof",1,*,"","ele-1:All FHIR elements must have a @value or children {hasValue() or (children().count() > id.count())}
"
"CertDIVOC.proof.id","CertDIVOC.proof.id","","","",0,1,"","","","string {[]} {[]}
","Unique id for inter-element referencing","Unique id for the element within a resource (for internal references). This may be any string value that does not contain spaces.","","","","","","","","","",,,,,"",,,,"Element.id",0,1,"","","n/a"
"CertDIVOC.proof.extension","CertDIVOC.proof.extension","","extensions
user content","",0,*,"","","","Extension {[]} {[]}
","Additional content defined by implementations","May be used to represent additional information that is not part of the basic definition of the element. To make the use of extensions safe and manageable, there is a strict set of governance  applied to the definition and use of extensions. Though any implementer can define an extension, there is a set of requirements that SHALL be met as part of the definition of the extension.","There can be no stigma associated with the use of extensions by any application, project, or standard - regardless of the institution or jurisdiction that uses or defines the extensions.  The use of extensions is what allows the FHIR specification to retain a core level of simplicity for everyone.","","","","","","","","",,,,,"","value:url}
","Extensions are always sliced by (at least) url",,"open","Element.extension",0,*,"","ele-1:All FHIR elements must have a @value or children {hasValue() or (children().count() > id.count())}
ext-1:Must have either extensions or value[x], not both {extension.exists() != value.exists()}","n/a"
"CertDIVOC.proof.modifierExtension","CertDIVOC.proof.modifierExtension","","extensions
user contentmodifiers","",0,*,"","Y","Y","Extension {[]} {[]}
","Extensions that cannot be ignored even if unrecognized","May be used to represent additional information that is not part of the basic definition of the element and that modifies the understanding of the element in which it is contained and/or the understanding of the containing element's descendants. Usually modifier elements provide negation or qualification. To make the use of extensions safe and manageable, there is a strict set of governance applied to the definition and use of extensions. Though any implementer can define an extension, there is a set of requirements that SHALL be met as part of the definition of the extension. Applications processing a resource are required to check for modifier extensions.

Modifier extensions SHALL NOT change the meaning of any elements on Resource or DomainResource (including cannot change the meaning of modifierExtension itself).","There can be no stigma associated with the use of extensions by any application, project, or standard - regardless of the institution or jurisdiction that uses or defines the extensions.  The use of extensions is what allows the FHIR specification to retain a core level of simplicity for everyone.","Modifier extensions allow for extensions that *cannot* be safely ignored to be clearly distinguished from the vast majority of extensions which can be safely ignored.  This promotes interoperability by eliminating the need for implementers to prohibit the presence of extensions. For further information, see the [definition of modifier extensions](http://hl7.org/fhir/R4/extensibility.html#modifierExtension).","","","","","","","",,,,,"",,,,"BackboneElement.modifierExtension",0,*,"","ele-1:All FHIR elements must have a @value or children {hasValue() or (children().count() > id.count())}
ext-1:Must have either extensions or value[x], not both {extension.exists() != value.exists()}","N/A"
"CertDIVOC.proof.type","CertDIVOC.proof.type","","","",0,1,"","","","string {[]} {[]}
","Type of proof","Type of proof","","","","","","","","","",,,,,"",,,,"CertDIVOC.proof.type",0,1,"",""
"CertDIVOC.proof.created","CertDIVOC.proof.created","","","",0,1,"","","","dateTime {[]} {[]}
","Signature date and time","Signature date and time","","","","","","","","","",,,,,"",,,,"CertDIVOC.proof.created",0,1,"",""
"CertDIVOC.proof.verificationMethod","CertDIVOC.proof.verificationMethod","","","",1,1,"","","","string {[]} {[]}
","Resolvable issuer identifier","Resolvable issuer identifier","","","","","","","","","",,,,,"",,,,"CertDIVOC.proof.verificationMethod",1,1,"",""
"CertDIVOC.proof.proofPurpose","CertDIVOC.proof.proofPurpose","","","",0,1,"","","","string {[]} {[]}
","Purpose of the signature","Clearly expresses the purpose for the proof and ensures this information is protected by the signature","","","","","","","","","",,,,,"",,,,"CertDIVOC.proof.proofPurpose",0,1,"",""
"CertDIVOC.proof.jws","CertDIVOC.proof.jws","","","",1,1,"","","","string {[]} {[]}
","Signature","Signature","","","","","","","","","",,,,,"",,,,"CertDIVOC.proof.jws",1,1,"",""
